graph_index,group,generation_method,n_routes,generated_n_routes,min_route_len,max_route_len,weight_combo_index,demand_time_weight,route_time_weight,median_connectivity_weight,run_name,cost,ATT,RTT,unserved_demand,n_nodes,covered_nodes,route_length_min,route_length_mean,route_length_max
0,0,nx_shortest_path_heuristic,11,11,2,15,0,1.0,0.0,0.0,lc_nx_heuristic_graph_0000,2.8791143894195557,39.82413101196289,865.7449951171875,30.990367889404297,50,42,3,8.181818181818182,14
1,0,nx_shortest_path_heuristic,11,11,2,15,1,0.0,1.0,0.0,lc_nx_heuristic_graph_0001,2.481451988220215,33.80341720581055,858.6097412109375,14.614542007446289,50,46,4,8.636363636363637,15
2,0,nx_shortest_path_heuristic,11,11,2,15,2,0.0,0.0,1.0,lc_nx_heuristic_graph_0002,3.1226162910461426,40.325721740722656,752.1981811523438,50.14126968383789,50,36,2,6.7272727272727275,13
3,0,nx_shortest_path_heuristic,11,11,2,15,0,1.0,0.0,0.0,lc_nx_heuristic_graph_0003,4.332520961761475,34.68775939941406,815.3206787109375,52.68138122558594,50,35,4,8.0,13
4,0,nx_shortest_path_heuristic,11,11,2,15,1,0.0,1.0,0.0,lc_nx_heuristic_graph_0004,3.831109046936035,38.55706024169922,738.6348876953125,52.9815559387207,50,35,2,7.090909090909091,11
5,0,nx_shortest_path_heuristic,11,11,2,15,2,0.0,0.0,1.0,lc_nx_heuristic_graph_0005,1.1627496480941772,43.85102462768555,928.7960205078125,26.240148544311523,50,48,4,7.909090909090909,14
6,0,nx_shortest_path_heuristic,11,11,2,15,0,1.0,0.0,0.0,lc_nx_heuristic_graph_0006,3.1253573894500732,41.71267318725586,787.6668701171875,37.01486587524414,50,41,2,8.363636363636363,14
7,0,nx_shortest_path_heuristic,11,11,2,15,1,0.0,1.0,0.0,lc_nx_heuristic_graph_0007,2.8511428833007812,55.607234954833984,854.9501342773438,35.064788818359375,50,44,4,8.272727272727273,13
8,0,nx_shortest_path_heuristic,11,11,2,15,2,0.0,0.0,1.0,lc_nx_heuristic_graph_0008,2.299623966217041,51.99043655395508,858.0050659179688,34.20226287841797,50,42,2,6.7272727272727275,10
9,0,nx_shortest_path_heuristic,11,11,2,15,0,1.0,0.0,0.0,lc_nx_heuristic_graph_0009,3.936915636062622,45.65652847290039,756.7149658203125,49.8710823059082,50,37,3,7.545454545454546,13
10,0,nx_shortest_path_heuristic,11,11,2,15,1,0.0,1.0,0.0,lc_nx_heuristic_graph_0010,2.5963001251220703,37.23439025878906,690.6688232421875,19.943538665771484,50,45,2,6.636363636363637,15
11,0,nx_shortest_path_heuristic,11,11,2,15,2,0.0,0.0,1.0,lc_nx_heuristic_graph_0011,2.7171621322631836,44.0003662109375,692.6229248046875,43.373435974121094,50,42,2,5.636363636363637,13
12,0,nx_shortest_path_heuristic,11,11,2,15,0,1.0,0.0,0.0,lc_nx_heuristic_graph_0012,1.7435766458511353,35.0378303527832,676.2597045898438,16.03329849243164,50,48,2,7.2727272727272725,15
13,0,nx_shortest_path_heuristic,11,11,2,15,1,0.0,1.0,0.0,lc_nx_heuristic_graph_0013,3.803328514099121,40.87379455566406,772.1735229492188,44.1657829284668,50,38,2,6.545454545454546,13
14,0,nx_shortest_path_heuristic,11,11,2,15,2,0.0,0.0,1.0,lc_nx_heuristic_graph_0014,1.7115440368652344,53.95049285888672,683.8330078125,41.94011306762695,50,46,3,6.636363636363637,15
15,0,nx_shortest_path_heuristic,11,11,2,15,0,1.0,0.0,0.0,lc_nx_heuristic_graph_0015,3.0965442657470703,49.09173583984375,838.6592407226562,41.93135070800781,50,44,2,6.454545454545454,14
16,0,nx_shortest_path_heuristic,11,11,2,15,1,0.0,1.0,0.0,lc_nx_heuristic_graph_0016,3.2637503147125244,36.851280212402344,657.0534057617188,45.19731521606445,50,47,2,6.454545454545454,10
17,0,nx_shortest_path_heuristic,11,11,2,15,2,0.0,0.0,1.0,lc_nx_heuristic_graph_0017,1.2307413816452026,40.35594177246094,680.2780151367188,18.0711669921875,50,48,2,6.636363636363637,15
18,0,nx_shortest_path_heuristic,11,11,2,15,0,1.0,0.0,0.0,lc_nx_heuristic_graph_0018,5.568902015686035,32.239166259765625,582.8619995117188,69.72817993164062,50,34,2,5.545454545454546,10
19,0,nx_shortest_path_heuristic,11,11,2,15,1,0.0,1.0,0.0,lc_nx_heuristic_graph_0019,5.195078372955322,23.955259323120117,490.07275390625,83.87566375732422,50,38,3,4.909090909090909,7
20,0,nx_shortest_path_heuristic,11,11,2,15,2,0.0,0.0,1.0,lc_nx_heuristic_graph_0020,1.7212212085723877,44.15961837768555,814.7962646484375,25.46440887451172,50,45,3,6.454545454545454,12
21,0,nx_shortest_path_heuristic,11,11,2,15,0,1.0,0.0,0.0,lc_nx_heuristic_graph_0021,3.5460686683654785,34.84651184082031,768.924560546875,39.4991340637207,50,39,2,7.363636363636363,14
22,0,nx_shortest_path_heuristic,11,11,2,15,1,0.0,1.0,0.0,lc_nx_heuristic_graph_0022,4.37941837310791,31.506839752197266,580.012451171875,54.70442199707031,50,46,2,6.2727272727272725,12
23,0,nx_shortest_path_heuristic,11,11,2,15,2,0.0,0.0,1.0,lc_nx_heuristic_graph_0023,3.141875743865967,35.59784698486328,568.7521362304688,50.3339958190918,50,44,3,6.0,11
24,0,nx_shortest_path_heuristic,11,11,2,15,0,1.0,0.0,0.0,lc_nx_heuristic_graph_0024,2.8862948417663574,32.58854293823242,674.564453125,27.818578720092773,50,43,4,9.090909090909092,14
25,0,nx_shortest_path_heuristic,11,11,2,15,1,0.0,1.0,0.0,lc_nx_heuristic_graph_0025,4.111044883728027,40.45283508300781,781.0202026367188,55.48942565917969,50,39,2,6.090909090909091,11
26,0,nx_shortest_path_heuristic,11,11,2,15,2,0.0,0.0,1.0,lc_nx_heuristic_graph_0026,2.3515236377716064,22.257301330566406,510.8840637207031,34.1639289855957,50,41,5,8.181818181818182,11
27,0,nx_shortest_path_heuristic,11,11,2,15,0,1.0,0.0,0.0,lc_nx_heuristic_graph_0027,3.95375394821167,34.838905334472656,878.7598876953125,45.38572692871094,50,37,2,8.818181818181818,14
28,0,nx_shortest_path_heuristic,11,11,2,15,1,0.0,1.0,0.0,lc_nx_heuristic_graph_0028,4.242996692657471,21.196849822998047,483.7995910644531,54.719852447509766,50,34,2,7.454545454545454,11
29,0,nx_shortest_path_heuristic,11,11,2,15,2,0.0,0.0,1.0,lc_nx_heuristic_graph_0029,1.0267407894134521,39.93584060668945,747.2434692382812,7.650986194610596,50,49,4,7.363636363636363,15
30,0,nx_shortest_path_heuristic,11,11,2,15,0,1.0,0.0,0.0,lc_nx_heuristic_graph_0030,4.985133647918701,25.568737030029297,600.5143432617188,60.769874572753906,50,46,3,6.545454545454546,14
31,0,nx_shortest_path_heuristic,11,11,2,15,1,0.0,1.0,0.0,lc_nx_heuristic_graph_0031,2.934751272201538,45.129737854003906,874.5696411132812,31.97504234313965,50,43,5,7.636363636363637,11
32,0,nx_shortest_path_heuristic,11,11,2,15,2,0.0,0.0,1.0,lc_nx_heuristic_graph_0032,2.257248640060425,27.22228240966797,497.9186706542969,38.415225982666016,50,42,4,8.0,13
33,0,nx_shortest_path_heuristic,11,11,2,15,0,1.0,0.0,0.0,lc_nx_heuristic_graph_0033,1.570144772529602,40.75577163696289,621.621337890625,12.23959732055664,50,49,2,6.636363636363637,12
34,0,nx_shortest_path_heuristic,11,11,2,15,1,0.0,1.0,0.0,lc_nx_heuristic_graph_0034,3.8704984188079834,31.509122848510742,369.1924743652344,63.06279754638672,50,41,2,5.545454545454546,11
35,0,nx_shortest_path_heuristic,11,11,2,15,2,0.0,0.0,1.0,lc_nx_heuristic_graph_0035,3.7734529972076416,19.14510726928711,420.9197082519531,62.06913757324219,50,31,5,7.363636363636363,11
36,0,nx_shortest_path_heuristic,11,11,2,15,0,1.0,0.0,0.0,lc_nx_heuristic_graph_0036,4.130922794342041,35.80598068237305,429.3420715332031,51.15349197387695,50,41,3,6.454545454545454,10
37,0,nx_shortest_path_heuristic,11,11,2,15,1,0.0,1.0,0.0,lc_nx_heuristic_graph_0037,3.994663953781128,43.25814437866211,780.500244140625,54.04896545410156,50,34,2,7.7272727272727275,14
38,0,nx_shortest_path_heuristic,11,11,2,15,2,0.0,0.0,1.0,lc_nx_heuristic_graph_0038,2.9716007709503174,36.24531936645508,863.1627807617188,49.579437255859375,50,37,3,8.272727272727273,13
39,0,nx_shortest_path_heuristic,11,11,2,15,0,1.0,0.0,0.0,lc_nx_heuristic_graph_0039,4.691737174987793,36.21240234375,661.6972045898438,60.41020584106445,50,33,3,6.2727272727272725,10
40,0,nx_shortest_path_heuristic,11,11,2,15,1,0.0,1.0,0.0,lc_nx_heuristic_graph_0040,4.561395168304443,31.642995834350586,726.1303100585938,56.61244201660156,50,33,3,7.2727272727272725,13
41,0,nx_shortest_path_heuristic,11,11,2,15,2,0.0,0.0,1.0,lc_nx_heuristic_graph_0041,2.7262561321258545,44.53453826904297,722.5556030273438,44.977622985839844,50,39,3,5.545454545454546,11
42,0,nx_shortest_path_heuristic,11,11,2,15,0,1.0,0.0,0.0,lc_nx_heuristic_graph_0042,4.035463809967041,38.130104064941406,776.0386962890625,47.79465866088867,50,37,3,6.363636363636363,12
43,0,nx_shortest_path_heuristic,11,11,2,15,1,0.0,1.0,0.0,lc_nx_heuristic_graph_0043,3.046760082244873,36.74067687988281,892.3540649414062,19.01348304748535,50,45,5,8.909090909090908,15
44,0,nx_shortest_path_heuristic,11,11,2,15,2,0.0,0.0,1.0,lc_nx_heuristic_graph_0044,2.711806297302246,43.91694259643555,725.229248046875,43.60078430175781,50,39,2,5.909090909090909,14
45,0,nx_shortest_path_heuristic,11,11,2,15,0,1.0,0.0,0.0,lc_nx_heuristic_graph_0045,4.128107070922852,54.51765060424805,779.091552734375,54.819976806640625,50,37,2,5.7272727272727275,14
46,0,nx_shortest_path_heuristic,11,11,2,15,1,0.0,1.0,0.0,lc_nx_heuristic_graph_0046,3.884227991104126,50.8078498840332,727.2202758789062,55.508941650390625,50,44,2,5.545454545454546,13
47,0,nx_shortest_path_heuristic,11,11,2,15,2,0.0,0.0,1.0,lc_nx_heuristic_graph_0047,1.926041603088379,43.86664581298828,696.7023315429688,24.94660758972168,50,44,2,7.2727272727272725,15
48,0,nx_shortest_path_heuristic,11,11,2,15,0,1.0,0.0,0.0,lc_nx_heuristic_graph_0048,3.8101391792297363,29.101341247558594,670.8316650390625,44.15564727783203,50,40,2,7.545454545454546,12
49,0,nx_shortest_path_heuristic,11,11,2,15,1,0.0,1.0,0.0,lc_nx_heuristic_graph_0049,3.3019542694091797,40.08073806762695,765.4737548828125,41.63547897338867,50,39,3,7.2727272727272725,11
50,0,nx_shortest_path_heuristic,11,11,2,15,2,0.0,0.0,1.0,lc_nx_heuristic_graph_0050,1.6569310426712036,30.454364776611328,700.0896606445312,26.552230834960938,50,45,2,7.7272727272727275,13
51,0,nx_shortest_path_heuristic,11,11,2,15,0,1.0,0.0,0.0,lc_nx_heuristic_graph_0051,5.790769577026367,25.7801456451416,343.5860900878906,75.65995788574219,50,37,2,5.0,8
52,0,nx_shortest_path_heuristic,11,11,2,15,1,0.0,1.0,0.0,lc_nx_heuristic_graph_0052,3.0649986267089844,43.194339752197266,596.2760620117188,49.57923126220703,50,45,3,6.545454545454546,10
53,0,nx_shortest_path_heuristic,11,11,2,15,2,0.0,0.0,1.0,lc_nx_heuristic_graph_0053,2.681330680847168,47.42348861694336,821.0266723632812,43.9017448425293,50,39,4,7.545454545454546,12
54,0,nx_shortest_path_heuristic,11,11,2,15,0,1.0,0.0,0.0,lc_nx_heuristic_graph_0054,4.621851444244385,39.51467514038086,818.7130737304688,56.293785095214844,50,35,2,7.2727272727272725,12
55,0,nx_shortest_path_heuristic,11,11,2,15,1,0.0,1.0,0.0,lc_nx_heuristic_graph_0055,4.8749799728393555,20.327184677124023,354.2942199707031,72.22179412841797,50,36,3,5.363636363636363,10
56,0,nx_shortest_path_heuristic,11,11,2,15,2,0.0,0.0,1.0,lc_nx_heuristic_graph_0056,2.875494956970215,38.52457809448242,768.7232666015625,46.54218292236328,50,38,3,7.363636363636363,11
57,0,nx_shortest_path_heuristic,11,11,2,15,0,1.0,0.0,0.0,lc_nx_heuristic_graph_0057,3.957021713256836,40.94355773925781,979.8424072265625,46.533973693847656,50,37,6,9.181818181818182,15
58,0,nx_shortest_path_heuristic,11,11,2,15,1,0.0,1.0,0.0,lc_nx_heuristic_graph_0058,2.274970531463623,34.54926300048828,802.877197265625,11.78016471862793,50,47,2,8.0,13
59,0,nx_shortest_path_heuristic,11,11,2,15,2,0.0,0.0,1.0,lc_nx_heuristic_graph_0059,2.5769095420837402,37.867652893066406,706.023193359375,38.47813034057617,50,44,3,8.909090909090908,15
60,0,nx_shortest_path_heuristic,11,11,2,15,0,1.0,0.0,0.0,lc_nx_heuristic_graph_0060,3.933234214782715,41.290157318115234,811.2935180664062,46.570526123046875,50,40,3,7.909090909090909,15
61,0,nx_shortest_path_heuristic,11,11,2,15,1,0.0,1.0,0.0,lc_nx_heuristic_graph_0061,3.906118154525757,38.24292755126953,845.2128295898438,50.451324462890625,50,35,5,8.090909090909092,12
62,0,nx_shortest_path_heuristic,11,11,2,15,2,0.0,0.0,1.0,lc_nx_heuristic_graph_0062,0.2824530601501465,40.19355010986328,753.8596801757812,6.135018348693848,50,50,2,7.909090909090909,13
63,0,nx_shortest_path_heuristic,11,11,2,15,0,1.0,0.0,0.0,lc_nx_heuristic_graph_0063,3.405482053756714,42.57612609863281,778.5655517578125,41.85655975341797,50,40,3,7.454545454545454,12
64,0,nx_shortest_path_heuristic,11,11,2,15,1,0.0,1.0,0.0,lc_nx_heuristic_graph_0064,3.442098379135132,26.376001358032227,367.7101745605469,47.35810089111328,50,38,3,7.0,11
65,0,nx_shortest_path_heuristic,11,11,2,15,2,0.0,0.0,1.0,lc_nx_heuristic_graph_0065,1.5293188095092773,44.21974563598633,831.5568237304688,27.449756622314453,50,46,3,6.818181818181818,12
66,0,nx_shortest_path_heuristic,11,11,2,15,0,1.0,0.0,0.0,lc_nx_heuristic_graph_0066,2.528103828430176,32.73648452758789,705.6954956054688,25.85602378845215,50,44,2,7.454545454545454,14
67,0,nx_shortest_path_heuristic,11,11,2,15,1,0.0,1.0,0.0,lc_nx_heuristic_graph_0067,2.844712257385254,66.79524230957031,767.8928833007812,58.30121612548828,50,43,3,6.454545454545454,12
68,0,nx_shortest_path_heuristic,11,11,2,15,2,0.0,0.0,1.0,lc_nx_heuristic_graph_0068,3.0317986011505127,31.376415252685547,652.8690185546875,47.208396911621094,50,37,4,7.2727272727272725,14
69,0,nx_shortest_path_heuristic,11,11,2,15,0,1.0,0.0,0.0,lc_nx_heuristic_graph_0069,3.9649527072906494,37.462886810302734,606.5970458984375,49.43852996826172,50,38,2,6.636363636363637,14
70,0,nx_shortest_path_heuristic,11,11,2,15,1,0.0,1.0,0.0,lc_nx_heuristic_graph_0070,2.1172432899475098,39.21540451049805,620.4024658203125,30.23790168762207,50,48,3,6.636363636363637,12
71,0,nx_shortest_path_heuristic,11,11,2,15,2,0.0,0.0,1.0,lc_nx_heuristic_graph_0071,1.1192952394485474,38.89204406738281,963.6038818359375,8.104399681091309,50,48,4,9.363636363636363,15
72,0,nx_shortest_path_heuristic,11,11,2,15,0,1.0,0.0,0.0,lc_nx_heuristic_graph_0072,4.596611976623535,25.406274795532227,540.579345703125,57.99264144897461,50,34,3,7.363636363636363,12
73,0,nx_shortest_path_heuristic,11,11,2,15,1,0.0,1.0,0.0,lc_nx_heuristic_graph_0073,3.9234156608581543,39.56083297729492,785.0286865234375,51.844364166259766,50,35,4,7.818181818181818,12
74,0,nx_shortest_path_heuristic,11,11,2,15,2,0.0,0.0,1.0,lc_nx_heuristic_graph_0074,3.3604090213775635,38.690040588378906,757.7967529296875,55.52761459350586,50,40,2,6.090909090909091,13
75,0,nx_shortest_path_heuristic,11,11,2,15,0,1.0,0.0,0.0,lc_nx_heuristic_graph_0075,4.2141923904418945,28.035484313964844,426.20458984375,52.32785415649414,50,36,2,5.818181818181818,10
76,0,nx_shortest_path_heuristic,11,11,2,15,1,0.0,1.0,0.0,lc_nx_heuristic_graph_0076,2.14607834815979,41.1725959777832,871.4959716796875,16.19445037841797,50,48,4,7.181818181818182,10
77,0,nx_shortest_path_heuristic,11,11,2,15,2,0.0,0.0,1.0,lc_nx_heuristic_graph_0077,1.897085428237915,37.955909729003906,890.0504760742188,29.161218643188477,50,44,2,7.7272727272727275,12
78,0,nx_shortest_path_heuristic,11,11,2,15,0,1.0,0.0,0.0,lc_nx_heuristic_graph_0078,4.802707672119141,29.904293060302734,536.2789306640625,61.72337341308594,50,33,4,6.636363636363637,9
79,0,nx_shortest_path_heuristic,11,11,2,15,1,0.0,1.0,0.0,lc_nx_heuristic_graph_0079,4.170004844665527,37.453060150146484,812.7320556640625,54.94098663330078,50,34,4,7.7272727272727275,10
80,0,nx_shortest_path_heuristic,11,11,2,15,2,0.0,0.0,1.0,lc_nx_heuristic_graph_0080,3.492074728012085,36.99317932128906,620.5947265625,58.7195930480957,50,33,2,6.363636363636363,13
81,0,nx_shortest_path_heuristic,11,11,2,15,0,1.0,0.0,0.0,lc_nx_heuristic_graph_0081,4.494793891906738,34.50444412231445,810.6492309570312,54.16396713256836,50,34,3,7.636363636363637,11
82,0,nx_shortest_path_heuristic,11,11,2,15,1,0.0,1.0,0.0,lc_nx_heuristic_graph_0082,3.593468189239502,33.3254508972168,702.2816162109375,42.4981575012207,50,39,4,6.909090909090909,10
83,0,nx_shortest_path_heuristic,11,11,2,15,2,0.0,0.0,1.0,lc_nx_heuristic_graph_0083,3.362379312515259,23.581424713134766,602.685791015625,55.30134963989258,50,38,4,7.545454545454546,10
84,0,nx_shortest_path_heuristic,11,11,2,15,0,1.0,0.0,0.0,lc_nx_heuristic_graph_0084,2.903395414352417,55.48182678222656,851.7625122070312,32.57478332519531,50,43,2,6.454545454545454,15
85,0,nx_shortest_path_heuristic,11,11,2,15,1,0.0,1.0,0.0,lc_nx_heuristic_graph_0085,2.0298352241516113,36.8621940612793,771.6148681640625,9.69359302520752,50,49,2,7.363636363636363,13
86,0,nx_shortest_path_heuristic,11,11,2,15,2,0.0,0.0,1.0,lc_nx_heuristic_graph_0086,2.9894206523895264,40.34159469604492,635.9761962890625,47.412498474121094,50,37,2,6.363636363636363,14
87,0,nx_shortest_path_heuristic,11,11,2,15,0,1.0,0.0,0.0,lc_nx_heuristic_graph_0087,3.7702369689941406,38.32661056518555,823.4122924804688,44.59107971191406,50,38,3,8.272727272727273,13
88,0,nx_shortest_path_heuristic,11,11,2,15,1,0.0,1.0,0.0,lc_nx_heuristic_graph_0088,3.410841703414917,33.08629608154297,694.6588134765625,41.08872604370117,50,48,2,7.454545454545454,13
89,0,nx_shortest_path_heuristic,11,11,2,15,2,0.0,0.0,1.0,lc_nx_heuristic_graph_0089,3.3900885581970215,31.15410804748535,807.8068237304688,54.31521987915039,50,34,2,8.090909090909092,15
90,0,nx_shortest_path_heuristic,11,11,2,15,0,1.0,0.0,0.0,lc_nx_heuristic_graph_0090,3.1709609031677246,38.863887786865234,835.6871337890625,32.08924865722656,50,41,3,8.909090909090908,13
91,0,nx_shortest_path_heuristic,11,11,2,15,1,0.0,1.0,0.0,lc_nx_heuristic_graph_0091,1.088205337524414,42.61136245727539,740.7479248046875,8.1115140914917,50,50,3,7.818181818181818,15
92,0,nx_shortest_path_heuristic,11,11,2,15,2,0.0,0.0,1.0,lc_nx_heuristic_graph_0092,3.188528299331665,26.066736221313477,457.4513244628906,49.503021240234375,50,36,3,7.090909090909091,11
93,0,nx_shortest_path_heuristic,11,11,2,15,0,1.0,0.0,0.0,lc_nx_heuristic_graph_0093,2.7760679721832275,25.568933486938477,578.7733154296875,26.262304306030273,50,43,4,8.090909090909092,12
94,0,nx_shortest_path_heuristic,11,11,2,15,1,0.0,1.0,0.0,lc_nx_heuristic_graph_0094,2.448359251022339,44.9879150390625,1142.987060546875,19.42409324645996,50,45,4,10.090909090909092,15
95,0,nx_shortest_path_heuristic,11,11,2,15,2,0.0,0.0,1.0,lc_nx_heuristic_graph_0095,3.276747941970825,41.96223068237305,666.782470703125,59.390377044677734,50,40,3,5.7272727272727275,10
96,0,nx_shortest_path_heuristic,11,11,2,15,0,1.0,0.0,0.0,lc_nx_heuristic_graph_0096,3.6440558433532715,40.33280944824219,716.1170043945312,44.54170608520508,50,39,3,6.090909090909091,9
97,0,nx_shortest_path_heuristic,11,11,2,15,1,0.0,1.0,0.0,lc_nx_heuristic_graph_0097,4.015559196472168,35.98454284667969,859.6306762695312,51.310585021972656,50,35,4,8.545454545454545,13
98,0,nx_shortest_path_heuristic,11,11,2,15,2,0.0,0.0,1.0,lc_nx_heuristic_graph_0098,2.3708693981170654,32.69398880004883,747.2323608398438,32.55246353149414,50,41,4,8.090909090909092,14
99,0,nx_shortest_path_heuristic,11,11,2,15,0,1.0,0.0,0.0,lc_nx_heuristic_graph_0099,5.2083353996276855,35.30525207519531,494.00799560546875,67.09443664550781,50,33,2,5.090909090909091,9
100,0,nx_shortest_path_heuristic,11,11,2,15,1,0.0,1.0,0.0,lc_nx_heuristic_graph_0100,1.4316835403442383,37.244991302490234,752.311767578125,7.849608421325684,50,50,2,7.545454545454546,11
101,0,nx_shortest_path_heuristic,11,11,2,15,2,0.0,0.0,1.0,lc_nx_heuristic_graph_0101,3.849353313446045,38.26528549194336,725.4569091796875,64.71299743652344,50,34,2,7.090909090909091,11
102,0,nx_shortest_path_heuristic,11,11,2,15,0,1.0,0.0,0.0,lc_nx_heuristic_graph_0102,2.960339307785034,51.30851364135742,869.331298828125,31.511873245239258,50,42,2,8.454545454545455,13
103,0,nx_shortest_path_heuristic,11,11,2,15,1,0.0,1.0,0.0,lc_nx_heuristic_graph_0103,3.955286979675293,27.27727699279785,422.12713623046875,52.90757369995117,50,39,2,5.909090909090909,9
104,0,nx_shortest_path_heuristic,11,11,2,15,2,0.0,0.0,1.0,lc_nx_heuristic_graph_0104,2.2765583992004395,43.97930145263672,740.5963745117188,43.400726318359375,50,42,2,6.454545454545454,14
105,0,nx_shortest_path_heuristic,11,11,2,15,0,1.0,0.0,0.0,lc_nx_heuristic_graph_0105,3.758974075317383,36.216121673583984,824.0488891601562,46.0430908203125,50,38,4,8.0,11
106,0,nx_shortest_path_heuristic,11,11,2,15,1,0.0,1.0,0.0,lc_nx_heuristic_graph_0106,3.3097712993621826,52.23420715332031,946.910888671875,29.255311965942383,50,42,2,6.909090909090909,15
107,0,nx_shortest_path_heuristic,11,11,2,15,2,0.0,0.0,1.0,lc_nx_heuristic_graph_0107,1.633989930152893,38.997501373291016,808.4261474609375,19.37504005432129,50,47,2,8.272727272727273,15
108,0,nx_shortest_path_heuristic,11,11,2,15,0,1.0,0.0,0.0,lc_nx_heuristic_graph_0108,4.056962013244629,25.549976348876953,462.83538818359375,48.97990036010742,50,37,2,6.545454545454546,11
109,0,nx_shortest_path_heuristic,11,11,2,15,1,0.0,1.0,0.0,lc_nx_heuristic_graph_0109,3.120260238647461,41.58432388305664,935.3174438476562,38.94831466674805,50,40,4,8.181818181818182,13
110,0,nx_shortest_path_heuristic,11,11,2,15,2,0.0,0.0,1.0,lc_nx_heuristic_graph_0110,1.3160268068313599,45.45932388305664,746.8427734375,32.17008590698242,50,47,2,7.545454545454546,15
111,0,nx_shortest_path_heuristic,11,11,2,15,0,1.0,0.0,0.0,lc_nx_heuristic_graph_0111,4.484364032745361,38.63011169433594,888.517578125,55.38203811645508,50,36,2,8.363636363636363,15
112,0,nx_shortest_path_heuristic,11,11,2,15,1,0.0,1.0,0.0,lc_nx_heuristic_graph_0112,1.601081371307373,35.864341735839844,824.7987670898438,8.522270202636719,50,50,6,8.727272727272727,13
113,0,nx_shortest_path_heuristic,11,11,2,15,2,0.0,0.0,1.0,lc_nx_heuristic_graph_0113,0.9863535761833191,38.24179458618164,764.4744262695312,5.342268943786621,50,49,3,7.545454545454546,15
114,0,nx_shortest_path_heuristic,11,11,2,15,0,1.0,0.0,0.0,lc_nx_heuristic_graph_0114,5.055222988128662,52.2818489074707,577.8374633789062,67.16278839111328,50,37,3,5.090909090909091,9
115,0,nx_shortest_path_heuristic,11,11,2,15,1,0.0,1.0,0.0,lc_nx_heuristic_graph_0115,3.1843972206115723,41.947566986083984,1101.4158935546875,37.57466506958008,50,41,6,9.727272727272727,14
116,0,nx_shortest_path_heuristic,11,11,2,15,2,0.0,0.0,1.0,lc_nx_heuristic_graph_0116,1.5623027086257935,43.90353012084961,703.4656982421875,40.34065246582031,50,46,5,7.0,11
117,0,nx_shortest_path_heuristic,11,11,2,15,0,1.0,0.0,0.0,lc_nx_heuristic_graph_0117,4.954775333404541,35.426570892333984,686.8308715820312,60.737281799316406,50,34,3,6.454545454545454,14
118,0,nx_shortest_path_heuristic,11,11,2,15,1,0.0,1.0,0.0,lc_nx_heuristic_graph_0118,3.859253406524658,36.18804931640625,806.118408203125,53.3912353515625,50,35,5,7.636363636363637,14
119,0,nx_shortest_path_heuristic,11,11,2,15,2,0.0,0.0,1.0,lc_nx_heuristic_graph_0119,1.864654302597046,42.73965835571289,945.1670532226562,24.044052124023438,50,48,4,7.7272727272727275,12
120,0,nx_shortest_path_heuristic,11,11,2,15,0,1.0,0.0,0.0,lc_nx_heuristic_graph_0120,5.164258003234863,39.5379524230957,976.696533203125,65.0464859008789,50,30,2,8.636363636363637,15
121,0,nx_shortest_path_heuristic,11,11,2,15,1,0.0,1.0,0.0,lc_nx_heuristic_graph_0121,3.057138204574585,41.053524017333984,604.7390747070312,46.0439338684082,50,44,2,6.454545454545454,15
122,0,nx_shortest_path_heuristic,11,11,2,15,2,0.0,0.0,1.0,lc_nx_heuristic_graph_0122,2.802943229675293,38.03423309326172,900.6260375976562,42.11064529418945,50,38,3,9.090909090909092,15
123,0,nx_shortest_path_heuristic,11,11,2,15,0,1.0,0.0,0.0,lc_nx_heuristic_graph_0123,3.229511260986328,37.481285095214844,823.8766479492188,34.446067810058594,50,41,2,6.545454545454546,12
124,0,nx_shortest_path_heuristic,11,11,2,15,1,0.0,1.0,0.0,lc_nx_heuristic_graph_0124,3.283588409423828,50.48842239379883,778.5320434570312,37.583221435546875,50,43,2,6.363636363636363,12
125,0,nx_shortest_path_heuristic,11,11,2,15,2,0.0,0.0,1.0,lc_nx_heuristic_graph_0125,3.540120840072632,33.102394104003906,1040.5372314453125,55.94260025024414,50,33,6,9.454545454545455,13
126,0,nx_shortest_path_heuristic,11,11,2,15,0,1.0,0.0,0.0,lc_nx_heuristic_graph_0126,5.310491561889648,37.41773986816406,573.5637817382812,68.95484161376953,50,32,2,5.818181818181818,10
127,0,nx_shortest_path_heuristic,11,11,2,15,1,0.0,1.0,0.0,lc_nx_heuristic_graph_0127,3.5237560272216797,28.07876205444336,618.1751098632812,32.372989654541016,50,41,4,8.545454545454545,15
128,0,nx_shortest_path_heuristic,11,11,2,15,2,0.0,0.0,1.0,lc_nx_heuristic_graph_0128,1.706390380859375,34.607662200927734,645.3609619140625,32.803985595703125,50,48,3,6.818181818181818,12
129,0,nx_shortest_path_heuristic,11,11,2,15,0,1.0,0.0,0.0,lc_nx_heuristic_graph_0129,4.233633041381836,24.984771728515625,388.5997314453125,53.144351959228516,50,36,4,6.0,8
130,0,nx_shortest_path_heuristic,11,11,2,15,1,0.0,1.0,0.0,lc_nx_heuristic_graph_0130,4.0304341316223145,37.564414978027344,770.1736450195312,55.99607849121094,50,34,2,7.181818181818182,15
131,0,nx_shortest_path_heuristic,11,11,2,15,2,0.0,0.0,1.0,lc_nx_heuristic_graph_0131,3.612856149673462,44.77472686767578,780.1467895507812,58.675270080566406,50,33,2,7.0,11
132,0,nx_shortest_path_heuristic,11,11,2,15,0,1.0,0.0,0.0,lc_nx_heuristic_graph_0132,3.1484086513519287,34.844974517822266,849.4169311523438,33.68510437011719,50,41,4,8.636363636363637,14
133,0,nx_shortest_path_heuristic,11,11,2,15,1,0.0,1.0,0.0,lc_nx_heuristic_graph_0133,3.830209732055664,26.14774513244629,496.2450866699219,46.77927017211914,50,37,2,7.0,12
134,0,nx_shortest_path_heuristic,11,11,2,15,2,0.0,0.0,1.0,lc_nx_heuristic_graph_0134,3.163224935531616,31.866708755493164,716.0806274414062,50.06894302368164,50,36,4,7.363636363636363,14
135,0,nx_shortest_path_heuristic,11,11,2,15,0,1.0,0.0,0.0,lc_nx_heuristic_graph_0135,1.9966448545455933,41.21636962890625,705.9149169921875,18.521554946899414,50,46,2,8.181818181818182,15
136,0,nx_shortest_path_heuristic,11,11,2,15,1,0.0,1.0,0.0,lc_nx_heuristic_graph_0136,3.23126482963562,27.43178939819336,438.56689453125,37.42499923706055,50,40,3,7.454545454545454,11
137,0,nx_shortest_path_heuristic,11,11,2,15,2,0.0,0.0,1.0,lc_nx_heuristic_graph_0137,3.8379061222076416,27.288013458251953,383.1584167480469,67.59492492675781,50,31,3,5.636363636363637,8
138,0,nx_shortest_path_heuristic,11,11,2,15,0,1.0,0.0,0.0,lc_nx_heuristic_graph_0138,3.434091806411743,39.6066780090332,768.7681274414062,35.85612487792969,50,43,3,6.363636363636363,11
139,0,nx_shortest_path_heuristic,11,11,2,15,1,0.0,1.0,0.0,lc_nx_heuristic_graph_0139,2.5262510776519775,43.3056526184082,848.1768188476562,25.598346710205078,50,44,2,8.090909090909092,15
140,0,nx_shortest_path_heuristic,11,11,2,15,2,0.0,0.0,1.0,lc_nx_heuristic_graph_0140,2.6952531337738037,21.51133155822754,502.4654541015625,38.94792175292969,50,39,3,7.909090909090909,11
141,0,nx_shortest_path_heuristic,11,11,2,15,0,1.0,0.0,0.0,lc_nx_heuristic_graph_0141,1.85968017578125,40.65690231323242,528.1240234375,16.388452529907227,50,48,2,6.0,12
142,0,nx_shortest_path_heuristic,11,11,2,15,1,0.0,1.0,0.0,lc_nx_heuristic_graph_0142,3.352449417114258,43.16254806518555,790.052978515625,44.62940979003906,50,41,3,7.2727272727272725,14
143,0,nx_shortest_path_heuristic,11,11,2,15,2,0.0,0.0,1.0,lc_nx_heuristic_graph_0143,1.166818380355835,32.12222671508789,813.6271362304688,8.510522842407227,50,48,4,8.545454545454545,13
144,0,nx_shortest_path_heuristic,11,11,2,15,0,1.0,0.0,0.0,lc_nx_heuristic_graph_0144,4.538485527038574,24.782602310180664,604.2732543945312,54.83019256591797,50,34,4,7.818181818181818,14
145,0,nx_shortest_path_heuristic,11,11,2,15,1,0.0,1.0,0.0,lc_nx_heuristic_graph_0145,3.099390745162964,39.90963363647461,874.2900390625,37.02101135253906,50,43,2,9.454545454545455,15
146,0,nx_shortest_path_heuristic,11,11,2,15,2,0.0,0.0,1.0,lc_nx_heuristic_graph_0146,1.5087909698486328,44.52561569213867,959.9297485351562,15.339322090148926,50,46,4,9.272727272727273,14
147,0,nx_shortest_path_heuristic,11,11,2,15,0,1.0,0.0,0.0,lc_nx_heuristic_graph_0147,4.016711235046387,43.08231735229492,774.7569580078125,51.17073059082031,50,41,4,5.909090909090909,11
148,0,nx_shortest_path_heuristic,11,11,2,15,1,0.0,1.0,0.0,lc_nx_heuristic_graph_0148,3.2544901371002197,39.48935317993164,901.4400024414062,37.45440673828125,50,40,3,9.363636363636363,15
149,0,nx_shortest_path_heuristic,11,11,2,15,2,0.0,0.0,1.0,lc_nx_heuristic_graph_0149,1.8590435981750488,39.61397171020508,1031.912109375,26.318260192871094,50,44,4,9.0,12
150,0,nx_shortest_path_heuristic,11,11,2,15,0,1.0,0.0,0.0,lc_nx_heuristic_graph_0150,4.525599002838135,46.2491340637207,848.1358642578125,62.53465270996094,50,34,5,7.818181818181818,12
151,0,nx_shortest_path_heuristic,11,11,2,15,1,0.0,1.0,0.0,lc_nx_heuristic_graph_0151,4.0489888191223145,39.84156799316406,765.7510375976562,55.412017822265625,50,34,3,7.181818181818182,14
152,0,nx_shortest_path_heuristic,11,11,2,15,2,0.0,0.0,1.0,lc_nx_heuristic_graph_0152,3.0192391872406006,33.741268157958984,628.2775268554688,48.238441467285156,50,39,2,6.454545454545454,12
153,0,nx_shortest_path_heuristic,11,11,2,15,0,1.0,0.0,0.0,lc_nx_heuristic_graph_0153,4.901779651641846,28.089794158935547,635.031005859375,60.0426025390625,50,37,2,7.636363636363637,15
154,0,nx_shortest_path_heuristic,11,11,2,15,1,0.0,1.0,0.0,lc_nx_heuristic_graph_0154,4.05935525894165,32.87945556640625,906.2760620117188,48.030433654785156,50,36,5,8.909090909090908,13
155,0,nx_shortest_path_heuristic,11,11,2,15,2,0.0,0.0,1.0,lc_nx_heuristic_graph_0155,3.876892566680908,31.647127151489258,744.5266723632812,64.5076904296875,50,32,2,7.454545454545454,12
156,0,nx_shortest_path_heuristic,11,11,2,15,0,1.0,0.0,0.0,lc_nx_heuristic_graph_0156,3.101654529571533,37.20577621459961,949.2879028320312,34.27163314819336,50,41,3,9.090909090909092,14
157,0,nx_shortest_path_heuristic,11,11,2,15,1,0.0,1.0,0.0,lc_nx_heuristic_graph_0157,3.7720890045166016,37.655582427978516,654.7058715820312,53.58074188232422,50,35,2,6.2727272727272725,9
158,0,nx_shortest_path_heuristic,11,11,2,15,2,0.0,0.0,1.0,lc_nx_heuristic_graph_0158,2.035972833633423,35.96728515625,726.3700561523438,25.53250503540039,50,43,2,7.454545454545454,15
159,0,nx_shortest_path_heuristic,11,11,2,15,0,1.0,0.0,0.0,lc_nx_heuristic_graph_0159,4.628265857696533,43.659873962402344,1037.10693359375,56.10226821899414,50,33,5,9.363636363636363,13
160,0,nx_shortest_path_heuristic,11,11,2,15,1,0.0,1.0,0.0,lc_nx_heuristic_graph_0160,3.3809351921081543,26.171091079711914,435.1361999511719,42.719200134277344,50,39,4,6.909090909090909,9
161,0,nx_shortest_path_heuristic,11,11,2,15,2,0.0,0.0,1.0,lc_nx_heuristic_graph_0161,3.787374496459961,30.608802795410156,759.8757934570312,62.28682327270508,50,38,4,7.545454545454546,12
162,0,nx_shortest_path_heuristic,11,11,2,15,0,1.0,0.0,0.0,lc_nx_heuristic_graph_0162,3.177700996398926,23.87116813659668,472.65081787109375,36.83481979370117,50,44,3,7.0,11
163,0,nx_shortest_path_heuristic,11,11,2,15,1,0.0,1.0,0.0,lc_nx_heuristic_graph_0163,2.6409223079681396,34.60102462768555,991.198974609375,22.834644317626953,50,45,5,10.0,15
164,0,nx_shortest_path_heuristic,11,11,2,15,2,0.0,0.0,1.0,lc_nx_heuristic_graph_0164,3.8063671588897705,23.824440002441406,490.9698486328125,63.02406692504883,50,31,3,7.818181818181818,12
165,0,nx_shortest_path_heuristic,11,11,2,15,0,1.0,0.0,0.0,lc_nx_heuristic_graph_0165,2.417145013809204,40.03700637817383,516.2070922851562,34.06111145019531,50,47,2,6.0,10
166,0,nx_shortest_path_heuristic,11,11,2,15,1,0.0,1.0,0.0,lc_nx_heuristic_graph_0166,1.2487130165100098,39.503658294677734,686.2476806640625,16.315645217895508,50,50,2,7.0,13
167,0,nx_shortest_path_heuristic,11,11,2,15,2,0.0,0.0,1.0,lc_nx_heuristic_graph_0167,3.0986835956573486,35.0413932800293,916.4414672851562,47.68867492675781,50,36,4,8.272727272727273,13
168,0,nx_shortest_path_heuristic,11,11,2,15,0,1.0,0.0,0.0,lc_nx_heuristic_graph_0168,3.3688182830810547,53.91608810424805,883.8101196289062,49.859519958496094,50,41,3,6.363636363636363,10
169,0,nx_shortest_path_heuristic,11,11,2,15,1,0.0,1.0,0.0,lc_nx_heuristic_graph_0169,1.025304913520813,34.4713020324707,780.4581909179688,11.633825302124023,50,50,3,8.363636363636363,13
170,0,nx_shortest_path_heuristic,11,11,2,15,2,0.0,0.0,1.0,lc_nx_heuristic_graph_0170,3.468690872192383,32.923805236816406,929.7529296875,55.11892318725586,50,39,4,7.818181818181818,13
171,0,nx_shortest_path_heuristic,11,11,2,15,0,1.0,0.0,0.0,lc_nx_heuristic_graph_0171,2.9184608459472656,44.71036911010742,812.552978515625,33.29904556274414,50,42,3,7.363636363636363,12
172,0,nx_shortest_path_heuristic,11,11,2,15,1,0.0,1.0,0.0,lc_nx_heuristic_graph_0172,3.3882548809051514,27.464616775512695,449.6556396484375,48.02741622924805,50,39,3,6.545454545454546,9
173,0,nx_shortest_path_heuristic,11,11,2,15,2,0.0,0.0,1.0,lc_nx_heuristic_graph_0173,2.8082921504974365,39.24150085449219,1052.4786376953125,43.96807861328125,50,38,4,9.545454545454545,15
174,0,nx_shortest_path_heuristic,11,11,2,15,0,1.0,0.0,0.0,lc_nx_heuristic_graph_0174,3.110036849975586,37.50439453125,709.923095703125,31.57406997680664,50,41,2,7.636363636363637,14
175,0,nx_shortest_path_heuristic,11,11,2,15,1,0.0,1.0,0.0,lc_nx_heuristic_graph_0175,2.263058662414551,42.78822326660156,709.9242553710938,32.021636962890625,50,45,3,7.545454545454546,14
176,0,nx_shortest_path_heuristic,11,11,2,15,2,0.0,0.0,1.0,lc_nx_heuristic_graph_0176,1.9667420387268066,52.17317581176758,819.872314453125,34.845157623291016,50,44,3,6.636363636363637,11
177,0,nx_shortest_path_heuristic,11,11,2,15,0,1.0,0.0,0.0,lc_nx_heuristic_graph_0177,4.682268142700195,34.8208122253418,793.7994384765625,58.72715759277344,50,33,4,7.545454545454546,11
178,0,nx_shortest_path_heuristic,11,11,2,15,1,0.0,1.0,0.0,lc_nx_heuristic_graph_0178,3.7322998046875,26.103126525878906,402.88604736328125,46.016441345214844,50,37,2,6.363636363636363,11
179,0,nx_shortest_path_heuristic,11,11,2,15,2,0.0,0.0,1.0,lc_nx_heuristic_graph_0179,2.701639413833618,33.112648010253906,544.859619140625,43.113059997558594,50,39,2,6.0,10
180,0,nx_shortest_path_heuristic,11,11,2,15,0,1.0,0.0,0.0,lc_nx_heuristic_graph_0180,4.042673587799072,52.263858795166016,623.3494873046875,64.3100357055664,50,38,4,6.545454545454546,10
181,0,nx_shortest_path_heuristic,11,11,2,15,1,0.0,1.0,0.0,lc_nx_heuristic_graph_0181,4.127353668212891,36.770198822021484,835.062744140625,57.78578567504883,50,34,5,7.363636363636363,12
182,0,nx_shortest_path_heuristic,11,11,2,15,2,0.0,0.0,1.0,lc_nx_heuristic_graph_0182,2.6332290172576904,43.32950210571289,803.190673828125,40.29457092285156,50,39,3,8.0,15
183,0,nx_shortest_path_heuristic,11,11,2,15,0,1.0,0.0,0.0,lc_nx_heuristic_graph_0183,1.9777215719223022,39.26926040649414,685.489990234375,23.74896240234375,50,47,3,6.7272727272727275,13
184,0,nx_shortest_path_heuristic,11,11,2,15,1,0.0,1.0,0.0,lc_nx_heuristic_graph_0184,2.5245821475982666,37.09952926635742,891.3519287109375,18.538135528564453,50,46,2,8.636363636363637,13
185,0,nx_shortest_path_heuristic,11,11,2,15,2,0.0,0.0,1.0,lc_nx_heuristic_graph_0185,2.0116848945617676,39.50508499145508,941.6399536132812,26.89136505126953,50,43,4,9.090909090909092,15
186,0,nx_shortest_path_heuristic,11,11,2,15,0,1.0,0.0,0.0,lc_nx_heuristic_graph_0186,2.1830997467041016,35.14701461791992,642.3675537109375,22.32601547241211,50,48,2,6.909090909090909,13
187,0,nx_shortest_path_heuristic,11,11,2,15,1,0.0,1.0,0.0,lc_nx_heuristic_graph_0187,2.0299596786499023,41.86185836791992,1053.306396484375,8.488556861877441,50,48,6,10.454545454545455,15
188,0,nx_shortest_path_heuristic,11,11,2,15,2,0.0,0.0,1.0,lc_nx_heuristic_graph_0188,3.373964309692383,36.687965393066406,869.736572265625,54.43657684326172,50,34,4,8.272727272727273,12
189,0,nx_shortest_path_heuristic,11,11,2,15,0,1.0,0.0,0.0,lc_nx_heuristic_graph_0189,0.9326674342155457,51.02935791015625,950.8833618164062,8.181755065917969,50,50,5,8.545454545454545,14
190,0,nx_shortest_path_heuristic,11,11,2,15,1,0.0,1.0,0.0,lc_nx_heuristic_graph_0190,3.7130260467529297,33.63447952270508,901.1312255859375,37.3785285949707,50,40,4,6.818181818181818,10
191,0,nx_shortest_path_heuristic,11,11,2,15,2,0.0,0.0,1.0,lc_nx_heuristic_graph_0191,2.7469429969787598,36.54153823852539,716.1765747070312,40.55542755126953,50,39,3,7.2727272727272725,11
192,0,nx_shortest_path_heuristic,11,11,2,15,0,1.0,0.0,0.0,lc_nx_heuristic_graph_0192,3.755342483520508,48.49238204956055,515.8675537109375,51.03257369995117,50,39,2,5.636363636363637,9
193,0,nx_shortest_path_heuristic,11,11,2,15,1,0.0,1.0,0.0,lc_nx_heuristic_graph_0193,4.267297744750977,26.543630599975586,471.87225341796875,57.63228988647461,50,33,3,6.545454545454546,14
194,0,nx_shortest_path_heuristic,11,11,2,15,2,0.0,0.0,1.0,lc_nx_heuristic_graph_0194,2.4757888317108154,36.6784553527832,676.2637329101562,36.197811126708984,50,40,3,7.2727272727272725,15
195,0,nx_shortest_path_heuristic,11,11,2,15,0,1.0,0.0,0.0,lc_nx_heuristic_graph_0195,1.917901873588562,40.03586196899414,617.6871948242188,31.934526443481445,50,50,3,6.7272727272727275,10
196,0,nx_shortest_path_heuristic,11,11,2,15,1,0.0,1.0,0.0,lc_nx_heuristic_graph_0196,2.7412056922912598,53.02278137207031,812.3218994140625,35.895423889160156,50,44,3,6.181818181818182,12
197,0,nx_shortest_path_heuristic,11,11,2,15,2,0.0,0.0,1.0,lc_nx_heuristic_graph_0197,3.384425640106201,19.163867950439453,470.4743347167969,56.9803581237793,50,41,2,7.636363636363637,13
198,0,nx_shortest_path_heuristic,11,11,2,15,0,1.0,0.0,0.0,lc_nx_heuristic_graph_0198,1.5973129272460938,38.18701934814453,653.6129760742188,17.54665184020996,50,49,4,6.636363636363637,11
199,0,nx_shortest_path_heuristic,11,11,2,15,1,0.0,1.0,0.0,lc_nx_heuristic_graph_0199,4.154751777648926,34.74066925048828,827.5639038085938,55.783355712890625,50,33,4,8.272727272727273,12
200,0,nx_shortest_path_heuristic,11,11,2,15,2,0.0,0.0,1.0,lc_nx_heuristic_graph_0200,2.4092788696289062,29.53285789489746,561.1961669921875,40.176475524902344,50,41,3,7.181818181818182,12
201,0,nx_shortest_path_heuristic,11,11,2,15,0,1.0,0.0,0.0,lc_nx_heuristic_graph_0201,2.7378618717193604,57.35618591308594,766.1022338867188,37.789546966552734,50,44,2,5.818181818181818,11
202,0,nx_shortest_path_heuristic,11,11,2,15,1,0.0,1.0,0.0,lc_nx_heuristic_graph_0202,4.233857154846191,26.029041290283203,642.9324340820312,55.11867904663086,50,45,3,6.7272727272727275,15
203,0,nx_shortest_path_heuristic,11,11,2,15,2,0.0,0.0,1.0,lc_nx_heuristic_graph_0203,2.2405803203582764,28.388444900512695,423.38787841796875,33.31748962402344,50,42,3,6.545454545454546,10
204,0,nx_shortest_path_heuristic,11,11,2,15,0,1.0,0.0,0.0,lc_nx_heuristic_graph_0204,3.6529529094696045,34.08396530151367,613.6388549804688,42.194244384765625,50,39,3,6.636363636363637,12
205,0,nx_shortest_path_heuristic,11,11,2,15,1,0.0,1.0,0.0,lc_nx_heuristic_graph_0205,3.6851112842559814,29.996341705322266,451.1694030761719,50.315242767333984,50,37,3,6.545454545454546,10
206,0,nx_shortest_path_heuristic,11,11,2,15,2,0.0,0.0,1.0,lc_nx_heuristic_graph_0206,2.6362571716308594,44.22224807739258,877.5923461914062,39.9762077331543,50,39,3,8.363636363636363,13
207,0,nx_shortest_path_heuristic,11,11,2,15,0,1.0,0.0,0.0,lc_nx_heuristic_graph_0207,2.205158233642578,37.91206741333008,661.5419311523438,27.126649856567383,50,49,3,7.181818181818182,11
208,0,nx_shortest_path_heuristic,11,11,2,15,1,0.0,1.0,0.0,lc_nx_heuristic_graph_0208,4.0887131690979,39.48366165161133,661.2532348632812,54.73994064331055,50,37,2,6.7272727272727275,15
209,0,nx_shortest_path_heuristic,11,11,2,15,2,0.0,0.0,1.0,lc_nx_heuristic_graph_0209,1.605560064315796,36.57948684692383,720.8223266601562,21.415122985839844,50,46,3,6.818181818181818,11
210,0,nx_shortest_path_heuristic,11,11,2,15,0,1.0,0.0,0.0,lc_nx_heuristic_graph_0210,3.324982166290283,39.22119140625,891.2297973632812,36.6455192565918,50,40,5,9.090909090909092,14
211,0,nx_shortest_path_heuristic,11,11,2,15,1,0.0,1.0,0.0,lc_nx_heuristic_graph_0211,4.548832893371582,31.783281326293945,663.2175903320312,62.772335052490234,50,36,2,5.636363636363637,9
212,0,nx_shortest_path_heuristic,11,11,2,15,2,0.0,0.0,1.0,lc_nx_heuristic_graph_0212,1.1530423164367676,34.53242492675781,783.3074340820312,13.397683143615723,50,48,2,7.636363636363637,13
213,0,nx_shortest_path_heuristic,11,11,2,15,0,1.0,0.0,0.0,lc_nx_heuristic_graph_0213,5.144049167633057,36.1209831237793,548.6626586914062,63.6029052734375,50,36,2,5.545454545454546,11
214,0,nx_shortest_path_heuristic,11,11,2,15,1,0.0,1.0,0.0,lc_nx_heuristic_graph_0214,3.3378944396972656,51.221717834472656,800.3970336914062,44.80789566040039,50,39,4,7.909090909090909,14
215,0,nx_shortest_path_heuristic,11,11,2,15,2,0.0,0.0,1.0,lc_nx_heuristic_graph_0215,2.991486072540283,45.25404739379883,776.654052734375,49.4877815246582,50,39,2,5.818181818181818,13
216,0,nx_shortest_path_heuristic,11,11,2,15,0,1.0,0.0,0.0,lc_nx_heuristic_graph_0216,4.49545431137085,41.18210983276367,803.6099853515625,55.802284240722656,50,39,5,6.545454545454546,9
217,0,nx_shortest_path_heuristic,11,11,2,15,1,0.0,1.0,0.0,lc_nx_heuristic_graph_0217,2.1794214248657227,41.8470344543457,711.0121459960938,10.51292896270752,50,50,2,6.7272727272727275,13
218,0,nx_shortest_path_heuristic,11,11,2,15,2,0.0,0.0,1.0,lc_nx_heuristic_graph_0218,1.1592124700546265,40.17020034790039,709.0573120117188,15.402274131774902,50,48,3,6.909090909090909,15
219,0,nx_shortest_path_heuristic,11,11,2,15,0,1.0,0.0,0.0,lc_nx_heuristic_graph_0219,1.6162142753601074,41.49970245361328,694.9765625,14.399184226989746,50,49,3,7.454545454545454,12
220,0,nx_shortest_path_heuristic,11,11,2,15,1,0.0,1.0,0.0,lc_nx_heuristic_graph_0220,2.451284408569336,32.82075119018555,742.3634033203125,13.16931438446045,50,50,3,7.909090909090909,12
221,0,nx_shortest_path_heuristic,11,11,2,15,2,0.0,0.0,1.0,lc_nx_heuristic_graph_0221,1.2111841440200806,37.57329177856445,692.8269653320312,20.2728214263916,50,48,2,7.181818181818182,14
222,0,nx_shortest_path_heuristic,11,11,2,15,0,1.0,0.0,0.0,lc_nx_heuristic_graph_0222,3.1081674098968506,31.810970306396484,946.9559936523438,32.699676513671875,50,41,6,9.181818181818182,14
223,0,nx_shortest_path_heuristic,11,11,2,15,1,0.0,1.0,0.0,lc_nx_heuristic_graph_0223,2.9393765926361084,32.77081298828125,396.1077575683594,51.23900604248047,50,45,3,6.363636363636363,10
224,0,nx_shortest_path_heuristic,11,11,2,15,2,0.0,0.0,1.0,lc_nx_heuristic_graph_0224,2.5574467182159424,28.651193618774414,383.72509765625,55.422664642333984,50,40,3,7.0,13
225,0,nx_shortest_path_heuristic,11,11,2,15,0,1.0,0.0,0.0,lc_nx_heuristic_graph_0225,1.6137586832046509,38.546180725097656,689.247314453125,11.285152435302734,50,49,2,6.636363636363637,12
226,0,nx_shortest_path_heuristic,11,11,2,15,1,0.0,1.0,0.0,lc_nx_heuristic_graph_0226,3.3031630516052246,42.4859733581543,711.3013305664062,46.529296875,50,40,2,5.909090909090909,15
227,0,nx_shortest_path_heuristic,11,11,2,15,2,0.0,0.0,1.0,lc_nx_heuristic_graph_0227,2.649183511734009,41.17440414428711,920.4932250976562,41.908321380615234,50,39,3,8.0,13
228,0,nx_shortest_path_heuristic,11,11,2,15,0,1.0,0.0,0.0,lc_nx_heuristic_graph_0228,5.910931587219238,33.32404708862305,391.1018981933594,80.8869857788086,50,39,2,4.7272727272727275,12
229,0,nx_shortest_path_heuristic,11,11,2,15,1,0.0,1.0,0.0,lc_nx_heuristic_graph_0229,4.456109523773193,45.58142852783203,843.4642333984375,54.59862518310547,50,40,2,6.181818181818182,12
230,0,nx_shortest_path_heuristic,11,11,2,15,2,0.0,0.0,1.0,lc_nx_heuristic_graph_0230,3.250373601913452,37.46846008300781,906.8348388671875,51.03061294555664,50,35,4,8.454545454545455,13
231,0,nx_shortest_path_heuristic,11,11,2,15,0,1.0,0.0,0.0,lc_nx_heuristic_graph_0231,2.6565983295440674,40.6648063659668,610.88671875,35.57102966308594,50,44,2,6.181818181818182,10
232,0,nx_shortest_path_heuristic,11,11,2,15,1,0.0,1.0,0.0,lc_nx_heuristic_graph_0232,3.1429250240325928,32.080631256103516,807.390380859375,31.379413604736328,50,42,2,7.909090909090909,12
233,0,nx_shortest_path_heuristic,11,11,2,15,2,0.0,0.0,1.0,lc_nx_heuristic_graph_0233,2.366279363632202,24.57394790649414,538.6746215820312,33.32172775268555,50,41,2,7.454545454545454,11
234,0,nx_shortest_path_heuristic,11,11,2,15,0,1.0,0.0,0.0,lc_nx_heuristic_graph_0234,5.340102195739746,33.80378341674805,534.0661010742188,69.3977279663086,50,29,3,5.636363636363637,9
235,0,nx_shortest_path_heuristic,11,11,2,15,1,0.0,1.0,0.0,lc_nx_heuristic_graph_0235,3.475831985473633,26.54204750061035,403.3509826660156,44.32363510131836,50,39,2,6.2727272727272725,13
236,0,nx_shortest_path_heuristic,11,11,2,15,2,0.0,0.0,1.0,lc_nx_heuristic_graph_0236,2.7053308486938477,30.785425186157227,403.9904479980469,47.6856689453125,50,39,3,6.090909090909091,12
237,0,nx_shortest_path_heuristic,11,11,2,15,0,1.0,0.0,0.0,lc_nx_heuristic_graph_0237,3.2950167655944824,47.6694221496582,923.0145874023438,37.167564392089844,50,40,2,8.090909090909092,14
238,0,nx_shortest_path_heuristic,11,11,2,15,1,0.0,1.0,0.0,lc_nx_heuristic_graph_0238,4.161867141723633,34.14604187011719,854.58984375,57.622467041015625,50,37,2,8.181818181818182,13
239,0,nx_shortest_path_heuristic,11,11,2,15,2,0.0,0.0,1.0,lc_nx_heuristic_graph_0239,1.5817703008651733,45.808921813964844,854.2584228515625,24.522157669067383,50,46,3,7.181818181818182,11
240,0,nx_shortest_path_heuristic,11,11,2,15,0,1.0,0.0,0.0,lc_nx_heuristic_graph_0240,3.760371685028076,35.880393981933594,528.3201293945312,45.9527702331543,50,39,3,6.454545454545454,11
241,0,nx_shortest_path_heuristic,11,11,2,15,1,0.0,1.0,0.0,lc_nx_heuristic_graph_0241,4.774174690246582,29.882591247558594,509.7260437011719,65.2767333984375,50,30,2,6.363636363636363,9
242,0,nx_shortest_path_heuristic,11,11,2,15,2,0.0,0.0,1.0,lc_nx_heuristic_graph_0242,1.1609737873077393,31.741626739501953,652.77734375,10.231184959411621,50,48,2,6.909090909090909,12
243,0,nx_shortest_path_heuristic,11,11,2,15,0,1.0,0.0,0.0,lc_nx_heuristic_graph_0243,2.5138795375823975,36.6019172668457,793.1277465820312,22.443603515625,50,44,4,7.909090909090909,15
244,0,nx_shortest_path_heuristic,11,11,2,15,1,0.0,1.0,0.0,lc_nx_heuristic_graph_0244,3.423306465148926,38.14081573486328,780.5411376953125,42.417823791503906,50,39,4,7.636363636363637,10
245,0,nx_shortest_path_heuristic,11,11,2,15,2,0.0,0.0,1.0,lc_nx_heuristic_graph_0245,1.4184657335281372,40.1134033203125,660.9177856445312,21.28829002380371,50,47,2,6.909090909090909,10
246,0,nx_shortest_path_heuristic,11,11,2,15,0,1.0,0.0,0.0,lc_nx_heuristic_graph_0246,2.8761210441589355,39.317588806152344,914.1438598632812,29.427837371826172,50,42,2,8.636363636363637,15
247,0,nx_shortest_path_heuristic,11,11,2,15,1,0.0,1.0,0.0,lc_nx_heuristic_graph_0247,2.223017454147339,49.86575698852539,593.0668334960938,30.801931381225586,50,47,2,6.2727272727272725,15
248,0,nx_shortest_path_heuristic,11,11,2,15,2,0.0,0.0,1.0,lc_nx_heuristic_graph_0248,2.044388771057129,68.10047149658203,678.9376831054688,51.29357147216797,50,44,2,5.363636363636363,14
249,0,nx_shortest_path_heuristic,11,11,2,15,0,1.0,0.0,0.0,lc_nx_heuristic_graph_0249,3.7972300052642822,26.444337844848633,400.935546875,47.52169418334961,50,42,2,6.454545454545454,11
250,1,nx_shortest_path_heuristic,12,12,2,15,1,0.0,1.0,0.0,lc_nx_heuristic_graph_0250,3.90999436378479,40.82036209106445,826.571533203125,54.975406646728516,50,34,3,7.333333333333333,15
251,1,nx_shortest_path_heuristic,12,12,2,15,2,0.0,0.0,1.0,lc_nx_heuristic_graph_0251,2.0549004077911377,31.418100357055664,871.6109619140625,27.972152709960938,50,43,5,8.416666666666666,12
252,1,nx_shortest_path_heuristic,12,12,2,15,0,1.0,0.0,0.0,lc_nx_heuristic_graph_0252,3.6174144744873047,38.93328094482422,800.9310913085938,47.39157485961914,50,42,2,5.833333333333333,11
253,1,nx_shortest_path_heuristic,12,12,2,15,1,0.0,1.0,0.0,lc_nx_heuristic_graph_0253,3.031947612762451,47.581031799316406,837.6458129882812,41.25779342651367,50,42,3,6.0,10
254,1,nx_shortest_path_heuristic,12,12,2,15,2,0.0,0.0,1.0,lc_nx_heuristic_graph_0254,2.863344669342041,27.26593780517578,566.0407104492188,42.5644416809082,50,40,2,7.583333333333333,13
255,1,nx_shortest_path_heuristic,12,12,2,15,0,1.0,0.0,0.0,lc_nx_heuristic_graph_0255,1.986830472946167,29.98690414428711,515.1661987304688,20.745223999023438,50,47,3,7.083333333333333,10
256,1,nx_shortest_path_heuristic,12,12,2,15,1,0.0,1.0,0.0,lc_nx_heuristic_graph_0256,4.394208908081055,31.994823455810547,793.4212646484375,62.55506896972656,50,38,3,7.25,14
257,1,nx_shortest_path_heuristic,12,12,2,15,2,0.0,0.0,1.0,lc_nx_heuristic_graph_0257,1.4980684518814087,40.09105682373047,928.5748291015625,18.322851181030273,50,46,2,6.666666666666667,14
258,1,nx_shortest_path_heuristic,12,12,2,15,0,1.0,0.0,0.0,lc_nx_heuristic_graph_0258,0.9297219514846802,41.84335708618164,711.4256591796875,25.17538070678711,50,50,3,6.75,12
259,1,nx_shortest_path_heuristic,12,12,2,15,1,0.0,1.0,0.0,lc_nx_heuristic_graph_0259,4.065831184387207,31.68709373474121,914.617431640625,50.120479583740234,50,36,4,8.25,14
260,1,nx_shortest_path_heuristic,12,12,2,15,2,0.0,0.0,1.0,lc_nx_heuristic_graph_0260,1.317363977432251,48.26393508911133,662.6929321289062,33.89362716674805,50,48,3,6.166666666666667,10
261,1,nx_shortest_path_heuristic,12,12,2,15,0,1.0,0.0,0.0,lc_nx_heuristic_graph_0261,1.6617591381072998,37.81285858154297,814.5740356445312,12.664881706237793,50,50,2,7.833333333333333,15
262,1,nx_shortest_path_heuristic,12,12,2,15,1,0.0,1.0,0.0,lc_nx_heuristic_graph_0262,2.0526342391967773,46.64009094238281,1124.979736328125,18.051233291625977,50,47,4,9.833333333333334,15
263,1,nx_shortest_path_heuristic,12,12,2,15,2,0.0,0.0,1.0,lc_nx_heuristic_graph_0263,2.299337863922119,42.507530212402344,674.3157958984375,47.51276779174805,50,42,3,6.583333333333333,10
264,1,nx_shortest_path_heuristic,12,12,2,15,0,1.0,0.0,0.0,lc_nx_heuristic_graph_0264,2.3434808254241943,46.92756271362305,695.6105346679688,27.08991241455078,50,46,2,6.583333333333333,13
265,1,nx_shortest_path_heuristic,12,12,2,15,1,0.0,1.0,0.0,lc_nx_heuristic_graph_0265,3.131054401397705,36.30132293701172,865.2410278320312,36.833126068115234,50,42,3,6.916666666666667,11
266,1,nx_shortest_path_heuristic,12,12,2,15,2,0.0,0.0,1.0,lc_nx_heuristic_graph_0266,2.541804552078247,31.043251037597656,610.4767456054688,36.448089599609375,50,40,3,6.333333333333333,11
267,1,nx_shortest_path_heuristic,12,12,2,15,0,1.0,0.0,0.0,lc_nx_heuristic_graph_0267,1.429353952407837,41.93715286254883,981.4776611328125,12.789687156677246,50,49,4,6.916666666666667,11
268,1,nx_shortest_path_heuristic,12,12,2,15,1,0.0,1.0,0.0,lc_nx_heuristic_graph_0268,2.7253646850585938,31.25848388671875,903.6051025390625,20.246917724609375,50,45,4,8.5,13
269,1,nx_shortest_path_heuristic,12,12,2,15,2,0.0,0.0,1.0,lc_nx_heuristic_graph_0269,1.5651806592941284,36.32276153564453,852.4165649414062,19.10723304748535,50,46,3,7.833333333333333,15
270,1,nx_shortest_path_heuristic,12,12,2,15,0,1.0,0.0,0.0,lc_nx_heuristic_graph_0270,4.133890628814697,34.02401351928711,995.697998046875,48.31107711791992,50,36,4,8.333333333333334,11
271,1,nx_shortest_path_heuristic,12,12,2,15,1,0.0,1.0,0.0,lc_nx_heuristic_graph_0271,3.6917243003845215,49.519142150878906,806.4174194335938,49.76327133178711,50,38,2,5.75,9
272,1,nx_shortest_path_heuristic,12,12,2,15,2,0.0,0.0,1.0,lc_nx_heuristic_graph_0272,2.649693489074707,25.6285400390625,375.95465087890625,41.254817962646484,50,39,2,6.166666666666667,11
273,1,nx_shortest_path_heuristic,12,12,2,15,0,1.0,0.0,0.0,lc_nx_heuristic_graph_0273,2.75126051902771,35.22966384887695,719.599853515625,25.869426727294922,50,43,4,7.416666666666667,15
274,1,nx_shortest_path_heuristic,12,12,2,15,1,0.0,1.0,0.0,lc_nx_heuristic_graph_0274,4.230226039886475,39.488426208496094,624.324951171875,64.5687026977539,50,40,2,5.916666666666667,12
275,1,nx_shortest_path_heuristic,12,12,2,15,2,0.0,0.0,1.0,lc_nx_heuristic_graph_0275,2.4666523933410645,33.962703704833984,658.9414672851562,33.157012939453125,50,41,3,7.0,15
276,1,nx_shortest_path_heuristic,12,12,2,15,0,1.0,0.0,0.0,lc_nx_heuristic_graph_0276,3.0868091583251953,35.128055572509766,751.1609497070312,36.14920425415039,50,42,3,6.916666666666667,10
277,1,nx_shortest_path_heuristic,12,12,2,15,1,0.0,1.0,0.0,lc_nx_heuristic_graph_0277,3.158879280090332,39.12786865234375,811.5119018554688,30.620506286621094,50,45,3,7.166666666666667,11
278,1,nx_shortest_path_heuristic,12,12,2,15,2,0.0,0.0,1.0,lc_nx_heuristic_graph_0278,3.117492198944092,35.16984176635742,828.940185546875,48.17583465576172,50,36,4,7.583333333333333,13
279,1,nx_shortest_path_heuristic,12,12,2,15,0,1.0,0.0,0.0,lc_nx_heuristic_graph_0279,0.6943761706352234,34.761783599853516,840.8505249023438,4.213217258453369,50,50,3,8.0,13
280,1,nx_shortest_path_heuristic,12,12,2,15,1,0.0,1.0,0.0,lc_nx_heuristic_graph_0280,4.0791120529174805,29.61125946044922,480.2143249511719,53.68170928955078,50,34,2,5.833333333333333,12
281,1,nx_shortest_path_heuristic,12,12,2,15,2,0.0,0.0,1.0,lc_nx_heuristic_graph_0281,2.2413833141326904,41.45047378540039,666.9795532226562,45.726654052734375,50,42,2,6.25,12
282,1,nx_shortest_path_heuristic,12,12,2,15,0,1.0,0.0,0.0,lc_nx_heuristic_graph_0282,1.9780555963516235,51.741127014160156,806.5319213867188,34.71897888183594,50,48,2,6.416666666666667,13
283,1,nx_shortest_path_heuristic,12,12,2,15,1,0.0,1.0,0.0,lc_nx_heuristic_graph_0283,1.7914297580718994,43.96476364135742,618.5399169921875,31.894115447998047,50,49,2,6.25,11
284,1,nx_shortest_path_heuristic,12,12,2,15,2,0.0,0.0,1.0,lc_nx_heuristic_graph_0284,2.343601942062378,39.547725677490234,762.3450317382812,34.056427001953125,50,41,2,7.083333333333333,12
285,1,nx_shortest_path_heuristic,12,12,2,15,0,1.0,0.0,0.0,lc_nx_heuristic_graph_0285,2.820432662963867,40.451107025146484,876.686279296875,35.98670959472656,50,43,3,6.416666666666667,12
286,1,nx_shortest_path_heuristic,12,12,2,15,1,0.0,1.0,0.0,lc_nx_heuristic_graph_0286,3.343632698059082,39.49531936645508,605.5408935546875,45.51475143432617,50,44,3,6.0,10
287,1,nx_shortest_path_heuristic,12,12,2,15,2,0.0,0.0,1.0,lc_nx_heuristic_graph_0287,2.91325044631958,40.39614486694336,801.0126342773438,45.375789642333984,50,38,2,6.166666666666667,10
288,1,nx_shortest_path_heuristic,12,12,2,15,0,1.0,0.0,0.0,lc_nx_heuristic_graph_0288,1.48176908493042,37.975074768066406,621.7025756835938,14.331184387207031,50,49,2,6.75,11
289,1,nx_shortest_path_heuristic,12,12,2,15,1,0.0,1.0,0.0,lc_nx_heuristic_graph_0289,3.7341132164001465,27.220157623291016,788.7899780273438,38.81926727294922,50,40,6,8.583333333333334,11
290,1,nx_shortest_path_heuristic,12,12,2,15,2,0.0,0.0,1.0,lc_nx_heuristic_graph_0290,2.365799903869629,42.290367126464844,787.537353515625,35.265647888183594,50,41,5,7.166666666666667,12
291,1,nx_shortest_path_heuristic,12,12,2,15,0,1.0,0.0,0.0,lc_nx_heuristic_graph_0291,3.8577609062194824,27.266986846923828,473.0381164550781,45.586524963378906,50,38,3,6.583333333333333,10
292,1,nx_shortest_path_heuristic,12,12,2,15,1,0.0,1.0,0.0,lc_nx_heuristic_graph_0292,4.0148725509643555,23.865535736083984,506.5294494628906,51.55979537963867,50,40,3,6.583333333333333,12
293,1,nx_shortest_path_heuristic,12,12,2,15,2,0.0,0.0,1.0,lc_nx_heuristic_graph_0293,3.0887391567230225,35.00811767578125,763.2808227539062,46.89002227783203,50,44,4,6.583333333333333,11
294,1,nx_shortest_path_heuristic,12,12,2,15,0,1.0,0.0,0.0,lc_nx_heuristic_graph_0294,4.2245588302612305,42.70866012573242,760.547607421875,62.705101013183594,50,36,4,5.5,7
295,1,nx_shortest_path_heuristic,12,12,2,15,1,0.0,1.0,0.0,lc_nx_heuristic_graph_0295,3.1258957386016846,42.32088851928711,778.892822265625,32.993408203125,50,43,3,6.666666666666667,10
296,1,nx_shortest_path_heuristic,12,12,2,15,2,0.0,0.0,1.0,lc_nx_heuristic_graph_0296,2.397383451461792,28.176658630371094,511.03369140625,35.957420349121094,50,41,3,6.75,13
297,1,nx_shortest_path_heuristic,12,12,2,15,0,1.0,0.0,0.0,lc_nx_heuristic_graph_0297,2.2900609970092773,32.478431701660156,732.3013305664062,20.85444450378418,50,45,3,7.0,10
298,1,nx_shortest_path_heuristic,12,12,2,15,1,0.0,1.0,0.0,lc_nx_heuristic_graph_0298,2.315983772277832,38.99134063720703,832.5769653320312,14.085762023925781,50,48,3,7.25,13
299,1,nx_shortest_path_heuristic,12,12,2,15,2,0.0,0.0,1.0,lc_nx_heuristic_graph_0299,1.4908409118652344,35.56791305541992,882.5374145507812,17.983509063720703,50,46,4,9.5,15
300,1,nx_shortest_path_heuristic,12,12,2,15,0,1.0,0.0,0.0,lc_nx_heuristic_graph_0300,3.2140109539031982,40.3040771484375,888.7444458007812,35.8234977722168,50,41,2,6.166666666666667,10
301,1,nx_shortest_path_heuristic,12,12,2,15,1,0.0,1.0,0.0,lc_nx_heuristic_graph_0301,2.994551420211792,49.142696380615234,844.094482421875,32.82477569580078,50,43,3,6.083333333333333,13
302,1,nx_shortest_path_heuristic,12,12,2,15,2,0.0,0.0,1.0,lc_nx_heuristic_graph_0302,3.232607841491699,33.92330551147461,734.0708618164062,52.980445861816406,50,35,2,6.916666666666667,13
303,1,nx_shortest_path_heuristic,12,12,2,15,0,1.0,0.0,0.0,lc_nx_heuristic_graph_0303,3.8354780673980713,26.42889976501465,430.5858154296875,43.98667907714844,50,38,3,6.5,12
304,1,nx_shortest_path_heuristic,12,12,2,15,1,0.0,1.0,0.0,lc_nx_heuristic_graph_0304,4.457098007202148,28.70317268371582,644.7108154296875,56.01008987426758,50,37,4,6.416666666666667,10
305,1,nx_shortest_path_heuristic,12,12,2,15,2,0.0,0.0,1.0,lc_nx_heuristic_graph_0305,1.3452625274658203,36.50599670410156,765.0836791992188,15.797990798950195,50,47,4,7.0,10
306,1,nx_shortest_path_heuristic,12,12,2,15,0,1.0,0.0,0.0,lc_nx_heuristic_graph_0306,2.1431195735931396,42.14678192138672,590.3493041992188,15.961159706115723,50,47,2,5.75,15
307,1,nx_shortest_path_heuristic,12,12,2,15,1,0.0,1.0,0.0,lc_nx_heuristic_graph_0307,3.1379737854003906,26.103254318237305,620.4009399414062,33.91651916503906,50,42,3,7.166666666666667,12
308,1,nx_shortest_path_heuristic,12,12,2,15,2,0.0,0.0,1.0,lc_nx_heuristic_graph_0308,1.6360485553741455,47.63581085205078,642.396484375,23.779260635375977,50,45,2,6.083333333333333,15
309,1,nx_shortest_path_heuristic,12,12,2,15,0,1.0,0.0,0.0,lc_nx_heuristic_graph_0309,3.5119268894195557,45.68511199951172,942.5424194335938,40.68560028076172,50,39,2,8.0,13
310,1,nx_shortest_path_heuristic,12,12,2,15,1,0.0,1.0,0.0,lc_nx_heuristic_graph_0310,3.517678737640381,36.6468505859375,697.4207763671875,40.15396499633789,50,41,2,6.166666666666667,15
311,1,nx_shortest_path_heuristic,12,12,2,15,2,0.0,0.0,1.0,lc_nx_heuristic_graph_0311,1.3313788175582886,38.32417297363281,778.3054809570312,16.901649475097656,50,47,3,7.583333333333333,11
312,1,nx_shortest_path_heuristic,12,12,2,15,0,1.0,0.0,0.0,lc_nx_heuristic_graph_0312,2.837510585784912,40.101253509521484,1014.7147827148438,29.967430114746094,50,43,3,7.083333333333333,12
313,1,nx_shortest_path_heuristic,12,12,2,15,1,0.0,1.0,0.0,lc_nx_heuristic_graph_0313,3.2017040252685547,32.648197174072266,538.5991821289062,39.58500289916992,50,41,3,6.25,10
314,1,nx_shortest_path_heuristic,12,12,2,15,2,0.0,0.0,1.0,lc_nx_heuristic_graph_0314,2.685004949569702,29.456090927124023,584.2345581054688,41.525203704833984,50,39,3,7.0,14
315,1,nx_shortest_path_heuristic,12,12,2,15,0,1.0,0.0,0.0,lc_nx_heuristic_graph_0315,4.440185070037842,41.382606506347656,830.7688598632812,58.23028564453125,50,35,3,6.0,9
316,1,nx_shortest_path_heuristic,12,12,2,15,1,0.0,1.0,0.0,lc_nx_heuristic_graph_0316,3.5273354053497314,45.01991271972656,644.5452270507812,53.447853088378906,50,39,3,5.916666666666667,9
317,1,nx_shortest_path_heuristic,12,12,2,15,2,0.0,0.0,1.0,lc_nx_heuristic_graph_0317,2.286406993865967,49.98200607299805,768.179931640625,34.29950714111328,50,45,3,5.75,11
318,1,nx_shortest_path_heuristic,12,12,2,15,0,1.0,0.0,0.0,lc_nx_heuristic_graph_0318,2.8772735595703125,42.54214859008789,756.532470703125,39.158138275146484,50,43,3,5.833333333333333,10
319,1,nx_shortest_path_heuristic,12,12,2,15,1,0.0,1.0,0.0,lc_nx_heuristic_graph_0319,1.7812869548797607,50.9423713684082,717.321533203125,32.54365539550781,50,49,4,6.666666666666667,10
320,1,nx_shortest_path_heuristic,12,12,2,15,2,0.0,0.0,1.0,lc_nx_heuristic_graph_0320,1.1575417518615723,36.298255920410156,871.1871337890625,8.251409530639648,50,48,5,8.0,13
321,1,nx_shortest_path_heuristic,12,12,2,15,0,1.0,0.0,0.0,lc_nx_heuristic_graph_0321,2.92781400680542,46.79682540893555,852.168212890625,33.45945358276367,50,43,2,6.416666666666667,12
322,1,nx_shortest_path_heuristic,12,12,2,15,1,0.0,1.0,0.0,lc_nx_heuristic_graph_0322,3.610884428024292,37.026363372802734,767.2835083007812,48.536808013916016,50,39,2,6.833333333333333,14
323,1,nx_shortest_path_heuristic,12,12,2,15,2,0.0,0.0,1.0,lc_nx_heuristic_graph_0323,1.453574538230896,36.52665710449219,783.3363037109375,20.983890533447266,50,46,2,7.833333333333333,14
324,1,nx_shortest_path_heuristic,12,12,2,15,0,1.0,0.0,0.0,lc_nx_heuristic_graph_0324,3.2837958335876465,28.52126693725586,486.4550476074219,37.38218688964844,50,41,2,7.333333333333333,12
325,1,nx_shortest_path_heuristic,12,12,2,15,1,0.0,1.0,0.0,lc_nx_heuristic_graph_0325,3.0224826335906982,49.63901901245117,917.6581420898438,25.96211051940918,50,43,4,6.833333333333333,10
326,1,nx_shortest_path_heuristic,12,12,2,15,2,0.0,0.0,1.0,lc_nx_heuristic_graph_0326,3.682417631149292,22.967832565307617,493.9190368652344,59.41191864013672,50,32,4,6.75,11
327,1,nx_shortest_path_heuristic,12,12,2,15,0,1.0,0.0,0.0,lc_nx_heuristic_graph_0327,4.471364974975586,37.10734176635742,1071.946044921875,53.6569709777832,50,36,2,8.666666666666666,14
328,1,nx_shortest_path_heuristic,12,12,2,15,1,0.0,1.0,0.0,lc_nx_heuristic_graph_0328,3.471125364303589,43.255680084228516,995.6497192382812,44.47429656982422,50,38,3,8.5,13
329,1,nx_shortest_path_heuristic,12,12,2,15,2,0.0,0.0,1.0,lc_nx_heuristic_graph_0329,1.6975406408309937,41.91825866699219,1031.262451171875,28.98903465270996,50,45,3,7.166666666666667,11
330,1,nx_shortest_path_heuristic,12,12,2,15,0,1.0,0.0,0.0,lc_nx_heuristic_graph_0330,3.290088176727295,30.44647216796875,553.1010131835938,45.663490295410156,50,41,3,7.583333333333333,11
331,1,nx_shortest_path_heuristic,12,12,2,15,1,0.0,1.0,0.0,lc_nx_heuristic_graph_0331,2.2556309700012207,41.38412094116211,865.9552612304688,23.317773818969727,50,45,2,6.916666666666667,11
332,1,nx_shortest_path_heuristic,12,12,2,15,2,0.0,0.0,1.0,lc_nx_heuristic_graph_0332,1.6804324388504028,32.945621490478516,893.4485473632812,21.6267147064209,50,45,3,8.416666666666666,13
333,1,nx_shortest_path_heuristic,12,12,2,15,0,1.0,0.0,0.0,lc_nx_heuristic_graph_0333,3.939082145690918,45.14914321899414,885.0297241210938,45.25077438354492,50,37,3,7.666666666666667,12
334,1,nx_shortest_path_heuristic,12,12,2,15,1,0.0,1.0,0.0,lc_nx_heuristic_graph_0334,3.1313986778259277,50.292457580566406,818.9588623046875,45.97414779663086,50,42,3,6.0,9
335,1,nx_shortest_path_heuristic,12,12,2,15,2,0.0,0.0,1.0,lc_nx_heuristic_graph_0335,2.2693192958831787,39.65324020385742,774.6749267578125,32.2559700012207,50,42,2,5.916666666666667,10
336,1,nx_shortest_path_heuristic,12,12,2,15,0,1.0,0.0,0.0,lc_nx_heuristic_graph_0336,3.186370372772217,42.68376159667969,1115.906494140625,35.10929870605469,50,45,4,7.666666666666667,11
337,1,nx_shortest_path_heuristic,12,12,2,15,1,0.0,1.0,0.0,lc_nx_heuristic_graph_0337,1.8389976024627686,40.569480895996094,764.7157592773438,16.882139205932617,50,48,2,7.25,15
338,1,nx_shortest_path_heuristic,12,12,2,15,2,0.0,0.0,1.0,lc_nx_heuristic_graph_0338,1.840057134628296,24.61927604675293,533.9996337890625,25.435733795166016,50,44,3,7.333333333333333,12
339,1,nx_shortest_path_heuristic,12,12,2,15,0,1.0,0.0,0.0,lc_nx_heuristic_graph_0339,1.676998257637024,46.37197494506836,860.7794799804688,26.640213012695312,50,48,3,6.166666666666667,11
340,1,nx_shortest_path_heuristic,12,12,2,15,1,0.0,1.0,0.0,lc_nx_heuristic_graph_0340,3.4669389724731445,38.96791458129883,839.3054809570312,42.56972885131836,50,38,2,8.083333333333334,15
341,1,nx_shortest_path_heuristic,12,12,2,15,2,0.0,0.0,1.0,lc_nx_heuristic_graph_0341,1.976683259010315,40.334190368652344,947.7243041992188,28.524049758911133,50,43,2,7.916666666666667,15
342,1,nx_shortest_path_heuristic,12,12,2,15,0,1.0,0.0,0.0,lc_nx_heuristic_graph_0342,1.7033452987670898,43.51970672607422,665.5101928710938,35.67662048339844,50,49,2,6.333333333333333,10
343,1,nx_shortest_path_heuristic,12,12,2,15,1,0.0,1.0,0.0,lc_nx_heuristic_graph_0343,1.2246748208999634,44.74946975708008,713.7507934570312,16.908702850341797,50,50,3,6.833333333333333,12
344,1,nx_shortest_path_heuristic,12,12,2,15,2,0.0,0.0,1.0,lc_nx_heuristic_graph_0344,2.8807427883148193,37.984901428222656,642.377197265625,43.12454605102539,50,44,2,5.5,12
345,1,nx_shortest_path_heuristic,12,12,2,15,0,1.0,0.0,0.0,lc_nx_heuristic_graph_0345,3.312288999557495,45.39190673828125,536.1126708984375,49.47516632080078,50,44,2,5.25,13
346,1,nx_shortest_path_heuristic,12,12,2,15,1,0.0,1.0,0.0,lc_nx_heuristic_graph_0346,2.447467565536499,40.25508117675781,898.8855590820312,25.306583404541016,50,44,3,8.666666666666666,15
347,1,nx_shortest_path_heuristic,12,12,2,15,2,0.0,0.0,1.0,lc_nx_heuristic_graph_0347,2.889280319213867,44.28513717651367,758.2726440429688,49.0121955871582,50,46,2,5.416666666666667,11
348,1,nx_shortest_path_heuristic,12,12,2,15,0,1.0,0.0,0.0,lc_nx_heuristic_graph_0348,4.915922164916992,31.095712661743164,545.6459350585938,61.084110260009766,50,32,2,5.25,10
349,1,nx_shortest_path_heuristic,12,12,2,15,1,0.0,1.0,0.0,lc_nx_heuristic_graph_0349,2.0301101207733154,34.73486328125,774.8938598632812,13.125103950500488,50,49,3,7.25,13
350,1,nx_shortest_path_heuristic,12,12,2,15,2,0.0,0.0,1.0,lc_nx_heuristic_graph_0350,2.8319718837738037,32.122840881347656,918.1819458007812,44.573463439941406,50,38,2,8.75,15
351,1,nx_shortest_path_heuristic,12,12,2,15,0,1.0,0.0,0.0,lc_nx_heuristic_graph_0351,2.8333077430725098,28.21587562561035,603.1233520507812,31.841087341308594,50,43,3,7.75,11
352,1,nx_shortest_path_heuristic,12,12,2,15,1,0.0,1.0,0.0,lc_nx_heuristic_graph_0352,2.3662145137786865,37.57878112792969,693.4786987304688,23.49504852294922,50,46,2,6.583333333333333,13
353,1,nx_shortest_path_heuristic,12,12,2,15,2,0.0,0.0,1.0,lc_nx_heuristic_graph_0353,2.6691555976867676,30.887428283691406,823.9052124023438,39.92160415649414,50,39,4,7.75,13
354,1,nx_shortest_path_heuristic,12,12,2,15,0,1.0,0.0,0.0,lc_nx_heuristic_graph_0354,3.8005337715148926,39.31489944458008,877.7998657226562,47.52001953125,50,42,3,6.416666666666667,11
355,1,nx_shortest_path_heuristic,12,12,2,15,1,0.0,1.0,0.0,lc_nx_heuristic_graph_0355,3.675865888595581,35.596920013427734,824.7928466796875,46.94595718383789,50,38,2,7.416666666666667,14
356,1,nx_shortest_path_heuristic,12,12,2,15,2,0.0,0.0,1.0,lc_nx_heuristic_graph_0356,3.0380003452301025,41.831661224365234,554.9478149414062,53.69676971435547,50,39,2,4.583333333333333,10
357,1,nx_shortest_path_heuristic,12,12,2,15,0,1.0,0.0,0.0,lc_nx_heuristic_graph_0357,3.5715389251708984,39.90641403198242,943.077880859375,41.31068420410156,50,39,5,8.416666666666666,15
358,1,nx_shortest_path_heuristic,12,12,2,15,1,0.0,1.0,0.0,lc_nx_heuristic_graph_0358,3.395472288131714,34.94351577758789,880.1431274414062,39.73490905761719,50,42,3,8.583333333333334,15
359,1,nx_shortest_path_heuristic,12,12,2,15,2,0.0,0.0,1.0,lc_nx_heuristic_graph_0359,2.2015678882598877,25.13029670715332,512.6683959960938,36.01918411254883,50,42,2,6.916666666666667,12
360,1,nx_shortest_path_heuristic,12,12,2,15,0,1.0,0.0,0.0,lc_nx_heuristic_graph_0360,3.7950949668884277,42.96045684814453,915.3729858398438,45.56125259399414,50,38,6,8.416666666666666,12
361,1,nx_shortest_path_heuristic,12,12,2,15,1,0.0,1.0,0.0,lc_nx_heuristic_graph_0361,3.031881093978882,37.235286712646484,1044.955322265625,27.63909912109375,50,43,2,8.5,13
362,1,nx_shortest_path_heuristic,12,12,2,15,2,0.0,0.0,1.0,lc_nx_heuristic_graph_0362,2.8712759017944336,28.19500732421875,557.853271484375,42.910945892333984,50,40,2,7.25,11
363,1,nx_shortest_path_heuristic,12,12,2,15,0,1.0,0.0,0.0,lc_nx_heuristic_graph_0363,1.6181236505508423,33.895301818847656,880.4581298828125,10.11695384979248,50,48,3,7.916666666666667,15
364,1,nx_shortest_path_heuristic,12,12,2,15,1,0.0,1.0,0.0,lc_nx_heuristic_graph_0364,3.1904289722442627,40.996070861816406,784.9816284179688,33.33380126953125,50,43,2,7.916666666666667,15
365,1,nx_shortest_path_heuristic,12,12,2,15,2,0.0,0.0,1.0,lc_nx_heuristic_graph_0365,1.9547913074493408,45.73820495605469,968.944580078125,23.508275985717773,50,44,3,6.833333333333333,12
366,1,nx_shortest_path_heuristic,12,12,2,15,0,1.0,0.0,0.0,lc_nx_heuristic_graph_0366,3.7783145904541016,49.01934814453125,967.614990234375,42.51530075073242,50,38,3,8.166666666666666,14
367,1,nx_shortest_path_heuristic,12,12,2,15,1,0.0,1.0,0.0,lc_nx_heuristic_graph_0367,2.454690933227539,36.34452438354492,711.3516235351562,22.55667495727539,50,44,2,7.25,15
368,1,nx_shortest_path_heuristic,12,12,2,15,2,0.0,0.0,1.0,lc_nx_heuristic_graph_0368,1.2070162296295166,43.70777893066406,809.825927734375,21.45833969116211,50,48,4,7.25,12
369,1,nx_shortest_path_heuristic,12,12,2,15,0,1.0,0.0,0.0,lc_nx_heuristic_graph_0369,3.5383477210998535,44.05672836303711,1156.63720703125,41.255531311035156,50,39,5,9.0,15
370,1,nx_shortest_path_heuristic,12,12,2,15,1,0.0,1.0,0.0,lc_nx_heuristic_graph_0370,2.05275297164917,43.232051849365234,1380.6573486328125,3.413092613220215,50,49,5,10.833333333333334,15
371,1,nx_shortest_path_heuristic,12,12,2,15,2,0.0,0.0,1.0,lc_nx_heuristic_graph_0371,2.3542404174804688,26.030664443969727,518.3665771484375,40.874107360839844,50,41,3,7.0,9
372,1,nx_shortest_path_heuristic,12,12,2,15,0,1.0,0.0,0.0,lc_nx_heuristic_graph_0372,4.680596828460693,37.09414291381836,919.0154418945312,57.65507888793945,50,39,3,6.666666666666667,11
373,1,nx_shortest_path_heuristic,12,12,2,15,1,0.0,1.0,0.0,lc_nx_heuristic_graph_0373,3.2924110889434814,38.286319732666016,904.7149658203125,40.050235748291016,50,40,2,6.666666666666667,13
374,1,nx_shortest_path_heuristic,12,12,2,15,2,0.0,0.0,1.0,lc_nx_heuristic_graph_0374,2.8795788288116455,43.986305236816406,815.1826782226562,52.10678482055664,50,38,4,6.0,11
375,1,nx_shortest_path_heuristic,12,12,2,15,0,1.0,0.0,0.0,lc_nx_heuristic_graph_0375,5.490555286407471,19.619253158569336,433.54754638671875,70.38644409179688,50,37,2,5.75,10
376,1,nx_shortest_path_heuristic,12,12,2,15,1,0.0,1.0,0.0,lc_nx_heuristic_graph_0376,3.514352560043335,45.77864074707031,518.108642578125,56.979095458984375,50,37,2,5.25,11
377,1,nx_shortest_path_heuristic,12,12,2,15,2,0.0,0.0,1.0,lc_nx_heuristic_graph_0377,1.830507516860962,43.17757034301758,924.4193115234375,29.911386489868164,50,44,2,7.75,12
378,1,nx_shortest_path_heuristic,12,12,2,15,0,1.0,0.0,0.0,lc_nx_heuristic_graph_0378,1.5714569091796875,36.327144622802734,960.3108520507812,15.56124210357666,50,48,5,8.333333333333334,13
379,1,nx_shortest_path_heuristic,12,12,2,15,1,0.0,1.0,0.0,lc_nx_heuristic_graph_0379,2.635789394378662,38.378780364990234,810.4312744140625,30.923219680786133,50,43,4,7.583333333333333,15
380,1,nx_shortest_path_heuristic,12,12,2,15,2,0.0,0.0,1.0,lc_nx_heuristic_graph_0380,1.6783760786056519,39.4094352722168,791.8984985351562,22.63831901550293,50,49,2,7.0,15
381,1,nx_shortest_path_heuristic,12,12,2,15,0,1.0,0.0,0.0,lc_nx_heuristic_graph_0381,3.365999698638916,37.11895751953125,893.7950439453125,38.74806594848633,50,46,2,6.833333333333333,13
382,1,nx_shortest_path_heuristic,12,12,2,15,1,0.0,1.0,0.0,lc_nx_heuristic_graph_0382,2.7704050540924072,35.57228469848633,818.8734130859375,22.84183120727539,50,45,4,7.583333333333333,12
383,1,nx_shortest_path_heuristic,12,12,2,15,2,0.0,0.0,1.0,lc_nx_heuristic_graph_0383,1.5937657356262207,52.49505615234375,752.0043334960938,33.45206832885742,50,46,2,5.666666666666667,9
384,1,nx_shortest_path_heuristic,12,12,2,15,0,1.0,0.0,0.0,lc_nx_heuristic_graph_0384,5.2072553634643555,24.95061492919922,393.7551574707031,68.71646881103516,50,34,3,5.333333333333333,9
385,1,nx_shortest_path_heuristic,12,12,2,15,1,0.0,1.0,0.0,lc_nx_heuristic_graph_0385,2.208402633666992,46.85346603393555,974.771484375,12.673383712768555,50,47,3,8.333333333333334,15
386,1,nx_shortest_path_heuristic,12,12,2,15,2,0.0,0.0,1.0,lc_nx_heuristic_graph_0386,1.0613012313842773,44.543514251708984,651.7606811523438,27.116769790649414,50,49,2,6.5,11
387,1,nx_shortest_path_heuristic,12,12,2,15,0,1.0,0.0,0.0,lc_nx_heuristic_graph_0387,3.343644618988037,30.88736915588379,539.3638916015625,36.15480041503906,50,41,3,7.083333333333333,10
388,1,nx_shortest_path_heuristic,12,12,2,15,1,0.0,1.0,0.0,lc_nx_heuristic_graph_0388,2.9519598484039307,31.561370849609375,593.1760864257812,36.2724494934082,50,44,2,6.25,13
389,1,nx_shortest_path_heuristic,12,12,2,15,2,0.0,0.0,1.0,lc_nx_heuristic_graph_0389,1.9902279376983643,35.383155822753906,957.1255493164062,24.86811065673828,50,43,4,9.25,15
390,1,nx_shortest_path_heuristic,12,12,2,15,0,1.0,0.0,0.0,lc_nx_heuristic_graph_0390,3.8930306434631348,34.201454162597656,539.6882934570312,44.838706970214844,50,38,2,6.5,12
391,1,nx_shortest_path_heuristic,12,12,2,15,1,0.0,1.0,0.0,lc_nx_heuristic_graph_0391,2.872649669647217,38.90299987792969,679.6195068359375,33.76149368286133,50,41,3,6.833333333333333,13
392,1,nx_shortest_path_heuristic,12,12,2,15,2,0.0,0.0,1.0,lc_nx_heuristic_graph_0392,3.4083447456359863,24.723833084106445,454.1346435546875,56.795589447021484,50,34,3,6.416666666666667,12
393,1,nx_shortest_path_heuristic,12,12,2,15,0,1.0,0.0,0.0,lc_nx_heuristic_graph_0393,4.1886677742004395,40.84764099121094,818.1879272460938,50.1568717956543,50,36,4,7.75,13
394,1,nx_shortest_path_heuristic,12,12,2,15,1,0.0,1.0,0.0,lc_nx_heuristic_graph_0394,2.7422361373901367,45.1385612487793,857.3438110351562,31.760860443115234,50,49,5,6.333333333333333,10
395,1,nx_shortest_path_heuristic,12,12,2,15,2,0.0,0.0,1.0,lc_nx_heuristic_graph_0395,1.8988237380981445,34.57222366333008,816.1013793945312,23.814254760742188,50,44,3,7.5,14
396,1,nx_shortest_path_heuristic,12,12,2,15,0,1.0,0.0,0.0,lc_nx_heuristic_graph_0396,0.8590071201324463,41.078060150146484,629.1113891601562,16.622819900512695,50,50,3,6.166666666666667,12
397,1,nx_shortest_path_heuristic,12,12,2,15,1,0.0,1.0,0.0,lc_nx_heuristic_graph_0397,3.2256274223327637,38.7400016784668,845.8561401367188,39.105186462402344,50,39,4,7.333333333333333,11
398,1,nx_shortest_path_heuristic,12,12,2,15,2,0.0,0.0,1.0,lc_nx_heuristic_graph_0398,2.514559268951416,44.686885833740234,913.6529541015625,36.02291488647461,50,40,2,7.5,15
399,1,nx_shortest_path_heuristic,12,12,2,15,0,1.0,0.0,0.0,lc_nx_heuristic_graph_0399,5.162980079650879,34.88827896118164,774.1719970703125,63.842464447021484,50,30,2,6.666666666666667,12
400,1,nx_shortest_path_heuristic,12,12,2,15,1,0.0,1.0,0.0,lc_nx_heuristic_graph_0400,2.7801878452301025,45.42855453491211,736.4928588867188,37.33082580566406,50,41,4,6.666666666666667,12
401,1,nx_shortest_path_heuristic,12,12,2,15,2,0.0,0.0,1.0,lc_nx_heuristic_graph_0401,2.1560659408569336,32.92942810058594,869.2442626953125,30.782154083251953,50,42,2,8.0,14
402,1,nx_shortest_path_heuristic,12,12,2,15,0,1.0,0.0,0.0,lc_nx_heuristic_graph_0402,4.46457052230835,36.49568557739258,1081.6219482421875,54.86371612548828,50,34,4,9.25,15
403,1,nx_shortest_path_heuristic,12,12,2,15,1,0.0,1.0,0.0,lc_nx_heuristic_graph_0403,4.803524017333984,39.53425216674805,591.4857177734375,76.8082504272461,50,37,2,5.0,10
404,1,nx_shortest_path_heuristic,12,12,2,15,2,0.0,0.0,1.0,lc_nx_heuristic_graph_0404,2.3846702575683594,37.93177795410156,682.208251953125,37.53658676147461,50,44,3,6.833333333333333,13
405,1,nx_shortest_path_heuristic,12,12,2,15,0,1.0,0.0,0.0,lc_nx_heuristic_graph_0405,2.794318199157715,35.70137023925781,834.3222045898438,32.83238220214844,50,43,3,7.75,14
406,1,nx_shortest_path_heuristic,12,12,2,15,1,0.0,1.0,0.0,lc_nx_heuristic_graph_0406,2.137395143508911,33.016300201416016,632.9071044921875,25.95950698852539,50,46,3,6.166666666666667,12
407,1,nx_shortest_path_heuristic,12,12,2,15,2,0.0,0.0,1.0,lc_nx_heuristic_graph_0407,2.5390572547912598,27.35550308227539,435.9678649902344,42.52509307861328,50,40,3,5.75,10
408,1,nx_shortest_path_heuristic,12,12,2,15,0,1.0,0.0,0.0,lc_nx_heuristic_graph_0408,2.0825939178466797,33.61785125732422,721.5960083007812,20.23374366760254,50,46,2,7.083333333333333,13
409,1,nx_shortest_path_heuristic,12,12,2,15,1,0.0,1.0,0.0,lc_nx_heuristic_graph_0409,3.634488105773926,38.163326263427734,719.9246215820312,46.265316009521484,50,38,3,5.666666666666667,9
410,1,nx_shortest_path_heuristic,12,12,2,15,2,0.0,0.0,1.0,lc_nx_heuristic_graph_0410,2.76603364944458,34.01448440551758,766.7177734375,43.09683609008789,50,43,4,7.75,15
411,1,nx_shortest_path_heuristic,12,12,2,15,0,1.0,0.0,0.0,lc_nx_heuristic_graph_0411,3.044630527496338,31.971887588500977,615.0394897460938,31.25946807861328,50,45,3,6.166666666666667,9
412,1,nx_shortest_path_heuristic,12,12,2,15,1,0.0,1.0,0.0,lc_nx_heuristic_graph_0412,2.4925079345703125,42.04194259643555,1180.1851806640625,16.637510299682617,50,47,3,8.166666666666666,15
413,1,nx_shortest_path_heuristic,12,12,2,15,2,0.0,0.0,1.0,lc_nx_heuristic_graph_0413,2.2711100578308105,46.30472183227539,814.0692138671875,37.8366813659668,50,42,2,5.833333333333333,10
414,1,nx_shortest_path_heuristic,12,12,2,15,0,1.0,0.0,0.0,lc_nx_heuristic_graph_0414,4.854376316070557,36.26448059082031,653.5691528320312,62.388248443603516,50,32,2,5.916666666666667,12
415,1,nx_shortest_path_heuristic,12,12,2,15,1,0.0,1.0,0.0,lc_nx_heuristic_graph_0415,2.5109188556671143,50.176856994628906,1131.5379638671875,22.732362747192383,50,44,4,8.916666666666666,15
416,1,nx_shortest_path_heuristic,12,12,2,15,2,0.0,0.0,1.0,lc_nx_heuristic_graph_0416,2.8209798336029053,35.92205810546875,839.2528686523438,45.66318893432617,50,38,4,7.5,12
417,1,nx_shortest_path_heuristic,12,12,2,15,0,1.0,0.0,0.0,lc_nx_heuristic_graph_0417,3.7566988468170166,39.254249572753906,630.6517333984375,44.66936492919922,50,40,2,6.75,14
418,1,nx_shortest_path_heuristic,12,12,2,15,1,0.0,1.0,0.0,lc_nx_heuristic_graph_0418,3.2639334201812744,42.60078048706055,1029.82080078125,37.2141227722168,50,40,4,9.083333333333334,13
419,1,nx_shortest_path_heuristic,12,12,2,15,2,0.0,0.0,1.0,lc_nx_heuristic_graph_0419,0.9490593671798706,31.924650192260742,713.9071655273438,12.390069961547852,50,49,3,7.166666666666667,13
420,1,nx_shortest_path_heuristic,12,12,2,15,0,1.0,0.0,0.0,lc_nx_heuristic_graph_0420,2.2459912300109863,32.67525100708008,871.031982421875,19.509538650512695,50,45,3,8.583333333333334,13
421,1,nx_shortest_path_heuristic,12,12,2,15,1,0.0,1.0,0.0,lc_nx_heuristic_graph_0421,3.482895851135254,38.318660736083984,698.476318359375,46.76863098144531,50,37,3,6.25,11
422,1,nx_shortest_path_heuristic,12,12,2,15,2,0.0,0.0,1.0,lc_nx_heuristic_graph_0422,1.9574496746063232,42.009971618652344,1039.201171875,24.923442840576172,50,44,4,8.0,12
423,1,nx_shortest_path_heuristic,12,12,2,15,0,1.0,0.0,0.0,lc_nx_heuristic_graph_0423,4.465406894683838,52.610408782958984,1326.8255615234375,54.45527267456055,50,34,3,10.333333333333334,15
424,1,nx_shortest_path_heuristic,12,12,2,15,1,0.0,1.0,0.0,lc_nx_heuristic_graph_0424,2.0144996643066406,36.89563751220703,618.3587036132812,24.954923629760742,50,50,2,6.333333333333333,8
425,1,nx_shortest_path_heuristic,12,12,2,15,2,0.0,0.0,1.0,lc_nx_heuristic_graph_0425,2.670135498046875,36.2974739074707,948.9093017578125,42.052520751953125,50,39,2,8.416666666666666,15
426,1,nx_shortest_path_heuristic,12,12,2,15,0,1.0,0.0,0.0,lc_nx_heuristic_graph_0426,2.2074432373046875,46.403297424316406,710.5752563476562,28.500240325927734,50,46,4,6.583333333333333,13
427,1,nx_shortest_path_heuristic,12,12,2,15,1,0.0,1.0,0.0,lc_nx_heuristic_graph_0427,3.386122941970825,46.71952819824219,663.2974243164062,51.15766525268555,50,39,2,5.333333333333333,11
428,1,nx_shortest_path_heuristic,12,12,2,15,2,0.0,0.0,1.0,lc_nx_heuristic_graph_0428,3.441479206085205,25.842628479003906,604.3619384765625,56.08245086669922,50,34,4,6.916666666666667,11
429,1,nx_shortest_path_heuristic,12,12,2,15,0,1.0,0.0,0.0,lc_nx_heuristic_graph_0429,1.8671196699142456,38.01438903808594,1050.708740234375,13.933608055114746,50,47,3,8.75,14
430,1,nx_shortest_path_heuristic,12,12,2,15,1,0.0,1.0,0.0,lc_nx_heuristic_graph_0430,4.5255937576293945,25.06476402282715,498.8376159667969,66.27378845214844,50,32,2,6.5,10
431,1,nx_shortest_path_heuristic,12,12,2,15,2,0.0,0.0,1.0,lc_nx_heuristic_graph_0431,2.0469810962677,28.49570083618164,540.5316162109375,27.338281631469727,50,43,3,7.0,11
432,1,nx_shortest_path_heuristic,12,12,2,15,0,1.0,0.0,0.0,lc_nx_heuristic_graph_0432,3.981178045272827,36.767356872558594,851.9956665039062,48.615753173828125,50,37,4,7.5,12
433,1,nx_shortest_path_heuristic,12,12,2,15,1,0.0,1.0,0.0,lc_nx_heuristic_graph_0433,3.563539505004883,41.19845962524414,1023.3919067382812,40.38993453979492,50,40,3,7.333333333333333,12
434,1,nx_shortest_path_heuristic,12,12,2,15,2,0.0,0.0,1.0,lc_nx_heuristic_graph_0434,2.9603519439697266,29.10169219970703,707.50390625,45.71875762939453,50,37,3,7.166666666666667,12
435,1,nx_shortest_path_heuristic,12,12,2,15,0,1.0,0.0,0.0,lc_nx_heuristic_graph_0435,1.7339942455291748,28.37090492248535,794.5406494140625,11.304132461547852,50,50,3,8.5,15
436,1,nx_shortest_path_heuristic,12,12,2,15,1,0.0,1.0,0.0,lc_nx_heuristic_graph_0436,2.935840606689453,47.99514389038086,791.4688110351562,54.91600036621094,50,42,2,5.666666666666667,9
437,1,nx_shortest_path_heuristic,12,12,2,15,2,0.0,0.0,1.0,lc_nx_heuristic_graph_0437,2.1989238262176514,30.904338836669922,1032.9984130859375,30.048057556152344,50,49,6,9.75,15
438,1,nx_shortest_path_heuristic,12,12,2,15,0,1.0,0.0,0.0,lc_nx_heuristic_graph_0438,2.7183942794799805,39.90859603881836,866.4724731445312,29.237314224243164,50,43,4,7.833333333333333,13
439,1,nx_shortest_path_heuristic,12,12,2,15,1,0.0,1.0,0.0,lc_nx_heuristic_graph_0439,2.435275077819824,37.1431999206543,992.488037109375,14.011390686035156,50,47,4,9.083333333333334,15
440,1,nx_shortest_path_heuristic,12,12,2,15,2,0.0,0.0,1.0,lc_nx_heuristic_graph_0440,2.496032238006592,28.392677307128906,676.3397216796875,38.2241325378418,50,40,5,7.5,12
441,1,nx_shortest_path_heuristic,12,12,2,15,0,1.0,0.0,0.0,lc_nx_heuristic_graph_0441,2.8080320358276367,29.284698486328125,447.51629638671875,42.58702087402344,50,43,4,6.083333333333333,9
442,1,nx_shortest_path_heuristic,12,12,2,15,1,0.0,1.0,0.0,lc_nx_heuristic_graph_0442,3.525496006011963,25.310710906982422,434.27532958984375,47.49652862548828,50,38,2,6.25,12
443,1,nx_shortest_path_heuristic,12,12,2,15,2,0.0,0.0,1.0,lc_nx_heuristic_graph_0443,2.9756946563720703,25.622407913208008,556.1171264648438,46.80793762207031,50,37,3,7.166666666666667,12
444,1,nx_shortest_path_heuristic,12,12,2,15,0,1.0,0.0,0.0,lc_nx_heuristic_graph_0444,3.2536778450012207,29.07270622253418,514.3916625976562,35.46446990966797,50,41,2,6.833333333333333,10
445,1,nx_shortest_path_heuristic,12,12,2,15,1,0.0,1.0,0.0,lc_nx_heuristic_graph_0445,3.1253905296325684,53.724002838134766,827.1846313476562,43.118927001953125,50,41,3,5.666666666666667,13
446,1,nx_shortest_path_heuristic,12,12,2,15,2,0.0,0.0,1.0,lc_nx_heuristic_graph_0446,1.3857694864273071,49.6601448059082,783.530517578125,28.951114654541016,50,47,2,6.083333333333333,11
447,1,nx_shortest_path_heuristic,12,12,2,15,0,1.0,0.0,0.0,lc_nx_heuristic_graph_0447,3.334656238555908,48.04014205932617,803.8306884765625,35.561767578125,50,41,2,5.666666666666667,13
448,1,nx_shortest_path_heuristic,12,12,2,15,1,0.0,1.0,0.0,lc_nx_heuristic_graph_0448,4.327641010284424,24.431190490722656,584.7033081054688,57.734222412109375,50,34,4,7.5,10
449,1,nx_shortest_path_heuristic,12,12,2,15,2,0.0,0.0,1.0,lc_nx_heuristic_graph_0449,3.8238766193389893,23.146024703979492,546.2518310546875,62.16613006591797,50,31,3,7.75,12
450,1,nx_shortest_path_heuristic,12,12,2,15,0,1.0,0.0,0.0,lc_nx_heuristic_graph_0450,2.7378389835357666,47.72629928588867,775.5874633789062,36.93635940551758,50,44,2,6.25,11
451,1,nx_shortest_path_heuristic,12,12,2,15,1,0.0,1.0,0.0,lc_nx_heuristic_graph_0451,1.0995516777038574,49.85752868652344,845.855224609375,20.943321228027344,50,50,3,6.25,12
452,1,nx_shortest_path_heuristic,12,12,2,15,2,0.0,0.0,1.0,lc_nx_heuristic_graph_0452,3.6636300086975098,36.547340393066406,774.1480102539062,61.36643981933594,50,37,2,6.666666666666667,12
453,1,nx_shortest_path_heuristic,12,12,2,15,0,1.0,0.0,0.0,lc_nx_heuristic_graph_0453,3.2818198204040527,42.90663146972656,699.3734130859375,40.85000991821289,50,41,2,5.5,8
454,1,nx_shortest_path_heuristic,12,12,2,15,1,0.0,1.0,0.0,lc_nx_heuristic_graph_0454,2.7617664337158203,34.9734992980957,719.052001953125,23.618919372558594,50,49,2,7.0,13
455,1,nx_shortest_path_heuristic,12,12,2,15,2,0.0,0.0,1.0,lc_nx_heuristic_graph_0455,3.494065761566162,34.286033630371094,809.0408935546875,57.17729949951172,50,33,2,7.5,12
456,1,nx_shortest_path_heuristic,12,12,2,15,0,1.0,0.0,0.0,lc_nx_heuristic_graph_0456,1.519403338432312,37.48195266723633,737.6671752929688,17.149085998535156,50,49,3,6.666666666666667,11
457,1,nx_shortest_path_heuristic,12,12,2,15,1,0.0,1.0,0.0,lc_nx_heuristic_graph_0457,2.875498056411743,39.33758544921875,861.616455078125,30.732479095458984,50,42,2,7.666666666666667,14
458,1,nx_shortest_path_heuristic,12,12,2,15,2,0.0,0.0,1.0,lc_nx_heuristic_graph_0458,2.1876678466796875,29.61884307861328,823.1797485351562,29.736297607421875,50,42,4,8.5,13
459,1,nx_shortest_path_heuristic,12,12,2,15,0,1.0,0.0,0.0,lc_nx_heuristic_graph_0459,4.8093390464782715,41.42619323730469,933.6103515625,59.70298767089844,50,32,3,8.25,15
460,1,nx_shortest_path_heuristic,12,12,2,15,1,0.0,1.0,0.0,lc_nx_heuristic_graph_0460,3.4355714321136475,37.99140930175781,888.65625,40.66161346435547,50,41,4,6.583333333333333,11
461,1,nx_shortest_path_heuristic,12,12,2,15,2,0.0,0.0,1.0,lc_nx_heuristic_graph_0461,3.784518241882324,34.9225959777832,590.5626220703125,61.63710403442383,50,41,2,5.333333333333333,9
462,1,nx_shortest_path_heuristic,12,12,2,15,0,1.0,0.0,0.0,lc_nx_heuristic_graph_0462,3.686591148376465,37.61133575439453,765.6537475585938,42.558990478515625,50,39,3,6.916666666666667,15
463,1,nx_shortest_path_heuristic,12,12,2,15,1,0.0,1.0,0.0,lc_nx_heuristic_graph_0463,4.02220344543457,25.146465301513672,502.07830810546875,53.392112731933594,50,36,4,6.833333333333333,12
464,1,nx_shortest_path_heuristic,12,12,2,15,2,0.0,0.0,1.0,lc_nx_heuristic_graph_0464,2.496140956878662,42.57150650024414,860.2974853515625,38.337013244628906,50,40,2,7.666666666666667,12
465,1,nx_shortest_path_heuristic,12,12,2,15,0,1.0,0.0,0.0,lc_nx_heuristic_graph_0465,2.408604383468628,41.85008239746094,862.9761962890625,24.913644790649414,50,45,3,6.416666666666667,11
466,1,nx_shortest_path_heuristic,12,12,2,15,1,0.0,1.0,0.0,lc_nx_heuristic_graph_0466,3.6060099601745605,47.487510681152344,812.2647705078125,50.015533447265625,50,46,2,6.083333333333333,13
467,1,nx_shortest_path_heuristic,12,12,2,15,2,0.0,0.0,1.0,lc_nx_heuristic_graph_0467,3.4967122077941895,34.44267654418945,728.0634765625,56.346763610839844,50,37,3,6.333333333333333,11
468,1,nx_shortest_path_heuristic,12,12,2,15,0,1.0,0.0,0.0,lc_nx_heuristic_graph_0468,3.9117331504821777,49.80412673950195,688.4142456054688,58.29231643676758,50,43,2,5.583333333333333,10
469,1,nx_shortest_path_heuristic,12,12,2,15,1,0.0,1.0,0.0,lc_nx_heuristic_graph_0469,3.438253879547119,35.749996185302734,814.5482177734375,42.76485824584961,50,38,2,8.25,15
470,1,nx_shortest_path_heuristic,12,12,2,15,2,0.0,0.0,1.0,lc_nx_heuristic_graph_0470,2.658399820327759,42.66232681274414,951.3980712890625,43.384735107421875,50,41,2,8.333333333333334,14
471,1,nx_shortest_path_heuristic,12,12,2,15,0,1.0,0.0,0.0,lc_nx_heuristic_graph_0471,3.623324394226074,33.986732482910156,672.6978149414062,46.17287826538086,50,39,4,6.083333333333333,9
472,1,nx_shortest_path_heuristic,12,12,2,15,1,0.0,1.0,0.0,lc_nx_heuristic_graph_0472,2.955878734588623,32.275569915771484,524.5410766601562,40.17146682739258,50,41,4,5.916666666666667,14
473,1,nx_shortest_path_heuristic,12,12,2,15,2,0.0,0.0,1.0,lc_nx_heuristic_graph_0473,0.9658361077308655,37.93402862548828,867.8134765625,7.3379926681518555,50,49,3,8.083333333333334,12
474,1,nx_shortest_path_heuristic,12,12,2,15,0,1.0,0.0,0.0,lc_nx_heuristic_graph_0474,2.645876407623291,42.17085266113281,924.2637939453125,33.069908142089844,50,43,2,8.083333333333334,14
475,1,nx_shortest_path_heuristic,12,12,2,15,1,0.0,1.0,0.0,lc_nx_heuristic_graph_0475,1.4758599996566772,42.440956115722656,1053.0718994140625,5.056694507598877,50,50,2,7.583333333333333,13
476,1,nx_shortest_path_heuristic,12,12,2,15,2,0.0,0.0,1.0,lc_nx_heuristic_graph_0476,2.173631191253662,71.67400360107422,689.2451171875,58.55995559692383,50,43,2,4.916666666666667,9
477,1,nx_shortest_path_heuristic,12,12,2,15,0,1.0,0.0,0.0,lc_nx_heuristic_graph_0477,2.3710436820983887,32.7990837097168,670.4635009765625,26.147037506103516,50,45,3,6.333333333333333,9
478,1,nx_shortest_path_heuristic,12,12,2,15,1,0.0,1.0,0.0,lc_nx_heuristic_graph_0478,3.534827470779419,24.465932846069336,543.6813354492188,40.4512825012207,50,39,2,7.333333333333333,13
479,1,nx_shortest_path_heuristic,12,12,2,15,2,0.0,0.0,1.0,lc_nx_heuristic_graph_0479,2.684246063232422,33.263553619384766,573.6104125976562,47.2434196472168,50,39,3,6.666666666666667,10
480,1,nx_shortest_path_heuristic,12,12,2,15,0,1.0,0.0,0.0,lc_nx_heuristic_graph_0480,5.617036819458008,36.401424407958984,784.2400512695312,72.033447265625,50,39,2,5.75,12
481,1,nx_shortest_path_heuristic,12,12,2,15,1,0.0,1.0,0.0,lc_nx_heuristic_graph_0481,4.119508266448975,30.525354385375977,525.9088134765625,60.712677001953125,50,38,2,6.333333333333333,10
482,1,nx_shortest_path_heuristic,12,12,2,15,2,0.0,0.0,1.0,lc_nx_heuristic_graph_0482,2.075072765350342,43.66102981567383,714.7439575195312,35.185630798339844,50,43,2,5.5,9
483,1,nx_shortest_path_heuristic,12,12,2,15,0,1.0,0.0,0.0,lc_nx_heuristic_graph_0483,3.479154109954834,30.46651268005371,442.0200500488281,48.92454147338867,50,40,2,5.916666666666667,11
484,1,nx_shortest_path_heuristic,12,12,2,15,1,0.0,1.0,0.0,lc_nx_heuristic_graph_0484,4.6121625900268555,33.40912628173828,809.649658203125,60.89445495605469,50,42,4,5.916666666666667,9
485,1,nx_shortest_path_heuristic,12,12,2,15,2,0.0,0.0,1.0,lc_nx_heuristic_graph_0485,3.2875752449035645,43.19844436645508,665.0173950195312,55.8704719543457,50,38,2,5.083333333333333,10
486,1,nx_shortest_path_heuristic,12,12,2,15,0,1.0,0.0,0.0,lc_nx_heuristic_graph_0486,3.0885250568389893,36.76288604736328,961.2010498046875,35.45094299316406,50,41,2,8.833333333333334,12
487,1,nx_shortest_path_heuristic,12,12,2,15,1,0.0,1.0,0.0,lc_nx_heuristic_graph_0487,3.846965789794922,24.201528549194336,595.2977905273438,45.497920989990234,50,38,2,7.666666666666667,12
488,1,nx_shortest_path_heuristic,12,12,2,15,2,0.0,0.0,1.0,lc_nx_heuristic_graph_0488,2.0033438205718994,46.36167526245117,1064.1407470703125,26.90216636657715,50,43,3,8.833333333333334,14
489,1,nx_shortest_path_heuristic,12,12,2,15,0,1.0,0.0,0.0,lc_nx_heuristic_graph_0489,3.775129795074463,29.472055435180664,658.3229370117188,42.53948211669922,50,38,3,6.666666666666667,10
490,1,nx_shortest_path_heuristic,12,12,2,15,1,0.0,1.0,0.0,lc_nx_heuristic_graph_0490,1.8058488368988037,49.31853485107422,547.9788818359375,46.09742736816406,50,47,3,5.833333333333333,10
491,1,nx_shortest_path_heuristic,12,12,2,15,2,0.0,0.0,1.0,lc_nx_heuristic_graph_0491,3.2965645790100098,33.606746673583984,920.2650146484375,53.00740432739258,50,40,3,8.166666666666666,13
492,1,nx_shortest_path_heuristic,12,12,2,15,0,1.0,0.0,0.0,lc_nx_heuristic_graph_0492,3.7624967098236084,45.608070373535156,682.7380981445312,42.760414123535156,50,43,2,6.333333333333333,15
493,1,nx_shortest_path_heuristic,12,12,2,15,1,0.0,1.0,0.0,lc_nx_heuristic_graph_0493,3.2645506858825684,25.801963806152344,613.1617431640625,37.275291442871094,50,41,3,7.833333333333333,12
494,1,nx_shortest_path_heuristic,12,12,2,15,2,0.0,0.0,1.0,lc_nx_heuristic_graph_0494,2.637089252471924,37.0017204284668,815.7334594726562,41.67515182495117,50,41,2,6.916666666666667,14
495,1,nx_shortest_path_heuristic,12,12,2,15,0,1.0,0.0,0.0,lc_nx_heuristic_graph_0495,3.1897664070129395,34.53761672973633,931.8054809570312,33.638729095458984,50,50,2,7.833333333333333,14
496,1,nx_shortest_path_heuristic,12,12,2,15,1,0.0,1.0,0.0,lc_nx_heuristic_graph_0496,1.5543566942214966,42.0974235534668,849.6207275390625,7.231914043426514,50,49,2,7.916666666666667,15
497,1,nx_shortest_path_heuristic,12,12,2,15,2,0.0,0.0,1.0,lc_nx_heuristic_graph_0497,2.3996810913085938,42.04222869873047,554.1972045898438,47.95884323120117,50,42,2,6.75,9
498,1,nx_shortest_path_heuristic,12,12,2,15,0,1.0,0.0,0.0,lc_nx_heuristic_graph_0498,2.3526482582092285,28.097597122192383,618.5771484375,23.18318748474121,50,45,2,7.583333333333333,12
499,1,nx_shortest_path_heuristic,12,12,2,15,1,0.0,1.0,0.0,lc_nx_heuristic_graph_0499,2.1057844161987305,36.56744384765625,927.0514526367188,6.170147895812988,50,49,3,8.25,14
500,2,nx_shortest_path_heuristic,13,13,2,15,2,0.0,0.0,1.0,lc_nx_heuristic_graph_0500,2.5433340072631836,41.490047454833984,912.329833984375,40.16887283325195,50,40,5,7.461538461538462,13
501,2,nx_shortest_path_heuristic,13,13,2,15,0,1.0,0.0,0.0,lc_nx_heuristic_graph_0501,2.719961166381836,33.31403350830078,714.0681762695312,28.455236434936523,50,48,2,6.461538461538462,11
502,2,nx_shortest_path_heuristic,13,13,2,15,1,0.0,1.0,0.0,lc_nx_heuristic_graph_0502,2.4012808799743652,32.772438049316406,922.4170532226562,20.759336471557617,50,45,2,8.076923076923077,14
503,2,nx_shortest_path_heuristic,13,13,2,15,2,0.0,0.0,1.0,lc_nx_heuristic_graph_0503,2.91752290725708,34.3400993347168,867.8444213867188,44.320316314697266,50,43,3,7.846153846153846,15
504,2,nx_shortest_path_heuristic,13,13,2,15,0,1.0,0.0,0.0,lc_nx_heuristic_graph_0504,2.1718010902404785,46.35902404785156,891.6204833984375,22.24140167236328,50,46,3,5.923076923076923,10
505,2,nx_shortest_path_heuristic,13,13,2,15,1,0.0,1.0,0.0,lc_nx_heuristic_graph_0505,0.9813219904899597,39.601924896240234,967.4483642578125,0.8434808850288391,50,50,2,7.923076923076923,14
506,2,nx_shortest_path_heuristic,13,13,2,15,2,0.0,0.0,1.0,lc_nx_heuristic_graph_0506,1.9065051078796387,26.75791358947754,682.9039916992188,25.07247543334961,50,44,2,7.769230769230769,12
507,2,nx_shortest_path_heuristic,13,13,2,15,0,1.0,0.0,0.0,lc_nx_heuristic_graph_0507,4.8807854652404785,23.74454116821289,606.451416015625,59.761070251464844,50,35,3,7.153846153846154,13
508,2,nx_shortest_path_heuristic,13,13,2,15,1,0.0,1.0,0.0,lc_nx_heuristic_graph_0508,2.7573375701904297,43.45118713378906,1032.072021484375,26.74403190612793,50,43,3,8.384615384615385,15
509,2,nx_shortest_path_heuristic,13,13,2,15,2,0.0,0.0,1.0,lc_nx_heuristic_graph_0509,2.9917192459106445,35.46895980834961,801.7142944335938,48.50267028808594,50,37,2,7.153846153846154,13
510,2,nx_shortest_path_heuristic,13,13,2,15,0,1.0,0.0,0.0,lc_nx_heuristic_graph_0510,2.8408262729644775,40.07673645019531,927.9724731445312,29.898759841918945,50,43,3,7.076923076923077,12
511,2,nx_shortest_path_heuristic,13,13,2,15,1,0.0,1.0,0.0,lc_nx_heuristic_graph_0511,3.6782045364379883,36.22873306274414,800.3967895507812,48.448699951171875,50,41,2,7.076923076923077,13
512,2,nx_shortest_path_heuristic,13,13,2,15,2,0.0,0.0,1.0,lc_nx_heuristic_graph_0512,3.947824478149414,30.21204376220703,573.3927612304688,66.73094940185547,50,34,2,5.769230769230769,10
513,2,nx_shortest_path_heuristic,13,13,2,15,0,1.0,0.0,0.0,lc_nx_heuristic_graph_0513,4.017080783843994,26.616315841674805,518.3486938476562,46.43988800048828,50,37,2,6.538461538461538,13
514,2,nx_shortest_path_heuristic,13,13,2,15,1,0.0,1.0,0.0,lc_nx_heuristic_graph_0514,2.321950674057007,37.41071701049805,799.2740478515625,20.092256546020508,50,45,4,7.230769230769231,13
515,2,nx_shortest_path_heuristic,13,13,2,15,2,0.0,0.0,1.0,lc_nx_heuristic_graph_0515,2.1962339878082275,24.23700523376465,498.1104736328125,33.791534423828125,50,42,2,6.615384615384615,13
516,2,nx_shortest_path_heuristic,13,13,2,15,0,1.0,0.0,0.0,lc_nx_heuristic_graph_0516,2.541942596435547,24.648571014404297,620.2523803710938,23.0109920501709,50,44,4,8.307692307692308,12
517,2,nx_shortest_path_heuristic,13,13,2,15,1,0.0,1.0,0.0,lc_nx_heuristic_graph_0517,2.3783819675445557,37.32543182373047,811.068115234375,23.987642288208008,50,46,2,7.538461538461538,13
518,2,nx_shortest_path_heuristic,13,13,2,15,2,0.0,0.0,1.0,lc_nx_heuristic_graph_0518,0.9729329347610474,38.759098052978516,990.3742065429688,4.828152179718018,50,49,2,8.0,15
519,2,nx_shortest_path_heuristic,13,13,2,15,0,1.0,0.0,0.0,lc_nx_heuristic_graph_0519,3.731901168823242,44.80287170410156,1109.688720703125,42.703834533691406,50,38,4,8.153846153846153,14
520,2,nx_shortest_path_heuristic,13,13,2,15,1,0.0,1.0,0.0,lc_nx_heuristic_graph_0520,3.4144649505615234,28.630855560302734,503.8123779296875,48.03044128417969,50,39,2,6.769230769230769,12
521,2,nx_shortest_path_heuristic,13,13,2,15,2,0.0,0.0,1.0,lc_nx_heuristic_graph_0521,0.940581738948822,33.05803680419922,930.0921630859375,5.875777244567871,50,49,5,7.846153846153846,11
522,2,nx_shortest_path_heuristic,13,13,2,15,0,1.0,0.0,0.0,lc_nx_heuristic_graph_0522,2.663790225982666,43.306270599365234,1066.1087646484375,27.465953826904297,50,43,3,8.153846153846153,13
523,2,nx_shortest_path_heuristic,13,13,2,15,1,0.0,1.0,0.0,lc_nx_heuristic_graph_0523,1.8643754720687866,40.49032974243164,762.2247924804688,25.787757873535156,50,50,2,6.769230769230769,13
524,2,nx_shortest_path_heuristic,13,13,2,15,2,0.0,0.0,1.0,lc_nx_heuristic_graph_0524,1.3592894077301025,42.01813888549805,937.1551513671875,15.826007843017578,50,47,2,6.538461538461538,12
525,2,nx_shortest_path_heuristic,13,13,2,15,0,1.0,0.0,0.0,lc_nx_heuristic_graph_0525,2.206747055053711,41.10958480834961,932.5733642578125,22.882110595703125,50,46,2,6.461538461538462,11
526,2,nx_shortest_path_heuristic,13,13,2,15,1,0.0,1.0,0.0,lc_nx_heuristic_graph_0526,2.9255454540252686,36.225379943847656,1131.5584716796875,29.728708267211914,50,42,5,9.461538461538462,15
527,2,nx_shortest_path_heuristic,13,13,2,15,2,0.0,0.0,1.0,lc_nx_heuristic_graph_0527,1.687911033630371,32.83539962768555,781.3134155273438,24.911773681640625,50,45,2,7.3076923076923075,11
528,2,nx_shortest_path_heuristic,13,13,2,15,0,1.0,0.0,0.0,lc_nx_heuristic_graph_0528,4.277276992797852,37.67222213745117,920.9449462890625,51.37205123901367,50,37,2,7.384615384615385,15
529,2,nx_shortest_path_heuristic,13,13,2,15,1,0.0,1.0,0.0,lc_nx_heuristic_graph_0529,2.669309139251709,40.38010787963867,957.9050903320312,22.647199630737305,50,45,3,7.846153846153846,12
530,2,nx_shortest_path_heuristic,13,13,2,15,2,0.0,0.0,1.0,lc_nx_heuristic_graph_0530,1.5076303482055664,40.21955490112305,808.7989501953125,22.639005661010742,50,46,2,6.3076923076923075,15
531,2,nx_shortest_path_heuristic,13,13,2,15,0,1.0,0.0,0.0,lc_nx_heuristic_graph_0531,3.7841668128967285,37.387569427490234,910.3071899414062,48.248008728027344,50,40,2,5.923076923076923,10
532,2,nx_shortest_path_heuristic,13,13,2,15,1,0.0,1.0,0.0,lc_nx_heuristic_graph_0532,3.8024814128875732,33.06262969970703,775.6075439453125,55.11438751220703,50,38,3,7.0,12
533,2,nx_shortest_path_heuristic,13,13,2,15,2,0.0,0.0,1.0,lc_nx_heuristic_graph_0533,1.396573781967163,49.483516693115234,958.1383056640625,31.345659255981445,50,47,3,6.384615384615385,11
534,2,nx_shortest_path_heuristic,13,13,2,15,0,1.0,0.0,0.0,lc_nx_heuristic_graph_0534,4.98227071762085,38.146522521972656,938.6412353515625,61.1430778503418,50,40,3,5.769230769230769,11
535,2,nx_shortest_path_heuristic,13,13,2,15,1,0.0,1.0,0.0,lc_nx_heuristic_graph_0535,2.4627749919891357,35.69953918457031,996.3135986328125,15.86495590209961,50,46,4,8.461538461538462,15
536,2,nx_shortest_path_heuristic,13,13,2,15,2,0.0,0.0,1.0,lc_nx_heuristic_graph_0536,3.641260862350464,18.415555953979492,407.7377624511719,61.64931106567383,50,34,2,6.076923076923077,11
537,2,nx_shortest_path_heuristic,13,13,2,15,0,1.0,0.0,0.0,lc_nx_heuristic_graph_0537,3.349599838256836,41.06266784667969,1122.1593017578125,36.82140350341797,50,40,4,8.692307692307692,15
538,2,nx_shortest_path_heuristic,13,13,2,15,1,0.0,1.0,0.0,lc_nx_heuristic_graph_0538,3.4067206382751465,41.62493896484375,798.464599609375,47.37382888793945,50,42,2,5.3076923076923075,11
539,2,nx_shortest_path_heuristic,13,13,2,15,2,0.0,0.0,1.0,lc_nx_heuristic_graph_0539,1.5655128955841064,39.72895050048828,864.4739990234375,23.710994720458984,50,49,2,7.846153846153846,14
540,2,nx_shortest_path_heuristic,13,13,2,15,0,1.0,0.0,0.0,lc_nx_heuristic_graph_0540,2.6655216217041016,43.92997360229492,548.853759765625,46.2437629699707,50,50,2,5.3076923076923075,13
541,2,nx_shortest_path_heuristic,13,13,2,15,1,0.0,1.0,0.0,lc_nx_heuristic_graph_0541,2.8775744438171387,32.950950622558594,814.5750122070312,30.27525520324707,50,45,3,7.769230769230769,14
542,2,nx_shortest_path_heuristic,13,13,2,15,2,0.0,0.0,1.0,lc_nx_heuristic_graph_0542,1.1053190231323242,42.434425354003906,892.0512084960938,17.23256492614746,50,48,5,8.153846153846153,15
543,2,nx_shortest_path_heuristic,13,13,2,15,0,1.0,0.0,0.0,lc_nx_heuristic_graph_0543,4.305466651916504,33.01541519165039,764.8648681640625,51.512550354003906,50,35,2,6.538461538461538,12
544,2,nx_shortest_path_heuristic,13,13,2,15,1,0.0,1.0,0.0,lc_nx_heuristic_graph_0544,2.782154083251953,30.822839736938477,855.347900390625,23.507856369018555,50,44,2,7.769230769230769,11
545,2,nx_shortest_path_heuristic,13,13,2,15,2,0.0,0.0,1.0,lc_nx_heuristic_graph_0545,2.3340179920196533,45.8661003112793,933.451171875,47.708892822265625,50,41,3,7.230769230769231,14
546,2,nx_shortest_path_heuristic,13,13,2,15,0,1.0,0.0,0.0,lc_nx_heuristic_graph_0546,3.3269104957580566,39.33015823364258,1072.72216796875,36.930118560791016,50,40,2,8.384615384615385,15
547,2,nx_shortest_path_heuristic,13,13,2,15,1,0.0,1.0,0.0,lc_nx_heuristic_graph_0547,2.033304214477539,34.595252990722656,801.3060913085938,6.128218173980713,50,49,4,6.6923076923076925,11
548,2,nx_shortest_path_heuristic,13,13,2,15,2,0.0,0.0,1.0,lc_nx_heuristic_graph_0548,1.7255241870880127,36.102928161621094,726.763671875,26.06121253967285,50,48,3,6.230769230769231,11
549,2,nx_shortest_path_heuristic,13,13,2,15,0,1.0,0.0,0.0,lc_nx_heuristic_graph_0549,1.7899527549743652,32.99447250366211,909.1763305664062,14.684341430664062,50,47,3,7.384615384615385,15
550,2,nx_shortest_path_heuristic,13,13,2,15,1,0.0,1.0,0.0,lc_nx_heuristic_graph_0550,4.458725929260254,42.09193420410156,802.7460327148438,66.2975845336914,50,34,4,6.230769230769231,11
551,2,nx_shortest_path_heuristic,13,13,2,15,2,0.0,0.0,1.0,lc_nx_heuristic_graph_0551,3.3178930282592773,26.403501510620117,553.8211669921875,53.99106216430664,50,35,3,6.461538461538462,10
552,2,nx_shortest_path_heuristic,13,13,2,15,0,1.0,0.0,0.0,lc_nx_heuristic_graph_0552,2.054412603378296,36.17060089111328,949.6677856445312,15.376043319702148,50,49,3,7.769230769230769,15
553,2,nx_shortest_path_heuristic,13,13,2,15,1,0.0,1.0,0.0,lc_nx_heuristic_graph_0553,2.0263783931732178,56.07738494873047,731.8079223632812,44.914207458496094,50,47,3,5.384615384615385,11
554,2,nx_shortest_path_heuristic,13,13,2,15,2,0.0,0.0,1.0,lc_nx_heuristic_graph_0554,2.042294979095459,34.65126419067383,781.4907836914062,27.628215789794922,50,43,3,6.846153846153846,12
555,2,nx_shortest_path_heuristic,13,13,2,15,0,1.0,0.0,0.0,lc_nx_heuristic_graph_0555,3.7922468185424805,39.465763092041016,767.3894653320312,50.256591796875,50,44,2,6.615384615384615,14
556,2,nx_shortest_path_heuristic,13,13,2,15,1,0.0,1.0,0.0,lc_nx_heuristic_graph_0556,3.1790077686309814,41.02830123901367,1138.5111083984375,41.654457092285156,50,40,4,9.153846153846153,14
557,2,nx_shortest_path_heuristic,13,13,2,15,2,0.0,0.0,1.0,lc_nx_heuristic_graph_0557,2.2245676517486572,48.644222259521484,780.9771118164062,45.618385314941406,50,45,3,5.076923076923077,10
558,2,nx_shortest_path_heuristic,13,13,2,15,0,1.0,0.0,0.0,lc_nx_heuristic_graph_0558,3.404521942138672,24.993480682373047,628.7260131835938,36.95046615600586,50,42,2,7.0,10
559,2,nx_shortest_path_heuristic,13,13,2,15,1,0.0,1.0,0.0,lc_nx_heuristic_graph_0559,2.610980272293091,44.0708122253418,826.8511962890625,34.425418853759766,50,42,2,6.923076923076923,15
560,2,nx_shortest_path_heuristic,13,13,2,15,2,0.0,0.0,1.0,lc_nx_heuristic_graph_0560,1.453511357307434,39.035316467285156,810.8798828125,23.908817291259766,50,49,2,6.769230769230769,14
561,2,nx_shortest_path_heuristic,13,13,2,15,0,1.0,0.0,0.0,lc_nx_heuristic_graph_0561,2.9317517280578613,43.93231201171875,890.1685180664062,30.405118942260742,50,42,3,7.923076923076923,14
562,2,nx_shortest_path_heuristic,13,13,2,15,1,0.0,1.0,0.0,lc_nx_heuristic_graph_0562,2.462019920349121,31.85922622680664,680.8568115234375,22.313419342041016,50,46,3,6.230769230769231,10
563,2,nx_shortest_path_heuristic,13,13,2,15,2,0.0,0.0,1.0,lc_nx_heuristic_graph_0563,2.3087282180786133,45.533809661865234,1109.5462646484375,32.046775817871094,50,41,3,9.384615384615385,15
564,2,nx_shortest_path_heuristic,13,13,2,15,0,1.0,0.0,0.0,lc_nx_heuristic_graph_0564,3.935974597930908,35.85988998413086,859.4501342773438,46.3017578125,50,37,2,7.384615384615385,15
565,2,nx_shortest_path_heuristic,13,13,2,15,1,0.0,1.0,0.0,lc_nx_heuristic_graph_0565,1.7184116840362549,35.21729278564453,890.1765747070312,5.742303371429443,50,49,3,7.6923076923076925,13
566,2,nx_shortest_path_heuristic,13,13,2,15,2,0.0,0.0,1.0,lc_nx_heuristic_graph_0566,0.24157088994979858,35.657222747802734,990.0510864257812,4.901116847991943,50,50,3,8.461538461538462,15
567,2,nx_shortest_path_heuristic,13,13,2,15,0,1.0,0.0,0.0,lc_nx_heuristic_graph_0567,2.0137534141540527,44.678775787353516,721.892578125,20.63816261291504,50,50,2,6.153846153846154,11
568,2,nx_shortest_path_heuristic,13,13,2,15,1,0.0,1.0,0.0,lc_nx_heuristic_graph_0568,2.5505356788635254,50.90719223022461,872.2013549804688,41.01839828491211,50,45,2,6.076923076923077,14
569,2,nx_shortest_path_heuristic,13,13,2,15,2,0.0,0.0,1.0,lc_nx_heuristic_graph_0569,2.056990146636963,39.173789978027344,889.5184936523438,27.772560119628906,50,43,3,6.076923076923077,13
570,2,nx_shortest_path_heuristic,13,13,2,15,0,1.0,0.0,0.0,lc_nx_heuristic_graph_0570,1.5196970701217651,32.38788986206055,817.994384765625,14.674395561218262,50,48,3,7.230769230769231,12
571,2,nx_shortest_path_heuristic,13,13,2,15,1,0.0,1.0,0.0,lc_nx_heuristic_graph_0571,2.6658568382263184,42.65202331542969,1008.8854370117188,25.85971450805664,50,45,4,6.384615384615385,10
572,2,nx_shortest_path_heuristic,13,13,2,15,2,0.0,0.0,1.0,lc_nx_heuristic_graph_0572,0.9072763919830322,33.2196044921875,919.3104248046875,5.672028064727783,50,49,4,7.923076923076923,15
573,2,nx_shortest_path_heuristic,13,13,2,15,0,1.0,0.0,0.0,lc_nx_heuristic_graph_0573,4.1631317138671875,37.689491271972656,826.2774658203125,49.061439514160156,50,36,3,6.923076923076923,12
574,2,nx_shortest_path_heuristic,13,13,2,15,1,0.0,1.0,0.0,lc_nx_heuristic_graph_0574,2.653012752532959,37.14375686645508,1000.5624389648438,19.659000396728516,50,46,4,8.0,14
575,2,nx_shortest_path_heuristic,13,13,2,15,2,0.0,0.0,1.0,lc_nx_heuristic_graph_0575,2.6688809394836426,38.47576141357422,1031.42138671875,37.82521057128906,50,39,3,8.615384615384615,15
576,2,nx_shortest_path_heuristic,13,13,2,15,0,1.0,0.0,0.0,lc_nx_heuristic_graph_0576,3.634061813354492,39.93352508544922,456.1955261230469,49.444725036621094,50,40,2,5.769230769230769,10
577,2,nx_shortest_path_heuristic,13,13,2,15,1,0.0,1.0,0.0,lc_nx_heuristic_graph_0577,3.031675100326538,34.77656173706055,560.7097778320312,33.969886779785156,50,41,3,6.615384615384615,13
578,2,nx_shortest_path_heuristic,13,13,2,15,2,0.0,0.0,1.0,lc_nx_heuristic_graph_0578,0.2451101392507553,34.829593658447266,952.0818481445312,0.3377678096294403,50,50,2,8.23076923076923,15
579,2,nx_shortest_path_heuristic,13,13,2,15,0,1.0,0.0,0.0,lc_nx_heuristic_graph_0579,1.9826014041900635,41.29753875732422,851.5590209960938,20.9355525970459,50,46,2,7.538461538461538,14
580,2,nx_shortest_path_heuristic,13,13,2,15,1,0.0,1.0,0.0,lc_nx_heuristic_graph_0580,2.5843751430511475,46.07196044921875,825.576171875,32.643070220947266,50,42,3,7.230769230769231,13
581,2,nx_shortest_path_heuristic,13,13,2,15,2,0.0,0.0,1.0,lc_nx_heuristic_graph_0581,3.1318247318267822,25.513729095458984,464.6082763671875,49.93022918701172,50,40,3,6.230769230769231,11
582,2,nx_shortest_path_heuristic,13,13,2,15,0,1.0,0.0,0.0,lc_nx_heuristic_graph_0582,4.165966033935547,46.10577392578125,766.3516845703125,55.166690826416016,50,36,2,5.846153846153846,14
583,2,nx_shortest_path_heuristic,13,13,2,15,1,0.0,1.0,0.0,lc_nx_heuristic_graph_0583,3.1513524055480957,33.286460876464844,500.4482116699219,45.32359313964844,50,41,4,6.538461538461538,10
584,2,nx_shortest_path_heuristic,13,13,2,15,2,0.0,0.0,1.0,lc_nx_heuristic_graph_0584,1.2780095338821411,60.222537994384766,941.5631103515625,37.857513427734375,50,48,2,6.153846153846154,12
585,2,nx_shortest_path_heuristic,13,13,2,15,0,1.0,0.0,0.0,lc_nx_heuristic_graph_0585,3.724012851715088,37.37881088256836,901.8818969726562,42.90004348754883,50,38,4,7.461538461538462,14
586,2,nx_shortest_path_heuristic,13,13,2,15,1,0.0,1.0,0.0,lc_nx_heuristic_graph_0586,2.577859401702881,43.36381912231445,944.6041259765625,29.454320907592773,50,45,4,6.3076923076923075,10
587,2,nx_shortest_path_heuristic,13,13,2,15,2,0.0,0.0,1.0,lc_nx_heuristic_graph_0587,1.513684630393982,34.6517448425293,842.5191040039062,22.82445526123047,50,46,2,7.230769230769231,15
588,2,nx_shortest_path_heuristic,13,13,2,15,0,1.0,0.0,0.0,lc_nx_heuristic_graph_0588,3.349297046661377,44.48994064331055,994.5677490234375,35.5883903503418,50,40,4,8.0,15
589,2,nx_shortest_path_heuristic,13,13,2,15,1,0.0,1.0,0.0,lc_nx_heuristic_graph_0589,2.943084239959717,28.751548767089844,546.3267211914062,37.27785873413086,50,42,3,6.384615384615385,11
590,2,nx_shortest_path_heuristic,13,13,2,15,2,0.0,0.0,1.0,lc_nx_heuristic_graph_0590,3.516934633255005,31.716371536254883,620.6653442382812,58.26276397705078,50,33,2,5.923076923076923,13
591,2,nx_shortest_path_heuristic,13,13,2,15,0,1.0,0.0,0.0,lc_nx_heuristic_graph_0591,4.03754997253418,28.887971878051758,623.7876586914062,45.883670806884766,50,37,2,7.384615384615385,11
592,2,nx_shortest_path_heuristic,13,13,2,15,1,0.0,1.0,0.0,lc_nx_heuristic_graph_0592,2.8333075046539307,31.891386032104492,770.0359497070312,32.605594635009766,50,43,4,7.0,9
593,2,nx_shortest_path_heuristic,13,13,2,15,2,0.0,0.0,1.0,lc_nx_heuristic_graph_0593,2.2029547691345215,51.83544921875,938.1326904296875,37.7511100769043,50,42,5,7.153846153846154,12
594,2,nx_shortest_path_heuristic,13,13,2,15,0,1.0,0.0,0.0,lc_nx_heuristic_graph_0594,2.920865058898926,37.29304885864258,978.142333984375,31.13303565979004,50,42,2,8.384615384615385,15
595,2,nx_shortest_path_heuristic,13,13,2,15,1,0.0,1.0,0.0,lc_nx_heuristic_graph_0595,1.6789889335632324,35.17993927001953,810.444091796875,12.39153003692627,50,49,2,6.846153846153846,14
596,2,nx_shortest_path_heuristic,13,13,2,15,2,0.0,0.0,1.0,lc_nx_heuristic_graph_0596,3.375929355621338,31.28223991394043,616.4673461914062,54.01969528198242,50,49,2,5.615384615384615,11
597,2,nx_shortest_path_heuristic,13,13,2,15,0,1.0,0.0,0.0,lc_nx_heuristic_graph_0597,3.134845733642578,38.292137145996094,994.0156860351562,34.377994537353516,50,41,3,7.846153846153846,12
598,2,nx_shortest_path_heuristic,13,13,2,15,1,0.0,1.0,0.0,lc_nx_heuristic_graph_0598,4.070488929748535,27.56838607788086,650.0075073242188,48.74600601196289,50,37,4,7.846153846153846,11
599,2,nx_shortest_path_heuristic,13,13,2,15,2,0.0,0.0,1.0,lc_nx_heuristic_graph_0599,2.9518022537231445,37.21009826660156,900.3524780273438,48.33799362182617,50,39,2,7.461538461538462,14
600,2,nx_shortest_path_heuristic,13,13,2,15,0,1.0,0.0,0.0,lc_nx_heuristic_graph_0600,3.627734422683716,33.56999588012695,929.2394409179688,41.932769775390625,50,39,4,7.615384615384615,11
601,2,nx_shortest_path_heuristic,13,13,2,15,1,0.0,1.0,0.0,lc_nx_heuristic_graph_0601,1.2548344135284424,47.39252853393555,797.708740234375,16.625381469726562,50,50,3,6.6923076923076925,11
602,2,nx_shortest_path_heuristic,13,13,2,15,2,0.0,0.0,1.0,lc_nx_heuristic_graph_0602,1.8440232276916504,36.33884048461914,941.9219360351562,27.755271911621094,50,44,2,8.23076923076923,15
603,2,nx_shortest_path_heuristic,13,13,2,15,0,1.0,0.0,0.0,lc_nx_heuristic_graph_0603,3.780287742614746,36.66188049316406,774.6524047851562,43.25539016723633,50,38,2,6.615384615384615,14
604,2,nx_shortest_path_heuristic,13,13,2,15,1,0.0,1.0,0.0,lc_nx_heuristic_graph_0604,2.6439952850341797,50.33987808227539,773.2301025390625,33.204017639160156,50,44,3,5.6923076923076925,11
605,2,nx_shortest_path_heuristic,13,13,2,15,2,0.0,0.0,1.0,lc_nx_heuristic_graph_0605,1.478827953338623,33.8834342956543,1119.1070556640625,15.378633499145508,50,46,3,10.0,15
606,2,nx_shortest_path_heuristic,13,13,2,15,0,1.0,0.0,0.0,lc_nx_heuristic_graph_0606,3.719972610473633,38.856544494628906,720.099365234375,48.14616012573242,50,39,2,6.615384615384615,12
607,2,nx_shortest_path_heuristic,13,13,2,15,1,0.0,1.0,0.0,lc_nx_heuristic_graph_0607,2.203451156616211,35.793460845947266,935.6304321289062,14.901518821716309,50,47,5,8.153846153846153,13
608,2,nx_shortest_path_heuristic,13,13,2,15,2,0.0,0.0,1.0,lc_nx_heuristic_graph_0608,3.380753517150879,33.59320831298828,763.9149780273438,54.450462341308594,50,36,2,6.846153846153846,12
609,2,nx_shortest_path_heuristic,13,13,2,15,0,1.0,0.0,0.0,lc_nx_heuristic_graph_0609,1.6757732629776,33.54251480102539,868.8613891601562,11.776468276977539,50,48,3,6.846153846153846,10
610,2,nx_shortest_path_heuristic,13,13,2,15,1,0.0,1.0,0.0,lc_nx_heuristic_graph_0610,3.7180774211883545,38.09740447998047,1246.35205078125,42.44837188720703,50,38,4,9.76923076923077,15
611,2,nx_shortest_path_heuristic,13,13,2,15,2,0.0,0.0,1.0,lc_nx_heuristic_graph_0611,2.5391407012939453,26.233360290527344,496.64190673828125,37.4920768737793,50,42,2,6.769230769230769,14
612,2,nx_shortest_path_heuristic,13,13,2,15,0,1.0,0.0,0.0,lc_nx_heuristic_graph_0612,2.0187156200408936,35.15595626831055,730.1458129882812,15.96192741394043,50,47,2,6.6923076923076925,14
613,2,nx_shortest_path_heuristic,13,13,2,15,1,0.0,1.0,0.0,lc_nx_heuristic_graph_0613,3.9280896186828613,43.81401824951172,1241.71923828125,48.21141052246094,50,36,2,9.23076923076923,14
614,2,nx_shortest_path_heuristic,13,13,2,15,2,0.0,0.0,1.0,lc_nx_heuristic_graph_0614,2.653837203979492,32.87276077270508,692.2403564453125,39.49678039550781,50,39,3,6.923076923076923,12
615,2,nx_shortest_path_heuristic,13,13,2,15,0,1.0,0.0,0.0,lc_nx_heuristic_graph_0615,4.3177995681762695,37.509883880615234,1052.4300537109375,50.85151290893555,50,35,3,8.153846153846153,11
616,2,nx_shortest_path_heuristic,13,13,2,15,1,0.0,1.0,0.0,lc_nx_heuristic_graph_0616,1.0112935304641724,43.3862190246582,1150.1434326171875,3.062279224395752,50,50,2,9.307692307692308,15
617,2,nx_shortest_path_heuristic,13,13,2,15,2,0.0,0.0,1.0,lc_nx_heuristic_graph_0617,2.555598735809326,40.63199996948242,749.947509765625,44.74120330810547,50,43,2,5.461538461538462,11
618,2,nx_shortest_path_heuristic,13,13,2,15,0,1.0,0.0,0.0,lc_nx_heuristic_graph_0618,2.089625835418701,38.11383819580078,747.8261108398438,17.029043197631836,50,46,2,6.384615384615385,15
619,2,nx_shortest_path_heuristic,13,13,2,15,1,0.0,1.0,0.0,lc_nx_heuristic_graph_0619,3.3880136013031006,30.821277618408203,969.725341796875,41.023590087890625,50,39,4,8.307692307692308,14
620,2,nx_shortest_path_heuristic,13,13,2,15,2,0.0,0.0,1.0,lc_nx_heuristic_graph_0620,1.5745015144348145,40.94414520263672,728.98046875,27.117332458496094,50,50,3,6.538461538461538,12
621,2,nx_shortest_path_heuristic,13,13,2,15,0,1.0,0.0,0.0,lc_nx_heuristic_graph_0621,0.6885882616043091,37.27130889892578,810.051025390625,3.740086793899536,50,50,4,6.769230769230769,14
622,2,nx_shortest_path_heuristic,13,13,2,15,1,0.0,1.0,0.0,lc_nx_heuristic_graph_0622,3.641963005065918,33.805606842041016,979.5534057617188,42.928340911865234,50,38,2,8.076923076923077,13
623,2,nx_shortest_path_heuristic,13,13,2,15,2,0.0,0.0,1.0,lc_nx_heuristic_graph_0623,2.0057644844055176,34.89470672607422,933.0852661132812,29.652441024780273,50,43,5,7.923076923076923,12
624,2,nx_shortest_path_heuristic,13,13,2,15,0,1.0,0.0,0.0,lc_nx_heuristic_graph_0624,3.5806422233581543,39.56911849975586,727.3509521484375,42.45991897583008,50,42,2,5.923076923076923,11
625,2,nx_shortest_path_heuristic,13,13,2,15,1,0.0,1.0,0.0,lc_nx_heuristic_graph_0625,3.0305821895599365,37.77376937866211,879.0780029296875,34.30513000488281,50,43,2,7.153846153846154,15
626,2,nx_shortest_path_heuristic,13,13,2,15,2,0.0,0.0,1.0,lc_nx_heuristic_graph_0626,2.223470687866211,30.251379013061523,503.4985656738281,40.80293273925781,50,42,2,6.461538461538462,12
627,2,nx_shortest_path_heuristic,13,13,2,15,0,1.0,0.0,0.0,lc_nx_heuristic_graph_0627,1.6508347988128662,31.86322784423828,852.1353149414062,11.546817779541016,50,48,2,7.230769230769231,12
628,2,nx_shortest_path_heuristic,13,13,2,15,1,0.0,1.0,0.0,lc_nx_heuristic_graph_0628,2.637524127960205,46.79927444458008,918.2033081054688,29.179611206054688,50,44,4,5.923076923076923,12
629,2,nx_shortest_path_heuristic,13,13,2,15,2,0.0,0.0,1.0,lc_nx_heuristic_graph_0629,2.7512168884277344,41.305301666259766,876.0427856445312,45.464717864990234,50,39,4,6.230769230769231,13
630,2,nx_shortest_path_heuristic,13,13,2,15,0,1.0,0.0,0.0,lc_nx_heuristic_graph_0630,3.3042964935302734,30.526180267333984,510.7906188964844,34.73549270629883,50,44,2,6.538461538461538,10
631,2,nx_shortest_path_heuristic,13,13,2,15,1,0.0,1.0,0.0,lc_nx_heuristic_graph_0631,2.9516000747680664,37.810115814208984,1011.4409790039062,26.569908142089844,50,43,2,7.923076923076923,15
632,2,nx_shortest_path_heuristic,13,13,2,15,2,0.0,0.0,1.0,lc_nx_heuristic_graph_0632,3.198106288909912,30.715547561645508,629.134765625,52.593196868896484,50,36,2,6.6923076923076925,12
633,2,nx_shortest_path_heuristic,13,13,2,15,0,1.0,0.0,0.0,lc_nx_heuristic_graph_0633,0.9164744019508362,51.72964859008789,982.58203125,32.66900634765625,50,50,5,8.0,12
634,2,nx_shortest_path_heuristic,13,13,2,15,1,0.0,1.0,0.0,lc_nx_heuristic_graph_0634,3.2293171882629395,43.18624496459961,799.2639770507812,43.38615036010742,50,41,2,7.076923076923077,15
635,2,nx_shortest_path_heuristic,13,13,2,15,2,0.0,0.0,1.0,lc_nx_heuristic_graph_0635,2.2245471477508545,35.738101959228516,860.660400390625,36.4247932434082,50,42,3,7.538461538461538,10
636,2,nx_shortest_path_heuristic,13,13,2,15,0,1.0,0.0,0.0,lc_nx_heuristic_graph_0636,3.744300365447998,42.324012756347656,1160.0572509765625,41.860599517822266,50,38,4,8.538461538461538,14
637,2,nx_shortest_path_heuristic,13,13,2,15,1,0.0,1.0,0.0,lc_nx_heuristic_graph_0637,2.1772899627685547,51.62150955200195,971.8817749023438,24.29196548461914,50,47,3,6.461538461538462,10
638,2,nx_shortest_path_heuristic,13,13,2,15,2,0.0,0.0,1.0,lc_nx_heuristic_graph_0638,2.141765832901001,33.01555252075195,930.2821655273438,29.980491638183594,50,47,5,7.615384615384615,12
639,2,nx_shortest_path_heuristic,13,13,2,15,0,1.0,0.0,0.0,lc_nx_heuristic_graph_0639,1.2549855709075928,37.81751251220703,955.1317749023438,7.373073101043701,50,49,2,7.846153846153846,15
640,2,nx_shortest_path_heuristic,13,13,2,15,1,0.0,1.0,0.0,lc_nx_heuristic_graph_0640,2.3993964195251465,37.01649856567383,742.779541015625,31.152326583862305,50,45,2,6.923076923076923,13
641,2,nx_shortest_path_heuristic,13,13,2,15,2,0.0,0.0,1.0,lc_nx_heuristic_graph_0641,1.1192773580551147,33.4653434753418,817.0402221679688,9.670003890991211,50,48,2,7.615384615384615,14
642,2,nx_shortest_path_heuristic,13,13,2,15,0,1.0,0.0,0.0,lc_nx_heuristic_graph_0642,0.4958827495574951,38.79766845703125,949.1407470703125,5.87235689163208,50,50,3,7.923076923076923,15
643,2,nx_shortest_path_heuristic,13,13,2,15,1,0.0,1.0,0.0,lc_nx_heuristic_graph_0643,4.128593444824219,33.797210693359375,671.7596435546875,61.05437469482422,50,41,2,5.153846153846154,10
644,2,nx_shortest_path_heuristic,13,13,2,15,2,0.0,0.0,1.0,lc_nx_heuristic_graph_0644,3.5821714401245117,25.5023250579834,431.1080627441406,59.3374137878418,50,42,2,5.461538461538462,12
645,2,nx_shortest_path_heuristic,13,13,2,15,0,1.0,0.0,0.0,lc_nx_heuristic_graph_0645,3.1960933208465576,47.0813102722168,864.7766723632812,43.584373474121094,50,41,2,7.153846153846154,13
646,2,nx_shortest_path_heuristic,13,13,2,15,1,0.0,1.0,0.0,lc_nx_heuristic_graph_0646,2.9164326190948486,36.54314422607422,906.4044189453125,26.844158172607422,50,44,3,6.461538461538462,11
647,2,nx_shortest_path_heuristic,13,13,2,15,2,0.0,0.0,1.0,lc_nx_heuristic_graph_0647,2.1812524795532227,37.98605728149414,882.6957397460938,29.749563217163086,50,42,2,7.538461538461538,14
648,2,nx_shortest_path_heuristic,13,13,2,15,0,1.0,0.0,0.0,lc_nx_heuristic_graph_0648,1.3362843990325928,35.075809478759766,976.5112915039062,3.919907569885254,50,49,3,7.846153846153846,13
649,2,nx_shortest_path_heuristic,13,13,2,15,1,0.0,1.0,0.0,lc_nx_heuristic_graph_0649,5.008865833282471,25.882617950439453,604.6185302734375,77.19750213623047,50,34,3,5.461538461538462,9
650,2,nx_shortest_path_heuristic,13,13,2,15,2,0.0,0.0,1.0,lc_nx_heuristic_graph_0650,3.202714681625366,39.31771469116211,1015.0473022460938,51.72420883178711,50,39,2,8.307692307692308,15
651,2,nx_shortest_path_heuristic,13,13,2,15,0,1.0,0.0,0.0,lc_nx_heuristic_graph_0651,0.45307061076164246,36.00455856323242,698.5556030273438,7.487938404083252,50,50,3,6.6923076923076925,13
652,2,nx_shortest_path_heuristic,13,13,2,15,1,0.0,1.0,0.0,lc_nx_heuristic_graph_0652,3.7995007038116455,38.686744689941406,989.99609375,50.191856384277344,50,36,3,7.846153846153846,13
653,2,nx_shortest_path_heuristic,13,13,2,15,2,0.0,0.0,1.0,lc_nx_heuristic_graph_0653,3.373959541320801,36.07174301147461,902.4199829101562,55.55841827392578,50,40,2,6.384615384615385,11
654,2,nx_shortest_path_heuristic,13,13,2,15,0,1.0,0.0,0.0,lc_nx_heuristic_graph_0654,1.4701931476593018,35.864566802978516,720.6190185546875,14.173577308654785,50,49,2,6.846153846153846,11
655,2,nx_shortest_path_heuristic,13,13,2,15,1,0.0,1.0,0.0,lc_nx_heuristic_graph_0655,2.9857020378112793,42.65912628173828,944.0327758789062,36.542991638183594,50,42,2,6.3076923076923075,11
656,2,nx_shortest_path_heuristic,13,13,2,15,2,0.0,0.0,1.0,lc_nx_heuristic_graph_0656,2.1386871337890625,37.50032424926758,1045.0518798828125,30.884912490844727,50,42,4,8.153846153846153,12
657,2,nx_shortest_path_heuristic,13,13,2,15,0,1.0,0.0,0.0,lc_nx_heuristic_graph_0657,4.618043422698975,32.50182342529297,931.5831909179688,56.198883056640625,50,33,4,7.769230769230769,12
658,2,nx_shortest_path_heuristic,13,13,2,15,1,0.0,1.0,0.0,lc_nx_heuristic_graph_0658,2.968170166015625,40.01291275024414,917.352783203125,32.82555389404297,50,41,2,8.153846153846153,15
659,2,nx_shortest_path_heuristic,13,13,2,15,2,0.0,0.0,1.0,lc_nx_heuristic_graph_0659,3.0440609455108643,34.9056282043457,684.1488037109375,55.261112213134766,50,45,2,6.0,10
660,2,nx_shortest_path_heuristic,13,13,2,15,0,1.0,0.0,0.0,lc_nx_heuristic_graph_0660,3.875545024871826,30.877742767333984,631.9902954101562,42.879356384277344,50,49,2,5.769230769230769,10
661,2,nx_shortest_path_heuristic,13,13,2,15,1,0.0,1.0,0.0,lc_nx_heuristic_graph_0661,3.1938838958740234,30.14675521850586,693.196044921875,34.66657257080078,50,42,3,8.153846153846153,13
662,2,nx_shortest_path_heuristic,13,13,2,15,2,0.0,0.0,1.0,lc_nx_heuristic_graph_0662,2.118879556655884,36.810428619384766,665.9107055664062,33.80629348754883,50,43,3,6.615384615384615,11
663,2,nx_shortest_path_heuristic,13,13,2,15,0,1.0,0.0,0.0,lc_nx_heuristic_graph_0663,3.2787675857543945,58.77577590942383,868.3887939453125,43.62409973144531,50,42,3,5.769230769230769,10
664,2,nx_shortest_path_heuristic,13,13,2,15,1,0.0,1.0,0.0,lc_nx_heuristic_graph_0664,2.9170336723327637,45.57149887084961,814.1119384765625,43.1292724609375,50,46,3,5.615384615384615,10
665,2,nx_shortest_path_heuristic,13,13,2,15,2,0.0,0.0,1.0,lc_nx_heuristic_graph_0665,1.4568092823028564,39.23384094238281,1068.0228271484375,14.796426773071289,50,46,3,8.692307692307692,15
666,2,nx_shortest_path_heuristic,13,13,2,15,0,1.0,0.0,0.0,lc_nx_heuristic_graph_0666,2.729714870452881,32.67441940307617,805.0881958007812,27.16270637512207,50,43,3,6.0,12
667,2,nx_shortest_path_heuristic,13,13,2,15,1,0.0,1.0,0.0,lc_nx_heuristic_graph_0667,3.334275007247925,26.37479019165039,606.8660278320312,39.035560607910156,50,40,3,7.461538461538462,12
668,2,nx_shortest_path_heuristic,13,13,2,15,2,0.0,0.0,1.0,lc_nx_heuristic_graph_0668,1.0147978067398071,41.93210220336914,670.7604370117188,25.71026039123535,50,49,2,6.3076923076923075,12
669,2,nx_shortest_path_heuristic,13,13,2,15,0,1.0,0.0,0.0,lc_nx_heuristic_graph_0669,3.664189338684082,36.725181579589844,652.5584106445312,46.14628982543945,50,39,3,5.6923076923076925,8
670,2,nx_shortest_path_heuristic,13,13,2,15,1,0.0,1.0,0.0,lc_nx_heuristic_graph_0670,4.521914482116699,22.696399688720703,536.7224731445312,62.30360794067383,50,36,3,6.923076923076923,9
671,2,nx_shortest_path_heuristic,13,13,2,15,2,0.0,0.0,1.0,lc_nx_heuristic_graph_0671,3.002469301223755,37.01191329956055,786.4546508789062,47.03578567504883,50,37,2,5.384615384615385,9
672,2,nx_shortest_path_heuristic,13,13,2,15,0,1.0,0.0,0.0,lc_nx_heuristic_graph_0672,3.1275668144226074,30.8486270904541,653.8948974609375,34.427947998046875,50,42,2,7.538461538461538,11
673,2,nx_shortest_path_heuristic,13,13,2,15,1,0.0,1.0,0.0,lc_nx_heuristic_graph_0673,3.1881215572357178,38.515541076660156,925.5241088867188,40.267269134521484,50,40,4,7.538461538461538,12
674,2,nx_shortest_path_heuristic,13,13,2,15,2,0.0,0.0,1.0,lc_nx_heuristic_graph_0674,3.50203013420105,22.001493453979492,327.5173034667969,57.11573791503906,50,35,2,5.230769230769231,11
675,2,nx_shortest_path_heuristic,13,13,2,15,0,1.0,0.0,0.0,lc_nx_heuristic_graph_0675,2.391278028488159,26.611074447631836,611.4926147460938,24.779512405395508,50,45,3,7.230769230769231,14
676,2,nx_shortest_path_heuristic,13,13,2,15,1,0.0,1.0,0.0,lc_nx_heuristic_graph_0676,4.303275108337402,40.16243362426758,728.4253540039062,62.949317932128906,50,48,3,5.153846153846154,10
677,2,nx_shortest_path_heuristic,13,13,2,15,2,0.0,0.0,1.0,lc_nx_heuristic_graph_0677,2.611529588699341,53.26655197143555,648.1019897460938,57.21075439453125,50,40,2,4.923076923076923,11
678,2,nx_shortest_path_heuristic,13,13,2,15,0,1.0,0.0,0.0,lc_nx_heuristic_graph_0678,3.7917370796203613,32.92536163330078,870.5523071289062,46.63822937011719,50,38,2,7.153846153846154,11
679,2,nx_shortest_path_heuristic,13,13,2,15,1,0.0,1.0,0.0,lc_nx_heuristic_graph_0679,3.1914567947387695,40.21504592895508,1212.677490234375,32.884552001953125,50,41,3,9.307692307692308,14
680,2,nx_shortest_path_heuristic,13,13,2,15,2,0.0,0.0,1.0,lc_nx_heuristic_graph_0680,1.002490520477295,38.146873474121094,855.051513671875,11.150369644165039,50,49,2,7.230769230769231,14
681,2,nx_shortest_path_heuristic,13,13,2,15,0,1.0,0.0,0.0,lc_nx_heuristic_graph_0681,2.3792452812194824,37.59173583984375,826.6773071289062,25.61141014099121,50,45,3,6.6923076923076925,11
682,2,nx_shortest_path_heuristic,13,13,2,15,1,0.0,1.0,0.0,lc_nx_heuristic_graph_0682,3.2685015201568604,37.10404586791992,955.2598876953125,42.57426071166992,50,39,2,7.3076923076923075,13
683,2,nx_shortest_path_heuristic,13,13,2,15,2,0.0,0.0,1.0,lc_nx_heuristic_graph_0683,1.5205415487289429,37.55862045288086,1121.0758056640625,20.31793212890625,50,46,4,7.076923076923077,13
684,2,nx_shortest_path_heuristic,13,13,2,15,0,1.0,0.0,0.0,lc_nx_heuristic_graph_0684,2.793105125427246,57.19682693481445,1030.8673095703125,39.90595245361328,50,44,2,6.6923076923076925,12
685,2,nx_shortest_path_heuristic,13,13,2,15,1,0.0,1.0,0.0,lc_nx_heuristic_graph_0685,3.2227816581726074,42.534767150878906,835.3275146484375,36.10344696044922,50,41,2,6.076923076923077,10
686,2,nx_shortest_path_heuristic,13,13,2,15,2,0.0,0.0,1.0,lc_nx_heuristic_graph_0686,1.7542420625686646,45.80985641479492,810.2384033203125,34.29621887207031,50,45,2,7.230769230769231,12
687,2,nx_shortest_path_heuristic,13,13,2,15,0,1.0,0.0,0.0,lc_nx_heuristic_graph_0687,3.6589760780334473,36.88996505737305,976.920654296875,42.2841911315918,50,43,5,7.6923076923076925,13
688,2,nx_shortest_path_heuristic,13,13,2,15,1,0.0,1.0,0.0,lc_nx_heuristic_graph_0688,2.7615652084350586,36.274112701416016,751.1528930664062,31.683237075805664,50,42,2,6.461538461538462,10
689,2,nx_shortest_path_heuristic,13,13,2,15,2,0.0,0.0,1.0,lc_nx_heuristic_graph_0689,1.2269946336746216,46.010841369628906,767.7571411132812,27.612157821655273,50,48,3,6.384615384615385,11
690,2,nx_shortest_path_heuristic,13,13,2,15,0,1.0,0.0,0.0,lc_nx_heuristic_graph_0690,1.2951056957244873,36.43150329589844,1079.7042236328125,6.801706314086914,50,49,4,8.153846153846153,13
691,2,nx_shortest_path_heuristic,13,13,2,15,1,0.0,1.0,0.0,lc_nx_heuristic_graph_0691,1.8769264221191406,35.55062484741211,744.2198486328125,12.999756813049316,50,49,2,6.846153846153846,13
692,2,nx_shortest_path_heuristic,13,13,2,15,2,0.0,0.0,1.0,lc_nx_heuristic_graph_0692,1.3794761896133423,35.824378967285156,754.3043212890625,20.48467254638672,50,47,3,6.615384615384615,10
693,2,nx_shortest_path_heuristic,13,13,2,15,0,1.0,0.0,0.0,lc_nx_heuristic_graph_0693,3.9232616424560547,40.159423828125,992.2418823242188,45.892295837402344,50,37,2,8.461538461538462,15
694,2,nx_shortest_path_heuristic,13,13,2,15,1,0.0,1.0,0.0,lc_nx_heuristic_graph_0694,3.397214412689209,33.61407470703125,830.4056396484375,35.05598831176758,50,41,2,6.615384615384615,12
695,2,nx_shortest_path_heuristic,13,13,2,15,2,0.0,0.0,1.0,lc_nx_heuristic_graph_0695,2.346879243850708,49.178810119628906,957.9229736328125,37.777339935302734,50,41,2,7.615384615384615,14
696,2,nx_shortest_path_heuristic,13,13,2,15,0,1.0,0.0,0.0,lc_nx_heuristic_graph_0696,3.737551689147949,42.1741828918457,1049.27587890625,43.87268829345703,50,38,2,8.153846153846153,13
697,2,nx_shortest_path_heuristic,13,13,2,15,1,0.0,1.0,0.0,lc_nx_heuristic_graph_0697,3.85646653175354,33.502864837646484,773.2596435546875,47.34498977661133,50,37,2,7.153846153846154,13
698,2,nx_shortest_path_heuristic,13,13,2,15,2,0.0,0.0,1.0,lc_nx_heuristic_graph_0698,3.921515464782715,41.89859390258789,697.1279296875,66.64260864257812,50,36,2,4.6923076923076925,11
699,2,nx_shortest_path_heuristic,13,13,2,15,0,1.0,0.0,0.0,lc_nx_heuristic_graph_0699,3.692540168762207,31.073373794555664,504.9591369628906,54.56229019165039,50,39,3,6.6923076923076925,11
700,2,nx_shortest_path_heuristic,13,13,2,15,1,0.0,1.0,0.0,lc_nx_heuristic_graph_0700,3.5820746421813965,42.66944885253906,918.6759033203125,45.58177185058594,50,37,2,7.384615384615385,14
701,2,nx_shortest_path_heuristic,13,13,2,15,2,0.0,0.0,1.0,lc_nx_heuristic_graph_0701,1.9130953550338745,33.07956314086914,483.35797119140625,32.26337814331055,50,44,2,6.769230769230769,14
702,2,nx_shortest_path_heuristic,13,13,2,15,0,1.0,0.0,0.0,lc_nx_heuristic_graph_0702,3.9865245819091797,44.021446228027344,866.2357788085938,45.768619537353516,50,37,2,7.0,12
703,2,nx_shortest_path_heuristic,13,13,2,15,1,0.0,1.0,0.0,lc_nx_heuristic_graph_0703,2.8769893646240234,38.98484420776367,934.2490234375,26.714340209960938,50,44,2,6.615384615384615,12
704,2,nx_shortest_path_heuristic,13,13,2,15,2,0.0,0.0,1.0,lc_nx_heuristic_graph_0704,2.970731496810913,36.10429763793945,904.1575317382812,45.134544372558594,50,39,2,7.538461538461538,14
705,2,nx_shortest_path_heuristic,13,13,2,15,0,1.0,0.0,0.0,lc_nx_heuristic_graph_0705,1.602552890777588,25.317644119262695,688.792724609375,9.7728910446167,50,48,5,8.307692307692308,13
706,2,nx_shortest_path_heuristic,13,13,2,15,1,0.0,1.0,0.0,lc_nx_heuristic_graph_0706,2.2520060539245605,38.130149841308594,868.169921875,14.902466773986816,50,46,2,8.0,15
707,2,nx_shortest_path_heuristic,13,13,2,15,2,0.0,0.0,1.0,lc_nx_heuristic_graph_0707,3.4248032569885254,28.021974563598633,608.2822265625,55.814666748046875,50,36,2,7.384615384615385,11
708,2,nx_shortest_path_heuristic,13,13,2,15,0,1.0,0.0,0.0,lc_nx_heuristic_graph_0708,3.5789859294891357,25.79962158203125,597.0596923828125,41.44242477416992,50,39,3,7.384615384615385,11
709,2,nx_shortest_path_heuristic,13,13,2,15,1,0.0,1.0,0.0,lc_nx_heuristic_graph_0709,2.1063852310180664,33.50194549560547,824.6781005859375,15.285266876220703,50,47,4,7.230769230769231,12
710,2,nx_shortest_path_heuristic,13,13,2,15,2,0.0,0.0,1.0,lc_nx_heuristic_graph_0710,2.0331599712371826,25.630043029785156,628.010009765625,27.40559959411621,50,43,4,7.6923076923076925,10
711,2,nx_shortest_path_heuristic,13,13,2,15,0,1.0,0.0,0.0,lc_nx_heuristic_graph_0711,2.5492963790893555,27.659893035888672,664.8236694335938,22.537704467773438,50,44,3,7.846153846153846,12
712,2,nx_shortest_path_heuristic,13,13,2,15,1,0.0,1.0,0.0,lc_nx_heuristic_graph_0712,3.0543994903564453,38.16223907470703,947.4727783203125,33.530914306640625,50,41,3,7.6923076923076925,15
713,2,nx_shortest_path_heuristic,13,13,2,15,2,0.0,0.0,1.0,lc_nx_heuristic_graph_0713,2.985170841217041,37.951297760009766,871.2092895507812,47.24979782104492,50,41,2,6.230769230769231,11
714,2,nx_shortest_path_heuristic,13,13,2,15,0,1.0,0.0,0.0,lc_nx_heuristic_graph_0714,3.123826503753662,41.73337173461914,996.5924682617188,35.335243225097656,50,43,2,7.769230769230769,13
715,2,nx_shortest_path_heuristic,13,13,2,15,1,0.0,1.0,0.0,lc_nx_heuristic_graph_0715,2.6817944049835205,30.128610610961914,694.0511474609375,24.07335090637207,50,45,4,7.769230769230769,12
716,2,nx_shortest_path_heuristic,13,13,2,15,2,0.0,0.0,1.0,lc_nx_heuristic_graph_0716,2.558558225631714,26.280162811279297,600.7111206054688,36.70824432373047,50,40,2,7.538461538461538,11
717,2,nx_shortest_path_heuristic,13,13,2,15,0,1.0,0.0,0.0,lc_nx_heuristic_graph_0717,2.2124829292297363,40.03557205200195,728.6685791015625,38.154048919677734,50,46,3,6.615384615384615,9
718,2,nx_shortest_path_heuristic,13,13,2,15,1,0.0,1.0,0.0,lc_nx_heuristic_graph_0718,3.7156152725219727,25.087228775024414,350.2275695800781,61.21271896362305,50,35,3,5.846153846153846,8
719,2,nx_shortest_path_heuristic,13,13,2,15,2,0.0,0.0,1.0,lc_nx_heuristic_graph_0719,1.820393443107605,38.93571853637695,957.2003173828125,25.795005798339844,50,44,3,7.3076923076923075,11
720,2,nx_shortest_path_heuristic,13,13,2,15,0,1.0,0.0,0.0,lc_nx_heuristic_graph_0720,3.1152162551879883,47.13587951660156,824.7219848632812,48.70502853393555,50,42,2,5.6923076923076925,10
721,2,nx_shortest_path_heuristic,13,13,2,15,1,0.0,1.0,0.0,lc_nx_heuristic_graph_0721,2.2197799682617188,38.789161682128906,800.2825317382812,17.519664764404297,50,46,3,7.923076923076923,15
722,2,nx_shortest_path_heuristic,13,13,2,15,2,0.0,0.0,1.0,lc_nx_heuristic_graph_0722,1.767743468284607,32.76213836669922,720.4340209960938,25.417917251586914,50,45,2,6.461538461538462,13
723,2,nx_shortest_path_heuristic,13,13,2,15,0,1.0,0.0,0.0,lc_nx_heuristic_graph_0723,0.4809156060218811,43.700599670410156,1002.5963134765625,1.0736757516860962,50,50,2,8.923076923076923,15
724,2,nx_shortest_path_heuristic,13,13,2,15,1,0.0,1.0,0.0,lc_nx_heuristic_graph_0724,3.2795188426971436,31.17361068725586,1025.227783203125,32.06601333618164,50,46,5,8.307692307692308,14
725,2,nx_shortest_path_heuristic,13,13,2,15,2,0.0,0.0,1.0,lc_nx_heuristic_graph_0725,3.062734603881836,32.54689025878906,438.79266357421875,48.58902359008789,50,37,2,5.769230769230769,10
726,2,nx_shortest_path_heuristic,13,13,2,15,0,1.0,0.0,0.0,lc_nx_heuristic_graph_0726,4.467001914978027,21.595857620239258,641.0059814453125,54.09023666381836,50,43,4,7.846153846153846,14
727,2,nx_shortest_path_heuristic,13,13,2,15,1,0.0,1.0,0.0,lc_nx_heuristic_graph_0727,2.988311767578125,41.73932647705078,1003.9519653320312,31.40472412109375,50,42,4,7.6923076923076925,14
728,2,nx_shortest_path_heuristic,13,13,2,15,2,0.0,0.0,1.0,lc_nx_heuristic_graph_0728,3.354151725769043,37.38704299926758,907.7103271484375,54.70049285888672,50,41,2,5.769230769230769,12
729,2,nx_shortest_path_heuristic,13,13,2,15,0,1.0,0.0,0.0,lc_nx_heuristic_graph_0729,3.2398791313171387,36.39856719970703,790.6099243164062,34.226356506347656,50,41,4,7.384615384615385,12
730,2,nx_shortest_path_heuristic,13,13,2,15,1,0.0,1.0,0.0,lc_nx_heuristic_graph_0730,1.9604729413986206,41.50143051147461,794.873046875,13.487715721130371,50,48,2,6.615384615384615,14
731,2,nx_shortest_path_heuristic,13,13,2,15,2,0.0,0.0,1.0,lc_nx_heuristic_graph_0731,2.3524281978607178,32.21046829223633,761.5433349609375,40.61506652832031,50,41,5,6.923076923076923,12
732,2,nx_shortest_path_heuristic,13,13,2,15,0,1.0,0.0,0.0,lc_nx_heuristic_graph_0732,2.786388635635376,36.912071228027344,835.8095703125,31.039281845092773,50,43,2,6.076923076923077,11
733,2,nx_shortest_path_heuristic,13,13,2,15,1,0.0,1.0,0.0,lc_nx_heuristic_graph_0733,2.2867817878723145,36.07118225097656,630.2577514648438,29.319976806640625,50,46,2,5.923076923076923,12
734,2,nx_shortest_path_heuristic,13,13,2,15,2,0.0,0.0,1.0,lc_nx_heuristic_graph_0734,2.5098936557769775,35.43497085571289,779.9352416992188,35.652645111083984,50,40,2,6.6923076923076925,13
735,2,nx_shortest_path_heuristic,13,13,2,15,0,1.0,0.0,0.0,lc_nx_heuristic_graph_0735,3.9234676361083984,37.216373443603516,988.191650390625,44.93688201904297,50,37,5,8.23076923076923,14
736,2,nx_shortest_path_heuristic,13,13,2,15,1,0.0,1.0,0.0,lc_nx_heuristic_graph_0736,3.757844924926758,41.23968505859375,1173.7027587890625,43.3581657409668,50,38,5,8.846153846153847,14
737,2,nx_shortest_path_heuristic,13,13,2,15,2,0.0,0.0,1.0,lc_nx_heuristic_graph_0737,2.1785690784454346,39.01412582397461,1113.9571533203125,32.10327911376953,50,42,4,8.384615384615385,15
738,2,nx_shortest_path_heuristic,13,13,2,15,0,1.0,0.0,0.0,lc_nx_heuristic_graph_0738,3.3407506942749023,36.8723258972168,883.4420166015625,35.433876037597656,50,40,3,7.3076923076923075,12
739,2,nx_shortest_path_heuristic,13,13,2,15,1,0.0,1.0,0.0,lc_nx_heuristic_graph_0739,1.7211397886276245,53.57638168334961,659.202880859375,33.1247444152832,50,48,2,6.076923076923077,12
740,2,nx_shortest_path_heuristic,13,13,2,15,2,0.0,0.0,1.0,lc_nx_heuristic_graph_0740,2.9507839679718018,40.90734100341797,1052.2822265625,45.39524459838867,50,37,5,8.23076923076923,14
741,2,nx_shortest_path_heuristic,13,13,2,15,0,1.0,0.0,0.0,lc_nx_heuristic_graph_0741,3.3408074378967285,48.654029846191406,907.8544921875,41.824161529541016,50,41,2,7.076923076923077,11
742,2,nx_shortest_path_heuristic,13,13,2,15,1,0.0,1.0,0.0,lc_nx_heuristic_graph_0742,3.544494390487671,39.09086608886719,708.970458984375,48.01590347290039,50,41,2,5.153846153846154,12
743,2,nx_shortest_path_heuristic,13,13,2,15,2,0.0,0.0,1.0,lc_nx_heuristic_graph_0743,2.279514789581299,53.3032341003418,953.955810546875,49.93471145629883,50,45,3,6.384615384615385,11
744,2,nx_shortest_path_heuristic,13,13,2,15,0,1.0,0.0,0.0,lc_nx_heuristic_graph_0744,4.126896381378174,42.13718032836914,767.1935424804688,53.40024948120117,50,36,3,6.538461538461538,14
745,2,nx_shortest_path_heuristic,13,13,2,15,1,0.0,1.0,0.0,lc_nx_heuristic_graph_0745,2.9667181968688965,41.32737731933594,1211.2645263671875,32.90420913696289,50,41,5,9.538461538461538,15
746,2,nx_shortest_path_heuristic,13,13,2,15,2,0.0,0.0,1.0,lc_nx_heuristic_graph_0746,2.6703264713287354,35.2047233581543,1053.7125244140625,38.702205657958984,50,39,2,8.76923076923077,14
747,2,nx_shortest_path_heuristic,13,13,2,15,0,1.0,0.0,0.0,lc_nx_heuristic_graph_0747,2.312636375427246,34.69767379760742,971.00390625,20.680749893188477,50,45,3,8.23076923076923,13
748,2,nx_shortest_path_heuristic,13,13,2,15,1,0.0,1.0,0.0,lc_nx_heuristic_graph_0748,3.4950063228607178,36.447425842285156,950.584228515625,36.79981231689453,50,40,2,7.846153846153846,12
749,2,nx_shortest_path_heuristic,13,13,2,15,2,0.0,0.0,1.0,lc_nx_heuristic_graph_0749,2.029664993286133,25.80019760131836,516.9730834960938,33.28813171386719,50,43,4,6.846153846153846,11
750,3,nx_shortest_path_heuristic,14,14,2,15,0,1.0,0.0,0.0,lc_nx_heuristic_graph_0750,2.89858078956604,37.61754608154297,1068.2816162109375,30.680978775024414,50,42,3,8.214285714285714,15
751,3,nx_shortest_path_heuristic,14,14,2,15,1,0.0,1.0,0.0,lc_nx_heuristic_graph_0751,2.2229347229003906,36.02271270751953,842.6325073242188,21.906597137451172,50,46,3,7.714285714285714,12
752,3,nx_shortest_path_heuristic,14,14,2,15,2,0.0,0.0,1.0,lc_nx_heuristic_graph_0752,1.6508266925811768,39.134742736816406,1033.2264404296875,22.471450805664062,50,45,4,7.642857142857143,13
753,3,nx_shortest_path_heuristic,14,14,2,15,0,1.0,0.0,0.0,lc_nx_heuristic_graph_0753,2.899435043334961,41.836238861083984,972.5791625976562,31.431575775146484,50,42,4,7.071428571428571,14
754,3,nx_shortest_path_heuristic,14,14,2,15,1,0.0,1.0,0.0,lc_nx_heuristic_graph_0754,2.6906015872955322,39.77764892578125,1264.6473388671875,26.515727996826172,50,44,4,8.928571428571429,14
755,3,nx_shortest_path_heuristic,14,14,2,15,2,0.0,0.0,1.0,lc_nx_heuristic_graph_0755,2.0713653564453125,36.86605453491211,752.3307495117188,36.84943389892578,50,45,2,6.357142857142857,11
756,3,nx_shortest_path_heuristic,14,14,2,15,0,1.0,0.0,0.0,lc_nx_heuristic_graph_0756,3.6323013305664062,25.377737045288086,579.4552001953125,40.164459228515625,50,39,2,6.357142857142857,10
757,3,nx_shortest_path_heuristic,14,14,2,15,1,0.0,1.0,0.0,lc_nx_heuristic_graph_0757,2.2819924354553223,45.67623519897461,1067.1939697265625,20.07973861694336,50,45,3,8.571428571428571,15
758,3,nx_shortest_path_heuristic,14,14,2,15,2,0.0,0.0,1.0,lc_nx_heuristic_graph_0758,1.6177189350128174,34.80400466918945,1096.056640625,19.903120040893555,50,48,2,8.785714285714286,15
759,3,nx_shortest_path_heuristic,14,14,2,15,0,1.0,0.0,0.0,lc_nx_heuristic_graph_0759,1.9871571063995361,37.647464752197266,840.15234375,22.2701416015625,50,47,4,6.857142857142857,9
760,3,nx_shortest_path_heuristic,14,14,2,15,1,0.0,1.0,0.0,lc_nx_heuristic_graph_0760,4.4383544921875,30.077960968017578,597.7199096679688,57.62481689453125,50,37,3,6.285714285714286,12
761,3,nx_shortest_path_heuristic,14,14,2,15,2,0.0,0.0,1.0,lc_nx_heuristic_graph_0761,0.2962914705276489,41.281558990478516,884.9039916992188,13.504232406616211,50,50,2,7.214285714285714,15
762,3,nx_shortest_path_heuristic,14,14,2,15,0,1.0,0.0,0.0,lc_nx_heuristic_graph_0762,4.828991889953613,29.48877716064453,840.9231567382812,59.58403396606445,50,45,3,6.642857142857143,12
763,3,nx_shortest_path_heuristic,14,14,2,15,1,0.0,1.0,0.0,lc_nx_heuristic_graph_0763,4.091484069824219,26.441184997558594,526.36279296875,59.31147384643555,50,34,3,5.785714285714286,9
764,3,nx_shortest_path_heuristic,14,14,2,15,2,0.0,0.0,1.0,lc_nx_heuristic_graph_0764,3.057434320449829,31.102712631225586,432.0539245605469,57.98624038696289,50,37,3,5.428571428571429,10
765,3,nx_shortest_path_heuristic,14,14,2,15,0,1.0,0.0,0.0,lc_nx_heuristic_graph_0765,3.0820980072021484,42.15406799316406,1314.52490234375,34.63570022583008,50,41,2,8.785714285714286,14
766,3,nx_shortest_path_heuristic,14,14,2,15,1,0.0,1.0,0.0,lc_nx_heuristic_graph_0766,2.4569149017333984,27.084379196166992,715.2380981445312,17.228660583496094,50,46,3,8.0,14
767,3,nx_shortest_path_heuristic,14,14,2,15,2,0.0,0.0,1.0,lc_nx_heuristic_graph_0767,2.5524613857269287,40.114585876464844,869.4158935546875,42.20054244995117,50,40,2,5.428571428571429,12
768,3,nx_shortest_path_heuristic,14,14,2,15,0,1.0,0.0,0.0,lc_nx_heuristic_graph_0768,2.607213020324707,31.53194808959961,573.3583374023438,34.466636657714844,50,44,2,6.5,10
769,3,nx_shortest_path_heuristic,14,14,2,15,1,0.0,1.0,0.0,lc_nx_heuristic_graph_0769,2.1215286254882812,43.75160598754883,956.9651489257812,16.048402786254883,50,47,4,7.642857142857143,14
770,3,nx_shortest_path_heuristic,14,14,2,15,2,0.0,0.0,1.0,lc_nx_heuristic_graph_0770,2.7998428344726562,25.01980972290039,414.6573486328125,44.14903259277344,50,43,2,5.642857142857143,12
771,3,nx_shortest_path_heuristic,14,14,2,15,0,1.0,0.0,0.0,lc_nx_heuristic_graph_0771,3.3419406414031982,39.1614990234375,1039.1204833984375,38.2282600402832,50,40,4,7.785714285714286,13
772,3,nx_shortest_path_heuristic,14,14,2,15,1,0.0,1.0,0.0,lc_nx_heuristic_graph_0772,3.441065788269043,41.40996551513672,1220.391845703125,39.77828598022461,50,39,3,9.285714285714286,15
773,3,nx_shortest_path_heuristic,14,14,2,15,2,0.0,0.0,1.0,lc_nx_heuristic_graph_0773,1.4294065237045288,37.041465759277344,721.0916137695312,14.693188667297363,50,47,2,5.857142857142857,10
774,3,nx_shortest_path_heuristic,14,14,2,15,0,1.0,0.0,0.0,lc_nx_heuristic_graph_0774,4.355804920196533,41.59642028808594,846.84765625,53.681884765625,50,40,3,5.285714285714286,12
775,3,nx_shortest_path_heuristic,14,14,2,15,1,0.0,1.0,0.0,lc_nx_heuristic_graph_0775,3.822561740875244,39.63486099243164,968.9090576171875,46.05405044555664,50,43,2,6.142857142857143,10
776,3,nx_shortest_path_heuristic,14,14,2,15,2,0.0,0.0,1.0,lc_nx_heuristic_graph_0776,1.2833154201507568,44.16615676879883,870.4959716796875,21.256723403930664,50,47,2,7.714285714285714,14
777,3,nx_shortest_path_heuristic,14,14,2,15,0,1.0,0.0,0.0,lc_nx_heuristic_graph_0777,3.378692626953125,37.31822967529297,934.2444458007812,39.56096649169922,50,40,2,7.071428571428571,14
778,3,nx_shortest_path_heuristic,14,14,2,15,1,0.0,1.0,0.0,lc_nx_heuristic_graph_0778,2.867842197418213,29.64581871032715,426.1854248046875,41.551979064941406,50,41,2,5.5,10
779,3,nx_shortest_path_heuristic,14,14,2,15,2,0.0,0.0,1.0,lc_nx_heuristic_graph_0779,2.527116060256958,49.35380172729492,822.7238159179688,49.706764221191406,50,40,2,6.214285714285714,13
780,3,nx_shortest_path_heuristic,14,14,2,15,0,1.0,0.0,0.0,lc_nx_heuristic_graph_0780,3.520167350769043,40.49049758911133,1184.1033935546875,38.861724853515625,50,39,2,8.785714285714286,15
781,3,nx_shortest_path_heuristic,14,14,2,15,1,0.0,1.0,0.0,lc_nx_heuristic_graph_0781,2.397005319595337,38.814815521240234,756.3861083984375,25.6773738861084,50,44,2,6.071428571428571,11
782,3,nx_shortest_path_heuristic,14,14,2,15,2,0.0,0.0,1.0,lc_nx_heuristic_graph_0782,1.1576471328735352,32.744930267333984,1037.910888671875,8.407159805297852,50,48,2,7.857142857142857,12
783,3,nx_shortest_path_heuristic,14,14,2,15,0,1.0,0.0,0.0,lc_nx_heuristic_graph_0783,2.643908739089966,26.8742618560791,557.3876953125,39.036102294921875,50,44,2,6.428571428571429,10
784,3,nx_shortest_path_heuristic,14,14,2,15,1,0.0,1.0,0.0,lc_nx_heuristic_graph_0784,2.346503734588623,30.077943801879883,1067.38623046875,12.183685302734375,50,47,3,8.357142857142858,14
785,3,nx_shortest_path_heuristic,14,14,2,15,2,0.0,0.0,1.0,lc_nx_heuristic_graph_0785,1.7069718837738037,36.974266052246094,887.3826904296875,21.624765396118164,50,45,2,6.785714285714286,11
786,3,nx_shortest_path_heuristic,14,14,2,15,0,1.0,0.0,0.0,lc_nx_heuristic_graph_0786,4.030029296875,35.164955139160156,693.2943725585938,46.563228607177734,50,47,2,6.071428571428571,11
787,3,nx_shortest_path_heuristic,14,14,2,15,1,0.0,1.0,0.0,lc_nx_heuristic_graph_0787,2.9228758811950684,24.661893844604492,621.1035766601562,28.677982330322266,50,43,2,7.5,13
788,3,nx_shortest_path_heuristic,14,14,2,15,2,0.0,0.0,1.0,lc_nx_heuristic_graph_0788,1.1730114221572876,38.56963348388672,895.6165161132812,11.304523468017578,50,48,2,7.285714285714286,15
789,3,nx_shortest_path_heuristic,14,14,2,15,0,1.0,0.0,0.0,lc_nx_heuristic_graph_0789,5.1536993980407715,40.35136795043945,1459.0203857421875,64.47608184814453,50,32,2,9.857142857142858,15
790,3,nx_shortest_path_heuristic,14,14,2,15,1,0.0,1.0,0.0,lc_nx_heuristic_graph_0790,3.2575957775115967,45.55634307861328,873.8812255859375,46.88987731933594,50,38,2,6.642857142857143,13
791,3,nx_shortest_path_heuristic,14,14,2,15,2,0.0,0.0,1.0,lc_nx_heuristic_graph_0791,1.5733996629714966,43.07181167602539,1056.268798828125,19.328798294067383,50,46,3,6.642857142857143,11
792,3,nx_shortest_path_heuristic,14,14,2,15,0,1.0,0.0,0.0,lc_nx_heuristic_graph_0792,3.021491050720215,27.319677352905273,661.4732055664062,35.25850296020508,50,42,4,7.714285714285714,11
793,3,nx_shortest_path_heuristic,14,14,2,15,1,0.0,1.0,0.0,lc_nx_heuristic_graph_0793,1.0049768686294556,33.74387741088867,776.5042114257812,8.962491989135742,50,50,2,6.714285714285714,12
794,3,nx_shortest_path_heuristic,14,14,2,15,2,0.0,0.0,1.0,lc_nx_heuristic_graph_0794,1.0722736120224,42.09024429321289,1032.74169921875,11.509425163269043,50,48,3,8.285714285714286,15
795,3,nx_shortest_path_heuristic,14,14,2,15,0,1.0,0.0,0.0,lc_nx_heuristic_graph_0795,2.97700572013855,38.75182342529297,913.9093627929688,32.17702102661133,50,42,3,5.857142857142857,12
796,3,nx_shortest_path_heuristic,14,14,2,15,1,0.0,1.0,0.0,lc_nx_heuristic_graph_0796,2.9083046913146973,45.51202392578125,1021.2955932617188,35.49098205566406,50,43,2,6.071428571428571,15
797,3,nx_shortest_path_heuristic,14,14,2,15,2,0.0,0.0,1.0,lc_nx_heuristic_graph_0797,2.347775936126709,29.953746795654297,884.2465209960938,32.85556411743164,50,41,2,7.142857142857143,14
798,3,nx_shortest_path_heuristic,14,14,2,15,0,1.0,0.0,0.0,lc_nx_heuristic_graph_0798,1.7670711278915405,36.43626403808594,936.737548828125,11.677659034729004,50,48,4,7.142857142857143,10
799,3,nx_shortest_path_heuristic,14,14,2,15,1,0.0,1.0,0.0,lc_nx_heuristic_graph_0799,2.5976808071136475,40.62034225463867,1103.58056640625,20.555137634277344,50,45,2,6.785714285714286,12
800,3,nx_shortest_path_heuristic,14,14,2,15,2,0.0,0.0,1.0,lc_nx_heuristic_graph_0800,2.9833261966705322,25.001548767089844,688.8953857421875,47.292381286621094,50,37,3,6.857142857142857,11
801,3,nx_shortest_path_heuristic,14,14,2,15,0,1.0,0.0,0.0,lc_nx_heuristic_graph_0801,2.848583221435547,38.68735885620117,676.9434814453125,45.97269821166992,50,46,3,6.357142857142857,11
802,3,nx_shortest_path_heuristic,14,14,2,15,1,0.0,1.0,0.0,lc_nx_heuristic_graph_0802,3.6796491146087646,42.802635192871094,1271.98046875,48.520301818847656,50,39,2,8.714285714285714,14
803,3,nx_shortest_path_heuristic,14,14,2,15,2,0.0,0.0,1.0,lc_nx_heuristic_graph_0803,1.7329989671707153,49.08163070678711,960.586181640625,41.33534622192383,50,45,3,5.857142857142857,12
804,3,nx_shortest_path_heuristic,14,14,2,15,0,1.0,0.0,0.0,lc_nx_heuristic_graph_0804,3.8167436122894287,52.14629364013672,682.6691284179688,51.84380340576172,50,42,2,4.714285714285714,9
805,3,nx_shortest_path_heuristic,14,14,2,15,1,0.0,1.0,0.0,lc_nx_heuristic_graph_0805,2.400627613067627,38.932491302490234,871.1705322265625,25.20262908935547,50,47,2,6.857142857142857,12
806,3,nx_shortest_path_heuristic,14,14,2,15,2,0.0,0.0,1.0,lc_nx_heuristic_graph_0806,2.041203737258911,31.506200790405273,774.392578125,34.812705993652344,50,43,2,6.428571428571429,11
807,3,nx_shortest_path_heuristic,14,14,2,15,0,1.0,0.0,0.0,lc_nx_heuristic_graph_0807,6.014853000640869,30.232954025268555,489.0565185546875,78.24007415771484,50,30,2,5.0,9
808,3,nx_shortest_path_heuristic,14,14,2,15,1,0.0,1.0,0.0,lc_nx_heuristic_graph_0808,1.954789638519287,43.119022369384766,1299.31201171875,8.303058624267578,50,48,5,9.285714285714286,14
809,3,nx_shortest_path_heuristic,14,14,2,15,2,0.0,0.0,1.0,lc_nx_heuristic_graph_0809,2.4605202674865723,36.79104232788086,992.2593383789062,36.70584487915039,50,40,3,7.785714285714286,15
810,3,nx_shortest_path_heuristic,14,14,2,15,0,1.0,0.0,0.0,lc_nx_heuristic_graph_0810,3.673367977142334,27.063440322875977,582.5535888671875,42.20952606201172,50,39,2,6.785714285714286,12
811,3,nx_shortest_path_heuristic,14,14,2,15,1,0.0,1.0,0.0,lc_nx_heuristic_graph_0811,2.2945804595947266,30.934200286865234,975.98828125,11.584663391113281,50,50,2,8.0,14
812,3,nx_shortest_path_heuristic,14,14,2,15,2,0.0,0.0,1.0,lc_nx_heuristic_graph_0812,3.3389554023742676,29.180452346801758,671.6530151367188,55.3366584777832,50,38,2,5.714285714285714,10
813,3,nx_shortest_path_heuristic,14,14,2,15,0,1.0,0.0,0.0,lc_nx_heuristic_graph_0813,3.657259464263916,28.364830017089844,483.12603759765625,47.61310958862305,50,41,2,6.142857142857143,11
814,3,nx_shortest_path_heuristic,14,14,2,15,1,0.0,1.0,0.0,lc_nx_heuristic_graph_0814,2.7319273948669434,42.1793212890625,744.3837280273438,34.53611755371094,50,43,2,6.571428571428571,13
815,3,nx_shortest_path_heuristic,14,14,2,15,2,0.0,0.0,1.0,lc_nx_heuristic_graph_0815,2.6260268688201904,38.47068786621094,1064.281494140625,38.20700454711914,50,45,4,6.285714285714286,11
816,3,nx_shortest_path_heuristic,14,14,2,15,0,1.0,0.0,0.0,lc_nx_heuristic_graph_0816,3.0963501930236816,42.73929214477539,1018.8215942382812,34.538429260253906,50,48,2,6.357142857142857,15
817,3,nx_shortest_path_heuristic,14,14,2,15,1,0.0,1.0,0.0,lc_nx_heuristic_graph_0817,3.0739715099334717,32.49610900878906,756.5745849609375,38.5636100769043,50,47,2,5.857142857142857,13
818,3,nx_shortest_path_heuristic,14,14,2,15,2,0.0,0.0,1.0,lc_nx_heuristic_graph_0818,2.190704584121704,34.44197082519531,813.2410278320312,35.45819091796875,50,42,3,6.357142857142857,13
819,3,nx_shortest_path_heuristic,14,14,2,15,0,1.0,0.0,0.0,lc_nx_heuristic_graph_0819,2.9555892944335938,40.540531158447266,890.4080810546875,33.75556945800781,50,42,3,6.571428571428571,13
820,3,nx_shortest_path_heuristic,14,14,2,15,1,0.0,1.0,0.0,lc_nx_heuristic_graph_0820,3.601222276687622,36.1708869934082,856.793701171875,40.80360412597656,50,39,2,5.714285714285714,9
821,3,nx_shortest_path_heuristic,14,14,2,15,2,0.0,0.0,1.0,lc_nx_heuristic_graph_0821,2.2461962699890137,31.33844566345215,548.5029907226562,35.55821990966797,50,42,2,5.928571428571429,10
822,3,nx_shortest_path_heuristic,14,14,2,15,0,1.0,0.0,0.0,lc_nx_heuristic_graph_0822,3.1256985664367676,40.11916732788086,1192.2916259765625,33.41351318359375,50,41,2,8.857142857142858,15
823,3,nx_shortest_path_heuristic,14,14,2,15,1,0.0,1.0,0.0,lc_nx_heuristic_graph_0823,3.0022430419921875,28.324817657470703,478.9774169921875,41.80769729614258,50,41,2,6.0,13
824,3,nx_shortest_path_heuristic,14,14,2,15,2,0.0,0.0,1.0,lc_nx_heuristic_graph_0824,1.4685319662094116,33.82017135620117,1100.16650390625,16.493125915527344,50,46,2,8.357142857142858,14
825,3,nx_shortest_path_heuristic,14,14,2,15,0,1.0,0.0,0.0,lc_nx_heuristic_graph_0825,3.7074735164642334,38.169837951660156,1076.9495849609375,41.991798400878906,50,38,2,7.571428571428571,12
826,3,nx_shortest_path_heuristic,14,14,2,15,1,0.0,1.0,0.0,lc_nx_heuristic_graph_0826,4.13497257232666,24.00217056274414,660.5921020507812,52.31187438964844,50,35,3,7.0,11
827,3,nx_shortest_path_heuristic,14,14,2,15,2,0.0,0.0,1.0,lc_nx_heuristic_graph_0827,3.231166362762451,20.62580108642578,424.6828308105469,51.96877670288086,50,38,3,6.214285714285714,9
828,3,nx_shortest_path_heuristic,14,14,2,15,0,1.0,0.0,0.0,lc_nx_heuristic_graph_0828,1.9759070873260498,30.320354461669922,580.3165283203125,13.754648208618164,50,47,3,7.142857142857143,11
829,3,nx_shortest_path_heuristic,14,14,2,15,1,0.0,1.0,0.0,lc_nx_heuristic_graph_0829,1.6383284330368042,41.96487808227539,681.0880126953125,35.361839294433594,50,49,2,5.642857142857143,10
830,3,nx_shortest_path_heuristic,14,14,2,15,2,0.0,0.0,1.0,lc_nx_heuristic_graph_0830,1.9076820611953735,39.04499053955078,1071.2957763671875,27.81060028076172,50,44,3,6.5,12
831,3,nx_shortest_path_heuristic,14,14,2,15,0,1.0,0.0,0.0,lc_nx_heuristic_graph_0831,3.2005624771118164,50.01683807373047,640.2093505859375,59.20626449584961,50,42,2,5.642857142857143,11
832,3,nx_shortest_path_heuristic,14,14,2,15,1,0.0,1.0,0.0,lc_nx_heuristic_graph_0832,2.1095056533813477,44.47733688354492,1061.1583251953125,20.761194229125977,50,47,2,7.142857142857143,13
833,3,nx_shortest_path_heuristic,14,14,2,15,2,0.0,0.0,1.0,lc_nx_heuristic_graph_0833,2.631653070449829,39.59467697143555,977.0481567382812,43.029441833496094,50,39,2,7.642857142857143,14
834,3,nx_shortest_path_heuristic,14,14,2,15,0,1.0,0.0,0.0,lc_nx_heuristic_graph_0834,2.3918848037719727,44.02119064331055,1117.095703125,23.420452117919922,50,45,4,6.785714285714286,11
835,3,nx_shortest_path_heuristic,14,14,2,15,1,0.0,1.0,0.0,lc_nx_heuristic_graph_0835,3.1586475372314453,29.554515838623047,370.2234191894531,50.15983581542969,50,39,2,5.071428571428571,11
836,3,nx_shortest_path_heuristic,14,14,2,15,2,0.0,0.0,1.0,lc_nx_heuristic_graph_0836,2.58774995803833,30.155981063842773,621.7112426757812,38.8702392578125,50,40,2,6.428571428571429,11
837,3,nx_shortest_path_heuristic,14,14,2,15,0,1.0,0.0,0.0,lc_nx_heuristic_graph_0837,1.9082560539245605,34.69468688964844,912.2855224609375,15.170158386230469,50,47,2,7.214285714285714,12
838,3,nx_shortest_path_heuristic,14,14,2,15,1,0.0,1.0,0.0,lc_nx_heuristic_graph_0838,1.8320932388305664,34.29970932006836,903.8268432617188,5.673285007476807,50,49,2,7.785714285714286,13
839,3,nx_shortest_path_heuristic,14,14,2,15,2,0.0,0.0,1.0,lc_nx_heuristic_graph_0839,2.2452287673950195,43.86259078979492,884.0105590820312,40.463253021240234,50,42,2,5.571428571428571,9
840,3,nx_shortest_path_heuristic,14,14,2,15,0,1.0,0.0,0.0,lc_nx_heuristic_graph_0840,3.469972610473633,26.85791778564453,511.0989685058594,36.70319747924805,50,40,3,6.857142857142857,11
841,3,nx_shortest_path_heuristic,14,14,2,15,1,0.0,1.0,0.0,lc_nx_heuristic_graph_0841,2.9271295070648193,45.56523895263672,1001.5296630859375,33.31303787231445,50,42,3,7.571428571428571,14
842,3,nx_shortest_path_heuristic,14,14,2,15,2,0.0,0.0,1.0,lc_nx_heuristic_graph_0842,4.0113115310668945,31.14386749267578,688.2185668945312,66.08746337890625,50,40,2,5.642857142857143,12
843,3,nx_shortest_path_heuristic,14,14,2,15,0,1.0,0.0,0.0,lc_nx_heuristic_graph_0843,3.455839157104492,39.60976028442383,830.8609619140625,39.6719970703125,50,40,2,5.214285714285714,9
844,3,nx_shortest_path_heuristic,14,14,2,15,1,0.0,1.0,0.0,lc_nx_heuristic_graph_0844,3.268707513809204,37.43335723876953,1026.6932373046875,39.491092681884766,50,40,3,8.142857142857142,13
845,3,nx_shortest_path_heuristic,14,14,2,15,2,0.0,0.0,1.0,lc_nx_heuristic_graph_0845,1.5363601446151733,30.511932373046875,878.7210693359375,25.740781784057617,50,46,4,8.428571428571429,15
846,3,nx_shortest_path_heuristic,14,14,2,15,0,1.0,0.0,0.0,lc_nx_heuristic_graph_0846,4.472115516662598,34.20532989501953,965.2587280273438,54.17280197143555,50,39,4,7.142857142857143,13
847,3,nx_shortest_path_heuristic,14,14,2,15,1,0.0,1.0,0.0,lc_nx_heuristic_graph_0847,1.801398754119873,51.28310775756836,808.1054077148438,25.803651809692383,50,48,2,5.357142857142857,11
848,3,nx_shortest_path_heuristic,14,14,2,15,2,0.0,0.0,1.0,lc_nx_heuristic_graph_0848,0.8866497278213501,35.20257568359375,781.3303833007812,4.388647556304932,50,49,3,7.142857142857143,15
849,3,nx_shortest_path_heuristic,14,14,2,15,0,1.0,0.0,0.0,lc_nx_heuristic_graph_0849,3.789501667022705,22.62017250061035,724.484619140625,42.64456558227539,50,38,2,7.571428571428571,11
850,3,nx_shortest_path_heuristic,14,14,2,15,1,0.0,1.0,0.0,lc_nx_heuristic_graph_0850,3.088499069213867,29.512910842895508,623.2551879882812,34.21360397338867,50,42,2,6.357142857142857,11
851,3,nx_shortest_path_heuristic,14,14,2,15,2,0.0,0.0,1.0,lc_nx_heuristic_graph_0851,2.8885560035705566,29.57244110107422,483.62103271484375,48.21056365966797,50,38,3,5.785714285714286,12
852,3,nx_shortest_path_heuristic,14,14,2,15,0,1.0,0.0,0.0,lc_nx_heuristic_graph_0852,3.7610793113708496,21.65399742126465,675.6536254882812,42.515533447265625,50,38,3,7.5,13
853,3,nx_shortest_path_heuristic,14,14,2,15,1,0.0,1.0,0.0,lc_nx_heuristic_graph_0853,2.7850241661071777,48.00270462036133,1125.887451171875,34.07939529418945,50,44,4,6.857142857142857,12
854,3,nx_shortest_path_heuristic,14,14,2,15,2,0.0,0.0,1.0,lc_nx_heuristic_graph_0854,1.33574640750885,37.59156799316406,860.8743286132812,22.390491485595703,50,47,4,6.857142857142857,10
855,3,nx_shortest_path_heuristic,14,14,2,15,0,1.0,0.0,0.0,lc_nx_heuristic_graph_0855,2.0667471885681152,38.02476501464844,1325.1451416015625,18.350257873535156,50,46,3,8.214285714285714,11
856,3,nx_shortest_path_heuristic,14,14,2,15,1,0.0,1.0,0.0,lc_nx_heuristic_graph_0856,2.9130280017852783,43.356929779052734,746.0858764648438,38.3668098449707,50,49,3,5.714285714285714,9
857,3,nx_shortest_path_heuristic,14,14,2,15,2,0.0,0.0,1.0,lc_nx_heuristic_graph_0857,3.1296401023864746,46.53813171386719,1024.8504638671875,52.50279235839844,50,36,4,7.357142857142857,12
858,3,nx_shortest_path_heuristic,14,14,2,15,0,1.0,0.0,0.0,lc_nx_heuristic_graph_0858,4.4304609298706055,28.766817092895508,556.6339721679688,52.6450080871582,50,37,2,6.142857142857143,10
859,3,nx_shortest_path_heuristic,14,14,2,15,1,0.0,1.0,0.0,lc_nx_heuristic_graph_0859,2.368623733520508,44.20409393310547,1138.070068359375,15.9406156539917,50,47,2,6.857142857142857,12
860,3,nx_shortest_path_heuristic,14,14,2,15,2,0.0,0.0,1.0,lc_nx_heuristic_graph_0860,0.3286154270172119,37.15506362915039,798.7844848632812,5.652232646942139,50,50,2,6.785714285714286,13
861,3,nx_shortest_path_heuristic,14,14,2,15,0,1.0,0.0,0.0,lc_nx_heuristic_graph_0861,1.5649179220199585,32.187503814697266,900.5209350585938,8.851236343383789,50,50,2,8.5,12
862,3,nx_shortest_path_heuristic,14,14,2,15,1,0.0,1.0,0.0,lc_nx_heuristic_graph_0862,3.079530715942383,42.18764877319336,958.9281616210938,32.86915588378906,50,42,3,5.785714285714286,12
863,3,nx_shortest_path_heuristic,14,14,2,15,2,0.0,0.0,1.0,lc_nx_heuristic_graph_0863,2.270423412322998,28.903690338134766,563.8468627929688,34.66907501220703,50,42,3,6.571428571428571,11
864,3,nx_shortest_path_heuristic,14,14,2,15,0,1.0,0.0,0.0,lc_nx_heuristic_graph_0864,2.6058387756347656,49.316654205322266,1097.695556640625,36.72835159301758,50,44,2,6.928571428571429,10
865,3,nx_shortest_path_heuristic,14,14,2,15,1,0.0,1.0,0.0,lc_nx_heuristic_graph_0865,2.4131131172180176,40.93333435058594,783.820556640625,27.1278076171875,50,47,2,5.357142857142857,13
866,3,nx_shortest_path_heuristic,14,14,2,15,2,0.0,0.0,1.0,lc_nx_heuristic_graph_0866,2.3442883491516113,44.9159049987793,1242.394287109375,34.76076889038086,50,41,2,8.928571428571429,14
867,3,nx_shortest_path_heuristic,14,14,2,15,0,1.0,0.0,0.0,lc_nx_heuristic_graph_0867,2.713399887084961,44.111141204833984,796.7276000976562,33.08539581298828,50,43,3,6.142857142857143,12
868,3,nx_shortest_path_heuristic,14,14,2,15,1,0.0,1.0,0.0,lc_nx_heuristic_graph_0868,3.369805335998535,25.1807804107666,672.7518920898438,36.21195983886719,50,43,2,7.214285714285714,11
869,3,nx_shortest_path_heuristic,14,14,2,15,2,0.0,0.0,1.0,lc_nx_heuristic_graph_0869,2.4728732109069824,32.048377990722656,901.4330444335938,35.52385711669922,50,45,3,7.785714285714286,14
870,3,nx_shortest_path_heuristic,14,14,2,15,0,1.0,0.0,0.0,lc_nx_heuristic_graph_0870,2.127262830734253,40.67060470581055,1015.1690063476562,15.90293025970459,50,46,3,7.714285714285714,15
871,3,nx_shortest_path_heuristic,14,14,2,15,1,0.0,1.0,0.0,lc_nx_heuristic_graph_0871,2.2548179626464844,43.77318572998047,717.5741577148438,25.110498428344727,50,47,2,6.0,15
872,3,nx_shortest_path_heuristic,14,14,2,15,2,0.0,0.0,1.0,lc_nx_heuristic_graph_0872,2.7870278358459473,44.87666702270508,751.093505859375,60.5189208984375,50,45,2,6.142857142857143,10
873,3,nx_shortest_path_heuristic,14,14,2,15,0,1.0,0.0,0.0,lc_nx_heuristic_graph_0873,2.5532984733581543,40.703372955322266,997.8281860351562,24.120174407958984,50,44,3,7.428571428571429,11
874,3,nx_shortest_path_heuristic,14,14,2,15,1,0.0,1.0,0.0,lc_nx_heuristic_graph_0874,3.1401619911193848,39.2847785949707,1134.0133056640625,32.96324157714844,50,46,4,6.785714285714286,11
875,3,nx_shortest_path_heuristic,14,14,2,15,2,0.0,0.0,1.0,lc_nx_heuristic_graph_0875,1.8080157041549683,39.42982864379883,871.1730346679688,20.646038055419922,50,45,2,6.857142857142857,13
876,3,nx_shortest_path_heuristic,14,14,2,15,0,1.0,0.0,0.0,lc_nx_heuristic_graph_0876,0.7401258945465088,37.04012680053711,890.46484375,7.608571529388428,50,50,3,6.785714285714286,11
877,3,nx_shortest_path_heuristic,14,14,2,15,1,0.0,1.0,0.0,lc_nx_heuristic_graph_0877,3.4210166931152344,37.70305633544922,1113.551025390625,38.76298904418945,50,39,2,8.571428571428571,15
878,3,nx_shortest_path_heuristic,14,14,2,15,2,0.0,0.0,1.0,lc_nx_heuristic_graph_0878,1.545607566833496,40.24795913696289,904.7008666992188,24.419401168823242,50,46,3,7.214285714285714,11
879,3,nx_shortest_path_heuristic,14,14,2,15,0,1.0,0.0,0.0,lc_nx_heuristic_graph_0879,2.595770835876465,39.42222213745117,771.5541381835938,29.077035903930664,50,44,2,5.428571428571429,11
880,3,nx_shortest_path_heuristic,14,14,2,15,1,0.0,1.0,0.0,lc_nx_heuristic_graph_0880,3.8245506286621094,23.27147102355957,503.3341369628906,48.29792022705078,50,36,2,6.0,10
881,3,nx_shortest_path_heuristic,14,14,2,15,2,0.0,0.0,1.0,lc_nx_heuristic_graph_0881,1.5420819520950317,32.02146530151367,610.9190063476562,24.477977752685547,50,46,3,6.714285714285714,13
882,3,nx_shortest_path_heuristic,14,14,2,15,0,1.0,0.0,0.0,lc_nx_heuristic_graph_0882,4.560421943664551,40.709327697753906,842.3285522460938,57.19496154785156,50,40,2,5.142857142857143,13
883,3,nx_shortest_path_heuristic,14,14,2,15,1,0.0,1.0,0.0,lc_nx_heuristic_graph_0883,2.2730047702789307,35.58961868286133,870.4534301757812,17.822847366333008,50,46,2,7.357142857142857,15
884,3,nx_shortest_path_heuristic,14,14,2,15,2,0.0,0.0,1.0,lc_nx_heuristic_graph_0884,1.6787878274917603,36.68476104736328,944.8660888671875,20.08104705810547,50,45,4,7.428571428571429,14
885,3,nx_shortest_path_heuristic,14,14,2,15,0,1.0,0.0,0.0,lc_nx_heuristic_graph_0885,1.5313353538513184,44.02337646484375,1016.1448974609375,25.585636138916016,50,49,2,6.571428571428571,11
886,3,nx_shortest_path_heuristic,14,14,2,15,1,0.0,1.0,0.0,lc_nx_heuristic_graph_0886,3.1633481979370117,45.95586395263672,998.9957885742188,34.1549186706543,50,42,3,5.785714285714286,12
887,3,nx_shortest_path_heuristic,14,14,2,15,2,0.0,0.0,1.0,lc_nx_heuristic_graph_0887,2.3707756996154785,25.842374801635742,705.7969360351562,39.59367752075195,50,41,3,7.571428571428571,12
888,3,nx_shortest_path_heuristic,14,14,2,15,0,1.0,0.0,0.0,lc_nx_heuristic_graph_0888,3.153020143508911,32.211769104003906,958.9766235351562,35.7224235534668,50,41,5,7.285714285714286,12
889,3,nx_shortest_path_heuristic,14,14,2,15,1,0.0,1.0,0.0,lc_nx_heuristic_graph_0889,3.518153667449951,37.04520034790039,1171.239501953125,40.49341583251953,50,39,3,8.285714285714286,13
890,3,nx_shortest_path_heuristic,14,14,2,15,2,0.0,0.0,1.0,lc_nx_heuristic_graph_0890,1.5492082834243774,38.01359939575195,900.1114501953125,14.424629211425781,50,46,2,6.642857142857143,12
891,3,nx_shortest_path_heuristic,14,14,2,15,0,1.0,0.0,0.0,lc_nx_heuristic_graph_0891,2.524510145187378,35.80842208862305,1147.2525634765625,24.7933292388916,50,46,2,8.428571428571429,14
892,3,nx_shortest_path_heuristic,14,14,2,15,1,0.0,1.0,0.0,lc_nx_heuristic_graph_0892,2.1127262115478516,37.19635772705078,780.2776489257812,31.17693328857422,50,47,3,6.5,14
893,3,nx_shortest_path_heuristic,14,14,2,15,2,0.0,0.0,1.0,lc_nx_heuristic_graph_0893,2.570988655090332,40.423667907714844,819.2413330078125,40.58255386352539,50,40,2,5.214285714285714,8
894,3,nx_shortest_path_heuristic,14,14,2,15,0,1.0,0.0,0.0,lc_nx_heuristic_graph_0894,3.358555316925049,38.32457733154297,987.450927734375,37.75653076171875,50,40,3,7.571428571428571,15
895,3,nx_shortest_path_heuristic,14,14,2,15,1,0.0,1.0,0.0,lc_nx_heuristic_graph_0895,2.696155071258545,34.95828628540039,754.4412231445312,26.12718963623047,50,44,2,5.785714285714286,10
896,3,nx_shortest_path_heuristic,14,14,2,15,2,0.0,0.0,1.0,lc_nx_heuristic_graph_0896,2.855428457260132,30.861875534057617,749.9351196289062,45.826019287109375,50,38,2,5.928571428571429,11
897,3,nx_shortest_path_heuristic,14,14,2,15,0,1.0,0.0,0.0,lc_nx_heuristic_graph_0897,2.21901273727417,47.74540328979492,963.0546875,29.805463790893555,50,46,3,6.571428571428571,11
898,3,nx_shortest_path_heuristic,14,14,2,15,1,0.0,1.0,0.0,lc_nx_heuristic_graph_0898,2.796706438064575,25.577070236206055,587.852294921875,32.31294631958008,50,43,3,6.642857142857143,13
899,3,nx_shortest_path_heuristic,14,14,2,15,2,0.0,0.0,1.0,lc_nx_heuristic_graph_0899,2.0613417625427246,41.00621795654297,1145.4986572265625,28.234046936035156,50,43,3,6.857142857142857,12
900,3,nx_shortest_path_heuristic,14,14,2,15,0,1.0,0.0,0.0,lc_nx_heuristic_graph_0900,3.2865357398986816,46.404335021972656,797.5950317382812,39.07666015625,50,44,2,5.142857142857143,12
901,3,nx_shortest_path_heuristic,14,14,2,15,1,0.0,1.0,0.0,lc_nx_heuristic_graph_0901,2.959981918334961,51.77667236328125,685.321533203125,58.96723937988281,50,41,2,4.857142857142857,12
902,3,nx_shortest_path_heuristic,14,14,2,15,2,0.0,0.0,1.0,lc_nx_heuristic_graph_0902,2.4702305793762207,47.208438873291016,638.5195922851562,51.657073974609375,50,41,2,4.642857142857143,8
903,3,nx_shortest_path_heuristic,14,14,2,15,0,1.0,0.0,0.0,lc_nx_heuristic_graph_0903,3.8886055946350098,29.509868621826172,533.0997924804688,47.85725021362305,50,41,2,5.928571428571429,10
904,3,nx_shortest_path_heuristic,14,14,2,15,1,0.0,1.0,0.0,lc_nx_heuristic_graph_0904,2.7371883392333984,32.015071868896484,725.2039794921875,23.446081161499023,50,44,2,7.5,14
905,3,nx_shortest_path_heuristic,14,14,2,15,2,0.0,0.0,1.0,lc_nx_heuristic_graph_0905,1.1447911262512207,36.325782775878906,961.395751953125,13.632503509521484,50,48,4,7.428571428571429,12
906,3,nx_shortest_path_heuristic,14,14,2,15,0,1.0,0.0,0.0,lc_nx_heuristic_graph_0906,2.1519198417663574,45.70924377441406,786.6187133789062,28.148025512695312,50,49,2,5.857142857142857,10
907,3,nx_shortest_path_heuristic,14,14,2,15,1,0.0,1.0,0.0,lc_nx_heuristic_graph_0907,3.3360841274261475,39.30061340332031,985.9423217773438,39.57033920288086,50,39,4,7.5,15
908,3,nx_shortest_path_heuristic,14,14,2,15,2,0.0,0.0,1.0,lc_nx_heuristic_graph_0908,2.796069383621216,35.449363708496094,1021.7068481445312,44.66239929199219,50,38,2,7.928571428571429,15
909,3,nx_shortest_path_heuristic,14,14,2,15,0,1.0,0.0,0.0,lc_nx_heuristic_graph_0909,0.702455461025238,42.61591720581055,1053.52392578125,5.4891228675842285,50,50,2,6.857142857142857,11
910,3,nx_shortest_path_heuristic,14,14,2,15,1,0.0,1.0,0.0,lc_nx_heuristic_graph_0910,2.117185592651367,55.41227722167969,746.0787353515625,47.89906311035156,50,46,2,5.0,8
911,3,nx_shortest_path_heuristic,14,14,2,15,2,0.0,0.0,1.0,lc_nx_heuristic_graph_0911,2.839984178543091,40.38798141479492,1178.340576171875,44.87607955932617,50,38,2,8.714285714285714,13
912,3,nx_shortest_path_heuristic,14,14,2,15,0,1.0,0.0,0.0,lc_nx_heuristic_graph_0912,3.322535991668701,49.5573616027832,935.7589721679688,41.39970397949219,50,40,2,7.0,15
913,3,nx_shortest_path_heuristic,14,14,2,15,1,0.0,1.0,0.0,lc_nx_heuristic_graph_0913,3.093233108520508,45.633907318115234,1087.1207275390625,38.96176528930664,50,43,4,6.714285714285714,11
914,3,nx_shortest_path_heuristic,14,14,2,15,2,0.0,0.0,1.0,lc_nx_heuristic_graph_0914,2.9023165702819824,45.02174758911133,848.7188720703125,43.31946563720703,50,42,2,5.428571428571429,13
915,3,nx_shortest_path_heuristic,14,14,2,15,0,1.0,0.0,0.0,lc_nx_heuristic_graph_0915,3.608729362487793,24.522212982177734,716.7908325195312,41.69187545776367,50,39,3,7.357142857142857,12
916,3,nx_shortest_path_heuristic,14,14,2,15,1,0.0,1.0,0.0,lc_nx_heuristic_graph_0916,3.6355655193328857,24.75564193725586,527.6385498046875,51.517242431640625,50,37,2,6.357142857142857,10
917,3,nx_shortest_path_heuristic,14,14,2,15,2,0.0,0.0,1.0,lc_nx_heuristic_graph_0917,1.8585301637649536,35.714900970458984,858.1739501953125,27.14350128173828,50,44,3,7.071428571428571,15
918,3,nx_shortest_path_heuristic,14,14,2,15,0,1.0,0.0,0.0,lc_nx_heuristic_graph_0918,2.1531951427459717,40.32913589477539,1152.5877685546875,18.31542205810547,50,45,2,9.285714285714286,15
919,3,nx_shortest_path_heuristic,14,14,2,15,1,0.0,1.0,0.0,lc_nx_heuristic_graph_0919,2.111697196960449,36.980628967285156,805.2283325195312,19.17757225036621,50,48,4,6.142857142857143,8
920,3,nx_shortest_path_heuristic,14,14,2,15,2,0.0,0.0,1.0,lc_nx_heuristic_graph_0920,1.3209147453308105,33.16707992553711,839.3829345703125,18.528059005737305,50,47,3,6.571428571428571,10
921,3,nx_shortest_path_heuristic,14,14,2,15,0,1.0,0.0,0.0,lc_nx_heuristic_graph_0921,3.1272692680358887,35.947208404541016,778.336669921875,36.394996643066406,50,41,2,6.428571428571429,12
922,3,nx_shortest_path_heuristic,14,14,2,15,1,0.0,1.0,0.0,lc_nx_heuristic_graph_0922,2.0756638050079346,39.03608322143555,715.1473388671875,26.102787017822266,50,47,3,6.142857142857143,10
923,3,nx_shortest_path_heuristic,14,14,2,15,2,0.0,0.0,1.0,lc_nx_heuristic_graph_0923,1.1199207305908203,44.19677734375,1023.0530395507812,8.853973388671875,50,48,4,7.5,14
924,3,nx_shortest_path_heuristic,14,14,2,15,0,1.0,0.0,0.0,lc_nx_heuristic_graph_0924,2.5946247577667236,35.85239791870117,895.9713134765625,25.469879150390625,50,44,3,7.0,13
925,3,nx_shortest_path_heuristic,14,14,2,15,1,0.0,1.0,0.0,lc_nx_heuristic_graph_0925,3.7553608417510986,30.3359375,741.1995849609375,45.60710525512695,50,38,2,6.0,11
926,3,nx_shortest_path_heuristic,14,14,2,15,2,0.0,0.0,1.0,lc_nx_heuristic_graph_0926,2.2420263290405273,28.19462776184082,654.4241333007812,29.246109008789062,50,42,2,7.0,10
927,3,nx_shortest_path_heuristic,14,14,2,15,0,1.0,0.0,0.0,lc_nx_heuristic_graph_0927,2.469719409942627,34.64744186401367,1036.337890625,24.108287811279297,50,44,4,8.357142857142858,15
928,3,nx_shortest_path_heuristic,14,14,2,15,1,0.0,1.0,0.0,lc_nx_heuristic_graph_0928,2.236459732055664,40.004154205322266,762.5724487304688,33.152523040771484,50,46,3,6.642857142857143,11
929,3,nx_shortest_path_heuristic,14,14,2,15,2,0.0,0.0,1.0,lc_nx_heuristic_graph_0929,3.250950336456299,22.26721954345703,468.87481689453125,53.002079010009766,50,35,3,6.357142857142857,13
930,3,nx_shortest_path_heuristic,14,14,2,15,0,1.0,0.0,0.0,lc_nx_heuristic_graph_0930,0.5118285417556763,35.45861053466797,824.611328125,2.5066614151000977,50,50,2,6.785714285714286,15
931,3,nx_shortest_path_heuristic,14,14,2,15,1,0.0,1.0,0.0,lc_nx_heuristic_graph_0931,1.8845915794372559,55.47962188720703,827.6285400390625,20.069068908691406,50,48,2,5.642857142857143,13
932,3,nx_shortest_path_heuristic,14,14,2,15,2,0.0,0.0,1.0,lc_nx_heuristic_graph_0932,2.7301087379455566,44.136962890625,864.8304443359375,45.58707809448242,50,42,2,5.642857142857143,11
933,3,nx_shortest_path_heuristic,14,14,2,15,0,1.0,0.0,0.0,lc_nx_heuristic_graph_0933,3.830796241760254,25.630189895629883,731.6085815429688,45.24263000488281,50,38,3,6.857142857142857,11
934,3,nx_shortest_path_heuristic,14,14,2,15,1,0.0,1.0,0.0,lc_nx_heuristic_graph_0934,2.3927299976348877,32.72956466674805,764.9262084960938,23.29060935974121,50,45,3,6.928571428571429,13
935,3,nx_shortest_path_heuristic,14,14,2,15,2,0.0,0.0,1.0,lc_nx_heuristic_graph_0935,1.4757393598556519,38.58929443359375,888.812744140625,21.624908447265625,50,46,4,7.0,11
936,3,nx_shortest_path_heuristic,14,14,2,15,0,1.0,0.0,0.0,lc_nx_heuristic_graph_0936,3.2563977241516113,28.331424713134766,623.183837890625,37.307899475097656,50,41,3,7.214285714285714,12
937,3,nx_shortest_path_heuristic,14,14,2,15,1,0.0,1.0,0.0,lc_nx_heuristic_graph_0937,2.9506454467773438,37.43820571899414,1081.949951171875,31.563079833984375,50,42,3,8.428571428571429,15
938,3,nx_shortest_path_heuristic,14,14,2,15,2,0.0,0.0,1.0,lc_nx_heuristic_graph_0938,3.4413511753082275,26.23822021484375,663.2240600585938,56.928993225097656,50,34,2,6.928571428571429,13
939,3,nx_shortest_path_heuristic,14,14,2,15,0,1.0,0.0,0.0,lc_nx_heuristic_graph_0939,4.079577445983887,37.661170959472656,936.0354614257812,48.96029281616211,50,40,3,7.071428571428571,15
940,3,nx_shortest_path_heuristic,14,14,2,15,1,0.0,1.0,0.0,lc_nx_heuristic_graph_0940,2.4995503425598145,29.01861572265625,654.5831909179688,26.637300491333008,50,45,2,6.857142857142857,11
941,3,nx_shortest_path_heuristic,14,14,2,15,2,0.0,0.0,1.0,lc_nx_heuristic_graph_0941,1.441340446472168,34.52378845214844,1501.69140625,15.786229133605957,50,46,5,11.142857142857142,15
942,3,nx_shortest_path_heuristic,14,14,2,15,0,1.0,0.0,0.0,lc_nx_heuristic_graph_0942,3.680819034576416,50.528099060058594,904.1168823242188,62.469970703125,50,41,2,5.642857142857143,12
943,3,nx_shortest_path_heuristic,14,14,2,15,1,0.0,1.0,0.0,lc_nx_heuristic_graph_0943,2.3050174713134766,32.24772262573242,795.598388671875,21.877838134765625,50,46,3,6.571428571428571,11
944,3,nx_shortest_path_heuristic,14,14,2,15,2,0.0,0.0,1.0,lc_nx_heuristic_graph_0944,2.648315906524658,22.048234939575195,521.8668823242188,42.10354232788086,50,44,2,6.357142857142857,11
945,3,nx_shortest_path_heuristic,14,14,2,15,0,1.0,0.0,0.0,lc_nx_heuristic_graph_0945,3.5487427711486816,49.390682220458984,1009.3123168945312,45.68641662597656,50,39,2,7.142857142857143,14
946,3,nx_shortest_path_heuristic,14,14,2,15,1,0.0,1.0,0.0,lc_nx_heuristic_graph_0946,2.546114921569824,38.30342102050781,1092.7696533203125,21.642559051513672,50,45,2,8.071428571428571,13
947,3,nx_shortest_path_heuristic,14,14,2,15,2,0.0,0.0,1.0,lc_nx_heuristic_graph_0947,0.9424512386322021,36.98942565917969,931.2139282226562,16.263240814208984,50,49,3,7.214285714285714,13
948,3,nx_shortest_path_heuristic,14,14,2,15,0,1.0,0.0,0.0,lc_nx_heuristic_graph_0948,2.6828861236572266,43.375587463378906,1498.0390625,28.528993606567383,50,43,4,10.214285714285714,13
949,3,nx_shortest_path_heuristic,14,14,2,15,1,0.0,1.0,0.0,lc_nx_heuristic_graph_0949,3.66275954246521,35.94200897216797,828.6177368164062,50.80200958251953,50,38,2,6.142857142857143,10
950,3,nx_shortest_path_heuristic,14,14,2,15,2,0.0,0.0,1.0,lc_nx_heuristic_graph_0950,2.4785423278808594,40.66960144042969,1103.4234619140625,38.28622817993164,50,40,2,7.642857142857143,15
951,3,nx_shortest_path_heuristic,14,14,2,15,0,1.0,0.0,0.0,lc_nx_heuristic_graph_0951,1.832007646560669,38.945743560791016,1062.7830810546875,12.158964157104492,50,47,3,7.928571428571429,15
952,3,nx_shortest_path_heuristic,14,14,2,15,1,0.0,1.0,0.0,lc_nx_heuristic_graph_0952,3.200038433074951,22.91938591003418,606.2316284179688,33.736263275146484,50,41,3,7.142857142857143,12
953,3,nx_shortest_path_heuristic,14,14,2,15,2,0.0,0.0,1.0,lc_nx_heuristic_graph_0953,3.078331708908081,42.353248596191406,854.861328125,55.020957946777344,50,36,4,6.928571428571429,13
954,3,nx_shortest_path_heuristic,14,14,2,15,0,1.0,0.0,0.0,lc_nx_heuristic_graph_0954,2.480668783187866,45.13633728027344,994.353759765625,26.060789108276367,50,45,2,6.357142857142857,12
955,3,nx_shortest_path_heuristic,14,14,2,15,1,0.0,1.0,0.0,lc_nx_heuristic_graph_0955,2.771571636199951,50.787227630615234,1095.9708251953125,33.27082443237305,50,42,3,7.714285714285714,11
956,3,nx_shortest_path_heuristic,14,14,2,15,2,0.0,0.0,1.0,lc_nx_heuristic_graph_0956,3.088378429412842,22.978788375854492,735.6431274414062,51.626102447509766,50,41,3,7.285714285714286,12
957,3,nx_shortest_path_heuristic,14,14,2,15,0,1.0,0.0,0.0,lc_nx_heuristic_graph_0957,2.8815157413482666,25.903226852416992,557.7897338867188,33.83800506591797,50,43,2,6.642857142857143,11
958,3,nx_shortest_path_heuristic,14,14,2,15,1,0.0,1.0,0.0,lc_nx_heuristic_graph_0958,2.335331916809082,27.87226104736328,537.5863037109375,28.19059181213379,50,45,3,6.714285714285714,11
959,3,nx_shortest_path_heuristic,14,14,2,15,2,0.0,0.0,1.0,lc_nx_heuristic_graph_0959,1.9921071529388428,39.99953079223633,1122.769287109375,25.4670467376709,50,46,2,8.785714285714286,15
960,3,nx_shortest_path_heuristic,14,14,2,15,0,1.0,0.0,0.0,lc_nx_heuristic_graph_0960,3.196232318878174,53.2668571472168,794.1142578125,47.38127136230469,50,42,2,5.071428571428571,11
961,3,nx_shortest_path_heuristic,14,14,2,15,1,0.0,1.0,0.0,lc_nx_heuristic_graph_0961,2.952117443084717,43.15628433227539,897.9812622070312,39.5424919128418,50,42,3,5.857142857142857,11
962,3,nx_shortest_path_heuristic,14,14,2,15,2,0.0,0.0,1.0,lc_nx_heuristic_graph_0962,1.1693964004516602,35.088871002197266,770.7904663085938,11.83062744140625,50,48,3,6.0,10
963,3,nx_shortest_path_heuristic,14,14,2,15,0,1.0,0.0,0.0,lc_nx_heuristic_graph_0963,2.8075449466705322,25.075586318969727,624.2728271484375,28.982988357543945,50,43,3,6.928571428571429,12
964,3,nx_shortest_path_heuristic,14,14,2,15,1,0.0,1.0,0.0,lc_nx_heuristic_graph_0964,1.8319618701934814,37.592350006103516,882.2651977539062,10.070952415466309,50,48,3,7.928571428571429,15
965,3,nx_shortest_path_heuristic,14,14,2,15,2,0.0,0.0,1.0,lc_nx_heuristic_graph_0965,2.7362258434295654,43.99156951904297,788.5989990234375,45.192527770996094,50,39,2,6.5,12
966,3,nx_shortest_path_heuristic,14,14,2,15,0,1.0,0.0,0.0,lc_nx_heuristic_graph_0966,3.234191417694092,23.95492935180664,645.0958862304688,35.128536224365234,50,41,2,7.142857142857143,12
967,3,nx_shortest_path_heuristic,14,14,2,15,1,0.0,1.0,0.0,lc_nx_heuristic_graph_0967,2.8555679321289062,37.10929489135742,1068.57568359375,30.751811981201172,50,42,2,8.571428571428571,15
968,3,nx_shortest_path_heuristic,14,14,2,15,2,0.0,0.0,1.0,lc_nx_heuristic_graph_0968,1.8955609798431396,30.175512313842773,587.6813354492188,34.69097137451172,50,44,2,6.785714285714286,11
969,3,nx_shortest_path_heuristic,14,14,2,15,0,1.0,0.0,0.0,lc_nx_heuristic_graph_0969,1.277648687362671,29.055686950683594,1060.18798828125,6.078596591949463,50,49,2,8.642857142857142,13
970,3,nx_shortest_path_heuristic,14,14,2,15,1,0.0,1.0,0.0,lc_nx_heuristic_graph_0970,2.3610339164733887,31.841869354248047,948.8099365234375,13.841329574584961,50,47,3,7.5,11
971,3,nx_shortest_path_heuristic,14,14,2,15,2,0.0,0.0,1.0,lc_nx_heuristic_graph_0971,2.521749973297119,40.05922317504883,979.0409545898438,37.488773345947266,50,45,2,6.0,11
972,3,nx_shortest_path_heuristic,14,14,2,15,0,1.0,0.0,0.0,lc_nx_heuristic_graph_0972,3.0303359031677246,27.261341094970703,650.7709350585938,32.124813079833984,50,42,3,6.571428571428571,12
973,3,nx_shortest_path_heuristic,14,14,2,15,1,0.0,1.0,0.0,lc_nx_heuristic_graph_0973,2.968027114868164,36.24248123168945,790.4165649414062,26.6719913482666,50,47,2,6.428571428571429,11
974,3,nx_shortest_path_heuristic,14,14,2,15,2,0.0,0.0,1.0,lc_nx_heuristic_graph_0974,1.605542540550232,50.496463775634766,1062.039306640625,26.74005126953125,50,46,2,6.642857142857143,12
975,3,nx_shortest_path_heuristic,14,14,2,15,0,1.0,0.0,0.0,lc_nx_heuristic_graph_0975,3.136056423187256,38.153564453125,981.6047973632812,34.52019500732422,50,41,3,7.785714285714286,14
976,3,nx_shortest_path_heuristic,14,14,2,15,1,0.0,1.0,0.0,lc_nx_heuristic_graph_0976,3.2922987937927246,44.69670867919922,954.6861572265625,42.81999588012695,50,45,2,6.928571428571429,12
977,3,nx_shortest_path_heuristic,14,14,2,15,2,0.0,0.0,1.0,lc_nx_heuristic_graph_0977,2.940532684326172,48.3786735534668,663.330078125,51.45405578613281,50,38,2,5.571428571428571,9
978,3,nx_shortest_path_heuristic,14,14,2,15,0,1.0,0.0,0.0,lc_nx_heuristic_graph_0978,2.3944544792175293,45.879817962646484,1012.0549926757812,31.503307342529297,50,45,2,6.214285714285714,12
979,3,nx_shortest_path_heuristic,14,14,2,15,1,0.0,1.0,0.0,lc_nx_heuristic_graph_0979,1.2242027521133423,38.348262786865234,863.7960815429688,2.4814260005950928,50,50,2,6.857142857142857,11
980,3,nx_shortest_path_heuristic,14,14,2,15,2,0.0,0.0,1.0,lc_nx_heuristic_graph_0980,0.9830852150917053,38.19320297241211,798.7306518554688,14.062088966369629,50,49,2,6.071428571428571,13
981,3,nx_shortest_path_heuristic,14,14,2,15,0,1.0,0.0,0.0,lc_nx_heuristic_graph_0981,1.0549299716949463,47.75111770629883,680.1529541015625,38.203121185302734,50,50,2,5.285714285714286,12
982,3,nx_shortest_path_heuristic,14,14,2,15,1,0.0,1.0,0.0,lc_nx_heuristic_graph_0982,1.2561261653900146,35.87827682495117,800.2610473632812,5.180233478546143,50,50,4,6.214285714285714,12
983,3,nx_shortest_path_heuristic,14,14,2,15,2,0.0,0.0,1.0,lc_nx_heuristic_graph_0983,1.8544305562973022,30.85666847229004,555.1314086914062,38.7568359375,50,44,2,6.5,11
984,3,nx_shortest_path_heuristic,14,14,2,15,0,1.0,0.0,0.0,lc_nx_heuristic_graph_0984,3.1195068359375,40.535194396972656,937.4996337890625,33.99507141113281,50,41,2,7.142857142857143,12
985,3,nx_shortest_path_heuristic,14,14,2,15,1,0.0,1.0,0.0,lc_nx_heuristic_graph_0985,2.078047275543213,34.70899963378906,828.5855102539062,19.804166793823242,50,46,2,7.428571428571429,13
986,3,nx_shortest_path_heuristic,14,14,2,15,2,0.0,0.0,1.0,lc_nx_heuristic_graph_0986,2.7916228771209717,35.96479797363281,1125.126708984375,42.07615661621094,50,38,2,8.5,15
987,3,nx_shortest_path_heuristic,14,14,2,15,0,1.0,0.0,0.0,lc_nx_heuristic_graph_0987,1.7200872898101807,41.73917007446289,999.6661376953125,14.26576042175293,50,48,3,6.642857142857143,12
988,3,nx_shortest_path_heuristic,14,14,2,15,1,0.0,1.0,0.0,lc_nx_heuristic_graph_0988,2.7796144485473633,29.441104888916016,673.3845825195312,27.214702606201172,50,44,3,6.928571428571429,10
989,3,nx_shortest_path_heuristic,14,14,2,15,2,0.0,0.0,1.0,lc_nx_heuristic_graph_0989,1.3242367506027222,37.200870513916016,1191.2720947265625,15.908440589904785,50,47,3,8.642857142857142,13
990,3,nx_shortest_path_heuristic,14,14,2,15,0,1.0,0.0,0.0,lc_nx_heuristic_graph_0990,3.390857696533203,34.051944732666016,963.0242309570312,36.53983688354492,50,40,3,6.928571428571429,10
991,3,nx_shortest_path_heuristic,14,14,2,15,1,0.0,1.0,0.0,lc_nx_heuristic_graph_0991,2.5309157371520996,33.256160736083984,724.7182006835938,23.949596405029297,50,44,2,6.142857142857143,12
992,3,nx_shortest_path_heuristic,14,14,2,15,2,0.0,0.0,1.0,lc_nx_heuristic_graph_0992,1.279475450515747,40.75969314575195,1294.910888671875,11.469999313354492,50,47,5,9.357142857142858,14
993,3,nx_shortest_path_heuristic,14,14,2,15,0,1.0,0.0,0.0,lc_nx_heuristic_graph_0993,3.5010101795196533,43.78759002685547,1140.413330078125,40.14558410644531,50,39,2,8.071428571428571,15
994,3,nx_shortest_path_heuristic,14,14,2,15,1,0.0,1.0,0.0,lc_nx_heuristic_graph_0994,3.354339838027954,37.00259017944336,854.7042236328125,46.784912109375,50,43,2,6.714285714285714,12
995,3,nx_shortest_path_heuristic,14,14,2,15,2,0.0,0.0,1.0,lc_nx_heuristic_graph_0995,0.9440187811851501,32.62832260131836,705.3319091796875,14.754827499389648,50,49,2,6.357142857142857,10
996,3,nx_shortest_path_heuristic,14,14,2,15,0,1.0,0.0,0.0,lc_nx_heuristic_graph_0996,3.5367040634155273,35.62301254272461,1097.0772705078125,39.83524703979492,50,39,2,8.285714285714286,13
997,3,nx_shortest_path_heuristic,14,14,2,15,1,0.0,1.0,0.0,lc_nx_heuristic_graph_0997,3.670224666595459,40.69968795776367,837.312255859375,47.94209289550781,50,43,2,5.714285714285714,12
998,3,nx_shortest_path_heuristic,14,14,2,15,2,0.0,0.0,1.0,lc_nx_heuristic_graph_0998,1.782446026802063,47.33232879638672,1338.212158203125,22.521343231201172,50,44,4,9.785714285714286,15
999,3,nx_shortest_path_heuristic,14,14,2,15,0,1.0,0.0,0.0,lc_nx_heuristic_graph_0999,4.020925521850586,38.543357849121094,778.307861328125,52.341854095458984,50,40,3,5.857142857142857,15
