graph_index,group,generation_method,n_routes,generated_n_routes,min_route_len,max_route_len,target_route_len,weight_combo_index,demand_time_weight,route_time_weight,median_connectivity_weight,run_name,cost,ATT,RTT,unserved_demand,n_nodes,covered_nodes,route_length_min,route_length_mean,route_length_max
0,0,nx_max_length_path_heuristic,10,10,2,12,12,0,1.0,0.0,0.0,lc_nx_heuristic_graph_0000,2.420436382293701,37.31474304199219,1209.7655029296875,27.873287200927734,50,44,12,12.0,12
1,0,nx_max_length_path_heuristic,10,10,2,12,12,1,0.0,1.0,0.0,lc_nx_heuristic_graph_0001,3.339874744415283,33.580753326416016,1101.0484619140625,23.219907760620117,50,44,12,12.0,12
2,0,nx_max_length_path_heuristic,10,10,2,12,12,2,0.0,0.0,1.0,lc_nx_heuristic_graph_0002,1.9958126544952393,39.55088806152344,1296.239501953125,25.604829788208008,50,43,12,12.0,12
3,0,nx_max_length_path_heuristic,10,10,2,12,12,0,1.0,0.0,0.0,lc_nx_heuristic_graph_0003,2.011240243911743,38.84138870239258,1164.074951171875,23.28953742980957,50,46,12,12.0,12
4,0,nx_max_length_path_heuristic,10,10,2,12,12,1,0.0,1.0,0.0,lc_nx_heuristic_graph_0004,2.282029151916504,38.66905975341797,1225.192138671875,12.496259689331055,50,48,12,12.0,12
5,0,nx_max_length_path_heuristic,10,10,2,12,12,2,0.0,0.0,1.0,lc_nx_heuristic_graph_0005,1.3003009557724,36.32954025268555,1411.0831298828125,16.494539260864258,50,47,12,12.0,12
6,0,nx_max_length_path_heuristic,10,10,2,12,12,0,1.0,0.0,0.0,lc_nx_heuristic_graph_0006,2.903857946395874,41.01531219482422,1075.0426025390625,30.096731185913086,50,42,12,12.0,12
7,0,nx_max_length_path_heuristic,10,10,2,12,12,1,0.0,1.0,0.0,lc_nx_heuristic_graph_0007,3.4911813735961914,35.255069732666016,1187.5445556640625,23.94312286376953,50,44,12,12.0,12
8,0,nx_max_length_path_heuristic,10,10,2,12,12,2,0.0,0.0,1.0,lc_nx_heuristic_graph_0008,2.0179693698883057,36.08622360229492,1518.7725830078125,27.08717918395996,50,43,12,12.0,12
9,0,nx_max_length_path_heuristic,10,10,2,12,12,0,1.0,0.0,0.0,lc_nx_heuristic_graph_0009,4.2541823387146,31.089628219604492,1155.615478515625,51.134090423583984,50,35,12,12.0,12
10,0,nx_max_length_path_heuristic,10,10,2,12,12,1,0.0,1.0,0.0,lc_nx_heuristic_graph_0010,3.1121344566345215,33.330509185791016,1117.8001708984375,17.9379825592041,50,47,12,12.0,12
11,0,nx_max_length_path_heuristic,10,10,2,12,12,2,0.0,0.0,1.0,lc_nx_heuristic_graph_0011,1.8685601949691772,35.89913558959961,1482.4351806640625,24.99762535095215,50,44,12,12.0,12
12,0,nx_max_length_path_heuristic,10,10,2,12,12,0,1.0,0.0,0.0,lc_nx_heuristic_graph_0012,2.102588415145874,28.709325790405273,1036.0186767578125,17.732358932495117,50,46,12,12.0,12
13,0,nx_max_length_path_heuristic,10,10,2,12,12,1,0.0,1.0,0.0,lc_nx_heuristic_graph_0013,3.438117027282715,39.79636764526367,1406.902587890625,18.504613876342773,50,47,12,12.0,12
14,0,nx_max_length_path_heuristic,10,10,2,12,12,2,0.0,0.0,1.0,lc_nx_heuristic_graph_0014,2.0530245304107666,28.97369956970215,1147.3062744140625,27.065839767456055,50,43,12,12.0,12
15,0,nx_max_length_path_heuristic,10,10,2,12,12,0,1.0,0.0,0.0,lc_nx_heuristic_graph_0015,1.8044298887252808,36.79450607299805,1513.0234375,18.558141708374023,50,47,12,12.0,12
16,0,nx_max_length_path_heuristic,10,10,2,12,12,1,0.0,1.0,0.0,lc_nx_heuristic_graph_0016,2.8739571571350098,33.874446868896484,1057.9046630859375,21.48625946044922,50,46,12,12.0,12
17,0,nx_max_length_path_heuristic,10,10,2,12,12,2,0.0,0.0,1.0,lc_nx_heuristic_graph_0017,1.8546127080917358,27.940004348754883,1137.554443359375,26.473033905029297,50,44,12,12.0,12
18,0,nx_max_length_path_heuristic,10,10,2,12,12,0,1.0,0.0,0.0,lc_nx_heuristic_graph_0018,2.0170419216156006,32.05187225341797,973.3206176757812,24.01644515991211,50,46,12,12.0,12
19,0,nx_max_length_path_heuristic,10,10,2,12,12,1,0.0,1.0,0.0,lc_nx_heuristic_graph_0019,3.4378585815429688,34.313087463378906,1265.065185546875,30.649303436279297,50,42,12,12.0,12
20,0,nx_max_length_path_heuristic,10,10,2,12,12,2,0.0,0.0,1.0,lc_nx_heuristic_graph_0020,1.502401351928711,38.04347610473633,1463.0235595703125,22.651395797729492,50,46,12,12.0,12
21,0,nx_max_length_path_heuristic,10,10,2,12,12,0,1.0,0.0,0.0,lc_nx_heuristic_graph_0021,2.901853322982788,32.76358413696289,1204.6436767578125,29.731014251708984,50,42,12,12.0,12
22,0,nx_max_length_path_heuristic,10,10,2,12,12,1,0.0,1.0,0.0,lc_nx_heuristic_graph_0022,3.8339743614196777,30.061037063598633,1178.482177734375,18.315670013427734,50,46,12,12.0,12
23,0,nx_max_length_path_heuristic,10,10,2,12,12,2,0.0,0.0,1.0,lc_nx_heuristic_graph_0023,1.142447829246521,35.38784408569336,1107.80712890625,14.374700546264648,50,48,12,12.0,12
24,0,nx_max_length_path_heuristic,10,10,2,12,12,0,1.0,0.0,0.0,lc_nx_heuristic_graph_0024,2.298680305480957,24.996217727661133,824.27734375,22.585742950439453,50,45,12,12.0,12
25,0,nx_max_length_path_heuristic,10,10,2,12,12,1,0.0,1.0,0.0,lc_nx_heuristic_graph_0025,3.780331611633301,38.32577896118164,1488.6092529296875,20.837486267089844,50,46,12,12.0,12
26,0,nx_max_length_path_heuristic,10,10,2,12,12,2,0.0,0.0,1.0,lc_nx_heuristic_graph_0026,1.7126761674880981,30.385046005249023,783.2401123046875,28.9671688079834,50,45,12,12.0,12
27,0,nx_max_length_path_heuristic,10,10,2,12,12,0,1.0,0.0,0.0,lc_nx_heuristic_graph_0027,2.0867810249328613,41.61931228637695,1151.9537353515625,20.345073699951172,50,46,12,12.0,12
28,0,nx_max_length_path_heuristic,10,10,2,12,12,1,0.0,1.0,0.0,lc_nx_heuristic_graph_0028,2.7986083030700684,23.698328018188477,728.5718383789062,13.933640480041504,50,47,12,12.0,12
29,0,nx_max_length_path_heuristic,10,10,2,12,12,2,0.0,0.0,1.0,lc_nx_heuristic_graph_0029,1.3342132568359375,30.790544509887695,1099.90283203125,14.027772903442383,50,47,12,12.0,12
30,0,nx_max_length_path_heuristic,10,10,2,12,12,0,1.0,0.0,0.0,lc_nx_heuristic_graph_0030,1.3717327117919922,28.942262649536133,1036.830078125,7.644318103790283,50,49,12,12.0,12
31,0,nx_max_length_path_heuristic,10,10,2,12,12,1,0.0,1.0,0.0,lc_nx_heuristic_graph_0031,3.7721571922302246,35.10719299316406,1148.8829345703125,33.458213806152344,50,41,12,12.0,12
32,0,nx_max_length_path_heuristic,10,10,2,12,12,2,0.0,0.0,1.0,lc_nx_heuristic_graph_0032,1.16008722782135,24.647003173828125,746.9013671875,8.425128936767578,50,48,12,12.0,12
33,0,nx_max_length_path_heuristic,10,10,2,12,12,0,1.0,0.0,0.0,lc_nx_heuristic_graph_0033,2.108842372894287,30.827226638793945,1130.0274658203125,19.580768585205078,50,46,12,12.0,12
34,0,nx_max_length_path_heuristic,10,10,2,12,12,1,0.0,1.0,0.0,lc_nx_heuristic_graph_0034,3.244724750518799,27.023456573486328,874.7062377929688,19.216636657714844,50,47,12,12.0,12
35,0,nx_max_length_path_heuristic,10,10,2,12,12,2,0.0,0.0,1.0,lc_nx_heuristic_graph_0035,0.9208122491836548,23.39342498779297,785.681640625,4.6729044914245605,50,49,12,12.0,12
36,0,nx_max_length_path_heuristic,10,10,2,12,12,0,1.0,0.0,0.0,lc_nx_heuristic_graph_0036,1.3498787879943848,23.97390365600586,758.7831420898438,9.727028846740723,50,49,12,12.0,12
37,0,nx_max_length_path_heuristic,10,10,2,12,12,1,0.0,1.0,0.0,lc_nx_heuristic_graph_0037,3.437605381011963,36.95273971557617,1161.8731689453125,33.386268615722656,50,41,12,12.0,12
38,0,nx_max_length_path_heuristic,10,10,2,12,12,2,0.0,0.0,1.0,lc_nx_heuristic_graph_0038,1.8599581718444824,40.81404113769531,1192.4765625,29.340696334838867,50,44,12,12.0,12
39,0,nx_max_length_path_heuristic,10,10,2,12,12,0,1.0,0.0,0.0,lc_nx_heuristic_graph_0039,2.424691677093506,33.878910064697266,1275.303466796875,23.40581512451172,50,44,12,12.0,12
40,0,nx_max_length_path_heuristic,10,10,2,12,12,1,0.0,1.0,0.0,lc_nx_heuristic_graph_0040,3.292415142059326,32.2812385559082,1094.451171875,19.220001220703125,50,46,12,12.0,12
41,0,nx_max_length_path_heuristic,10,10,2,12,12,2,0.0,0.0,1.0,lc_nx_heuristic_graph_0041,0.9292885661125183,39.60016632080078,1552.9278564453125,7.207444190979004,50,49,12,12.0,12
42,0,nx_max_length_path_heuristic,10,10,2,12,12,0,1.0,0.0,0.0,lc_nx_heuristic_graph_0042,2.9997329711914062,35.46987533569336,1413.7801513671875,30.651018142700195,50,42,12,12.0,12
43,0,nx_max_length_path_heuristic,10,10,2,12,12,1,0.0,1.0,0.0,lc_nx_heuristic_graph_0043,3.8531389236450195,30.231252670288086,1131.510986328125,22.898191452026367,50,44,12,12.0,12
44,0,nx_max_length_path_heuristic,10,10,2,12,12,2,0.0,0.0,1.0,lc_nx_heuristic_graph_0044,1.8505994081497192,38.97161865234375,1482.22265625,24.081520080566406,50,44,12,12.0,12
45,0,nx_max_length_path_heuristic,10,10,2,12,12,0,1.0,0.0,0.0,lc_nx_heuristic_graph_0045,3.1852283477783203,38.30516815185547,1630.864501953125,34.504695892333984,50,41,12,12.0,12
46,0,nx_max_length_path_heuristic,10,10,2,12,12,1,0.0,1.0,0.0,lc_nx_heuristic_graph_0046,3.4081592559814453,39.420570373535156,1562.0667724609375,19.43178367614746,50,46,12,12.0,12
47,0,nx_max_length_path_heuristic,10,10,2,12,12,2,0.0,0.0,1.0,lc_nx_heuristic_graph_0047,1.8579916954040527,31.609437942504883,1090.5987548828125,23.88358497619629,50,44,12,12.0,12
48,0,nx_max_length_path_heuristic,10,10,2,12,12,0,1.0,0.0,0.0,lc_nx_heuristic_graph_0048,3.1560897827148438,25.88842010498047,972.1863403320312,33.618675231933594,50,41,12,12.0,12
49,0,nx_max_length_path_heuristic,10,10,2,12,12,1,0.0,1.0,0.0,lc_nx_heuristic_graph_0049,3.3061327934265137,39.22658920288086,1256.1702880859375,29.62428855895996,50,43,12,12.0,12
50,0,nx_max_length_path_heuristic,10,10,2,12,12,2,0.0,0.0,1.0,lc_nx_heuristic_graph_0050,1.8280551433563232,28.223430633544922,971.1825561523438,26.353952407836914,50,44,12,12.0,12
51,0,nx_max_length_path_heuristic,10,10,2,12,12,0,1.0,0.0,0.0,lc_nx_heuristic_graph_0051,2.0706348419189453,26.451051712036133,936.5713500976562,15.795267105102539,50,46,12,12.0,12
52,0,nx_max_length_path_heuristic,10,10,2,12,12,1,0.0,1.0,0.0,lc_nx_heuristic_graph_0052,2.252312183380127,37.62169647216797,1065.8297119140625,4.41931676864624,50,49,12,12.0,12
53,0,nx_max_length_path_heuristic,10,10,2,12,12,2,0.0,0.0,1.0,lc_nx_heuristic_graph_0053,2.6419517993927,35.74929428100586,1269.005126953125,40.0107307434082,50,39,12,12.0,12
54,0,nx_max_length_path_heuristic,10,10,2,12,12,0,1.0,0.0,0.0,lc_nx_heuristic_graph_0054,2.1853373050689697,46.026405334472656,1293.3321533203125,20.147354125976562,50,45,12,12.0,12
55,0,nx_max_length_path_heuristic,10,10,2,12,12,1,0.0,1.0,0.0,lc_nx_heuristic_graph_0055,4.110310077667236,22.754587173461914,817.7496948242188,33.63496017456055,50,41,12,12.0,12
56,0,nx_max_length_path_heuristic,10,10,2,12,12,2,0.0,0.0,1.0,lc_nx_heuristic_graph_0056,1.1034445762634277,34.39457321166992,1158.69580078125,10.045564651489258,50,48,12,12.0,12
57,0,nx_max_length_path_heuristic,10,10,2,12,12,0,1.0,0.0,0.0,lc_nx_heuristic_graph_0057,2.183094024658203,37.75649642944336,1199.5650634765625,18.572294235229492,50,45,12,12.0,12
58,0,nx_max_length_path_heuristic,10,10,2,12,12,1,0.0,1.0,0.0,lc_nx_heuristic_graph_0058,2.8264827728271484,33.080997467041016,1068.952880859375,18.879568099975586,50,47,12,12.0,12
59,0,nx_max_length_path_heuristic,10,10,2,12,12,2,0.0,0.0,1.0,lc_nx_heuristic_graph_0059,1.2431550025939941,38.32329559326172,942.0341796875,12.328036308288574,50,47,12,12.0,12
60,0,nx_max_length_path_heuristic,10,10,2,12,12,0,1.0,0.0,0.0,lc_nx_heuristic_graph_0060,3.923978805541992,35.74971389770508,1108.566650390625,45.86592483520508,50,37,12,12.0,12
61,0,nx_max_length_path_heuristic,10,10,2,12,12,1,0.0,1.0,0.0,lc_nx_heuristic_graph_0061,4.634500503540039,33.25827407836914,1187.1463623046875,56.845821380615234,50,33,12,12.0,12
62,0,nx_max_length_path_heuristic,10,10,2,12,12,2,0.0,0.0,1.0,lc_nx_heuristic_graph_0062,2.950716733932495,25.06338119506836,1107.3372802734375,45.29695510864258,50,37,12,12.0,12
63,0,nx_max_length_path_heuristic,10,10,2,12,12,0,1.0,0.0,0.0,lc_nx_heuristic_graph_0063,2.67166805267334,34.294349670410156,1212.377685546875,27.32766342163086,50,43,12,12.0,12
64,0,nx_max_length_path_heuristic,10,10,2,12,12,1,0.0,1.0,0.0,lc_nx_heuristic_graph_0064,2.6875462532043457,21.343013763427734,659.0149536132812,12.27835464477539,50,47,12,12.0,12
65,0,nx_max_length_path_heuristic,10,10,2,12,12,2,0.0,0.0,1.0,lc_nx_heuristic_graph_0065,1.66963791847229,37.03657913208008,1456.0020751953125,20.318599700927734,50,45,12,12.0,12
66,0,nx_max_length_path_heuristic,10,10,2,12,12,0,1.0,0.0,0.0,lc_nx_heuristic_graph_0066,3.6180179119110107,33.19086456298828,1161.596923828125,40.81998825073242,50,39,12,12.0,12
67,0,nx_max_length_path_heuristic,10,10,2,12,12,1,0.0,1.0,0.0,lc_nx_heuristic_graph_0067,3.9272165298461914,32.980201721191406,1431.4503173828125,27.785602569580078,50,43,12,12.0,12
68,0,nx_max_length_path_heuristic,10,10,2,12,12,2,0.0,0.0,1.0,lc_nx_heuristic_graph_0068,1.89152991771698,30.857980728149414,1071.225341796875,25.988250732421875,50,44,12,12.0,12
69,0,nx_max_length_path_heuristic,10,10,2,12,12,0,1.0,0.0,0.0,lc_nx_heuristic_graph_0069,2.4320435523986816,32.79038619995117,1129.206298828125,19.377328872680664,50,45,12,12.0,12
70,0,nx_max_length_path_heuristic,10,10,2,12,12,1,0.0,1.0,0.0,lc_nx_heuristic_graph_0070,3.630310535430908,27.171525955200195,1087.4361572265625,18.78350067138672,50,46,12,12.0,12
71,0,nx_max_length_path_heuristic,10,10,2,12,12,2,0.0,0.0,1.0,lc_nx_heuristic_graph_0071,2.797132968902588,30.6588134765625,1166.9366455078125,42.728336334228516,50,38,12,12.0,12
72,0,nx_max_length_path_heuristic,10,10,2,12,12,0,1.0,0.0,0.0,lc_nx_heuristic_graph_0072,2.080751419067383,22.902957916259766,807.951416015625,18.889991760253906,50,46,12,12.0,12
73,0,nx_max_length_path_heuristic,10,10,2,12,12,1,0.0,1.0,0.0,lc_nx_heuristic_graph_0073,2.833157539367676,40.27711868286133,1150.9022216796875,18.631723403930664,50,45,12,12.0,12
74,0,nx_max_length_path_heuristic,10,10,2,12,12,2,0.0,0.0,1.0,lc_nx_heuristic_graph_0074,2.3255038261413574,31.98324203491211,1514.7056884765625,35.79739761352539,50,41,12,12.0,12
75,0,nx_max_length_path_heuristic,10,10,2,12,12,0,1.0,0.0,0.0,lc_nx_heuristic_graph_0075,2.802044153213501,27.795146942138672,839.6259765625,30.761035919189453,50,43,12,12.0,12
76,0,nx_max_length_path_heuristic,10,10,2,12,12,1,0.0,1.0,0.0,lc_nx_heuristic_graph_0076,4.031811237335205,37.41648483276367,1405.3216552734375,32.21665954589844,50,43,12,12.0,12
77,0,nx_max_length_path_heuristic,10,10,2,12,12,2,0.0,0.0,1.0,lc_nx_heuristic_graph_0077,1.8651313781738281,34.03601837158203,1356.4854736328125,28.11903953552246,50,44,12,12.0,12
78,0,nx_max_length_path_heuristic,10,10,2,12,12,0,1.0,0.0,0.0,lc_nx_heuristic_graph_0078,1.3227298259735107,23.62842559814453,835.4810180664062,6.010650634765625,50,49,12,12.0,12
79,0,nx_max_length_path_heuristic,10,10,2,12,12,1,0.0,1.0,0.0,lc_nx_heuristic_graph_0079,2.5014078617095947,40.5966796875,1235.89404296875,12.489509582519531,50,48,12,12.0,12
80,0,nx_max_length_path_heuristic,10,10,2,12,12,2,0.0,0.0,1.0,lc_nx_heuristic_graph_0080,1.8024499416351318,40.49459457397461,1180.4661865234375,23.17335319519043,50,44,12,12.0,12
81,0,nx_max_length_path_heuristic,10,10,2,12,12,0,1.0,0.0,0.0,lc_nx_heuristic_graph_0081,2.917612075805664,38.69098663330078,1236.846435546875,29.276653289794922,50,42,12,12.0,12
82,0,nx_max_length_path_heuristic,10,10,2,12,12,1,0.0,1.0,0.0,lc_nx_heuristic_graph_0082,4.095067977905273,30.940908432006836,1109.0316162109375,32.77614212036133,50,41,12,12.0,12
83,0,nx_max_length_path_heuristic,10,10,2,12,12,2,0.0,0.0,1.0,lc_nx_heuristic_graph_0083,1.6839336156845093,26.736825942993164,939.963623046875,19.730497360229492,50,45,12,12.0,12
84,0,nx_max_length_path_heuristic,10,10,2,12,12,0,1.0,0.0,0.0,lc_nx_heuristic_graph_0084,2.8785207271575928,32.034828186035156,1531.6258544921875,29.376178741455078,50,42,12,12.0,12
85,0,nx_max_length_path_heuristic,10,10,2,12,12,1,0.0,1.0,0.0,lc_nx_heuristic_graph_0085,3.5420923233032227,31.14055824279785,1195.588134765625,19.51070213317871,50,46,12,12.0,12
86,0,nx_max_length_path_heuristic,10,10,2,12,12,2,0.0,0.0,1.0,lc_nx_heuristic_graph_0086,1.653087854385376,36.121829986572266,1188.767578125,20.451929092407227,50,45,12,12.0,12
87,0,nx_max_length_path_heuristic,10,10,2,12,12,0,1.0,0.0,0.0,lc_nx_heuristic_graph_0087,1.9776382446289062,36.73563003540039,1138.3770751953125,15.485072135925293,50,46,12,12.0,12
88,0,nx_max_length_path_heuristic,10,10,2,12,12,1,0.0,1.0,0.0,lc_nx_heuristic_graph_0088,3.3036842346191406,30.0599422454834,1076.2716064453125,19.63668441772461,50,45,12,12.0,12
89,0,nx_max_length_path_heuristic,10,10,2,12,12,2,0.0,0.0,1.0,lc_nx_heuristic_graph_0089,1.4650580883026123,34.69081115722656,1011.7025146484375,17.901369094848633,50,46,12,12.0,12
90,0,nx_max_length_path_heuristic,10,10,2,12,12,0,1.0,0.0,0.0,lc_nx_heuristic_graph_0090,2.9482274055480957,36.95269775390625,1058.529296875,29.585472106933594,50,42,12,12.0,12
91,0,nx_max_length_path_heuristic,10,10,2,12,12,1,0.0,1.0,0.0,lc_nx_heuristic_graph_0091,3.0769217014312744,29.942508697509766,1114.7559814453125,15.937132835388184,50,46,12,12.0,12
92,0,nx_max_length_path_heuristic,10,10,2,12,12,2,0.0,0.0,1.0,lc_nx_heuristic_graph_0092,1.702125906944275,25.754131317138672,834.3740234375,21.16021728515625,50,45,12,12.0,12
93,0,nx_max_length_path_heuristic,10,10,2,12,12,0,1.0,0.0,0.0,lc_nx_heuristic_graph_0093,2.7935116291046143,25.56416893005371,827.4668579101562,27.517074584960938,50,43,12,12.0,12
94,0,nx_max_length_path_heuristic,10,10,2,12,12,1,0.0,1.0,0.0,lc_nx_heuristic_graph_0094,3.1747403144836426,40.799339294433594,1249.011962890625,30.49127197265625,50,42,12,12.0,12
95,0,nx_max_length_path_heuristic,10,10,2,12,12,2,0.0,0.0,1.0,lc_nx_heuristic_graph_0095,1.8855323791503906,35.35320281982422,1345.548583984375,27.162158966064453,50,44,12,12.0,12
96,0,nx_max_length_path_heuristic,10,10,2,12,12,0,1.0,0.0,0.0,lc_nx_heuristic_graph_0096,2.0322678089141846,35.05662155151367,1380.9478759765625,16.17828941345215,50,46,12,12.0,12
97,0,nx_max_length_path_heuristic,10,10,2,12,12,1,0.0,1.0,0.0,lc_nx_heuristic_graph_0097,3.0145316123962402,36.25861358642578,1138.750732421875,22.978282928466797,50,44,12,12.0,12
98,0,nx_max_length_path_heuristic,10,10,2,12,12,2,0.0,0.0,1.0,lc_nx_heuristic_graph_0098,1.2829458713531494,30.501325607299805,1102.8468017578125,16.343441009521484,50,47,12,12.0,12
99,0,nx_max_length_path_heuristic,10,10,2,12,12,0,1.0,0.0,0.0,lc_nx_heuristic_graph_0099,1.6133575439453125,36.65876388549805,1149.2745361328125,10.87753677368164,50,48,12,12.0,12
100,0,nx_max_length_path_heuristic,10,10,2,12,12,1,0.0,1.0,0.0,lc_nx_heuristic_graph_0100,3.7287230491638184,29.10982894897461,1171.90771484375,16.414196014404297,50,46,12,12.0,12
101,0,nx_max_length_path_heuristic,10,10,2,12,12,2,0.0,0.0,1.0,lc_nx_heuristic_graph_0101,2.312973976135254,41.01689910888672,1193.4742431640625,33.54795455932617,50,41,12,12.0,12
102,0,nx_max_length_path_heuristic,10,10,2,12,12,0,1.0,0.0,0.0,lc_nx_heuristic_graph_0102,2.6411476135253906,39.15448760986328,1171.4671630859375,26.8306884765625,50,43,12,12.0,12
103,0,nx_max_length_path_heuristic,10,10,2,12,12,1,0.0,1.0,0.0,lc_nx_heuristic_graph_0103,3.1495676040649414,25.046186447143555,761.5541381835938,15.164714813232422,50,47,12,12.0,12
104,0,nx_max_length_path_heuristic,10,10,2,12,12,2,0.0,0.0,1.0,lc_nx_heuristic_graph_0104,1.3001742362976074,34.75736999511719,1407.09619140625,19.06226921081543,50,47,12,12.0,12
105,0,nx_max_length_path_heuristic,10,10,2,12,12,0,1.0,0.0,0.0,lc_nx_heuristic_graph_0105,2.015700578689575,38.03648376464844,1177.2127685546875,17.47272491455078,50,46,12,12.0,12
106,0,nx_max_length_path_heuristic,10,10,2,12,12,1,0.0,1.0,0.0,lc_nx_heuristic_graph_0106,4.098609447479248,36.853580474853516,1599.2469482421875,29.658512115478516,50,44,12,12.0,12
107,0,nx_max_length_path_heuristic,10,10,2,12,12,2,0.0,0.0,1.0,lc_nx_heuristic_graph_0107,1.9728091955184937,34.307960510253906,1015.3831176757812,28.365447998046875,50,43,12,12.0,12
108,0,nx_max_length_path_heuristic,10,10,2,12,12,0,1.0,0.0,0.0,lc_nx_heuristic_graph_0108,1.4542464017868042,28.020097732543945,808.7532348632812,12.74754524230957,50,49,12,12.0,12
109,0,nx_max_length_path_heuristic,10,10,2,12,12,1,0.0,1.0,0.0,lc_nx_heuristic_graph_0109,3.846285343170166,42.612754821777344,1285.76904296875,42.807640075683594,50,38,12,12.0,12
110,0,nx_max_length_path_heuristic,10,10,2,12,12,2,0.0,0.0,1.0,lc_nx_heuristic_graph_0110,1.8345742225646973,33.610225677490234,1151.6785888671875,22.90816879272461,50,44,12,12.0,12
111,0,nx_max_length_path_heuristic,10,10,2,12,12,0,1.0,0.0,0.0,lc_nx_heuristic_graph_0111,2.860994338989258,38.10066223144531,1206.78564453125,30.435810089111328,50,42,12,12.0,12
112,0,nx_max_length_path_heuristic,10,10,2,12,12,1,0.0,1.0,0.0,lc_nx_heuristic_graph_0112,3.3927364349365234,26.8055362701416,1079.4669189453125,12.492536544799805,50,47,12,12.0,12
113,0,nx_max_length_path_heuristic,10,10,2,12,12,2,0.0,0.0,1.0,lc_nx_heuristic_graph_0113,0.21715444326400757,29.43255615234375,1129.6910400390625,1.712740182876587,50,50,12,12.0,12
114,0,nx_max_length_path_heuristic,10,10,2,12,12,0,1.0,0.0,0.0,lc_nx_heuristic_graph_0114,2.2686541080474854,35.65049362182617,1413.0528564453125,21.466142654418945,50,45,12,12.0,12
115,0,nx_max_length_path_heuristic,10,10,2,12,12,1,0.0,1.0,0.0,lc_nx_heuristic_graph_0115,2.592470169067383,41.58477020263672,1278.589111328125,16.41112518310547,50,46,12,12.0,12
116,0,nx_max_length_path_heuristic,10,10,2,12,12,2,0.0,0.0,1.0,lc_nx_heuristic_graph_0116,1.6836217641830444,32.43426513671875,1110.470458984375,22.928194046020508,50,45,12,12.0,12
117,0,nx_max_length_path_heuristic,10,10,2,12,12,0,1.0,0.0,0.0,lc_nx_heuristic_graph_0117,2.4150643348693848,35.57216262817383,1250.379150390625,27.8787784576416,50,44,12,12.0,12
118,0,nx_max_length_path_heuristic,10,10,2,12,12,1,0.0,1.0,0.0,lc_nx_heuristic_graph_0118,2.3855409622192383,39.86249542236328,1207.201416015625,12.988349914550781,50,47,12,12.0,12
119,0,nx_max_length_path_heuristic,10,10,2,12,12,2,0.0,0.0,1.0,lc_nx_heuristic_graph_0119,1.6847996711730957,40.07137680053711,1421.508056640625,20.160093307495117,50,45,12,12.0,12
120,0,nx_max_length_path_heuristic,10,10,2,12,12,0,1.0,0.0,0.0,lc_nx_heuristic_graph_0120,2.4506332874298096,47.184837341308594,1299.859619140625,23.219091415405273,50,44,12,12.0,12
121,0,nx_max_length_path_heuristic,10,10,2,12,12,1,0.0,1.0,0.0,lc_nx_heuristic_graph_0121,2.912919044494629,30.26129150390625,1095.0377197265625,12.7813081741333,50,47,12,12.0,12
122,0,nx_max_length_path_heuristic,10,10,2,12,12,2,0.0,0.0,1.0,lc_nx_heuristic_graph_0122,3.510699510574341,36.664546966552734,1042.044921875,55.765647888183594,50,33,12,12.0,12
123,0,nx_max_length_path_heuristic,10,10,2,12,12,0,1.0,0.0,0.0,lc_nx_heuristic_graph_0123,1.880826711654663,37.92458724975586,1513.4818115234375,22.20690155029297,50,47,12,12.0,12
124,0,nx_max_length_path_heuristic,10,10,2,12,12,1,0.0,1.0,0.0,lc_nx_heuristic_graph_0124,4.197784900665283,33.32645797729492,1379.864990234375,35.591026306152344,50,42,12,12.0,12
125,0,nx_max_length_path_heuristic,10,10,2,12,12,2,0.0,0.0,1.0,lc_nx_heuristic_graph_0125,2.1789205074310303,33.076297760009766,1232.957275390625,31.231874465942383,50,42,12,12.0,12
126,0,nx_max_length_path_heuristic,10,10,2,12,12,0,1.0,0.0,0.0,lc_nx_heuristic_graph_0126,1.943333625793457,40.66172790527344,1191.022216796875,16.044309616088867,50,46,12,12.0,12
127,0,nx_max_length_path_heuristic,10,10,2,12,12,1,0.0,1.0,0.0,lc_nx_heuristic_graph_0127,4.345396995544434,23.174551010131836,898.8456420898438,33.674137115478516,50,41,12,12.0,12
128,0,nx_max_length_path_heuristic,10,10,2,12,12,2,0.0,0.0,1.0,lc_nx_heuristic_graph_0128,1.8614487648010254,27.611980438232422,1024.842529296875,23.861719131469727,50,44,12,12.0,12
129,0,nx_max_length_path_heuristic,10,10,2,12,12,0,1.0,0.0,0.0,lc_nx_heuristic_graph_0129,2.52036190032959,21.876506805419922,810.3192138671875,23.09854507446289,50,44,12,12.0,12
130,0,nx_max_length_path_heuristic,10,10,2,12,12,1,0.0,1.0,0.0,lc_nx_heuristic_graph_0130,3.452381134033203,36.823612213134766,1251.963623046875,31.347900390625,50,42,12,12.0,12
131,0,nx_max_length_path_heuristic,10,10,2,12,12,2,0.0,0.0,1.0,lc_nx_heuristic_graph_0131,1.296987533569336,34.849815368652344,1139.909423828125,14.889222145080566,50,47,12,12.0,12
132,0,nx_max_length_path_heuristic,10,10,2,12,12,0,1.0,0.0,0.0,lc_nx_heuristic_graph_0132,2.2277441024780273,35.058738708496094,1017.0886840820312,20.95429801940918,50,45,12,12.0,12
133,0,nx_max_length_path_heuristic,10,10,2,12,12,1,0.0,1.0,0.0,lc_nx_heuristic_graph_0133,3.2331948280334473,26.214258193969727,842.259521484375,15.437979698181152,50,46,12,12.0,12
134,0,nx_max_length_path_heuristic,10,10,2,12,12,2,0.0,0.0,1.0,lc_nx_heuristic_graph_0134,1.5489757061004639,39.139949798583984,1196.490966796875,15.81875991821289,50,46,12,12.0,12
135,0,nx_max_length_path_heuristic,10,10,2,12,12,0,1.0,0.0,0.0,lc_nx_heuristic_graph_0135,3.5212936401367188,33.78316879272461,1067.899169921875,40.41460037231445,50,39,12,12.0,12
136,0,nx_max_length_path_heuristic,10,10,2,12,12,1,0.0,1.0,0.0,lc_nx_heuristic_graph_0136,3.551273822784424,25.273283004760742,756.9169921875,28.620899200439453,50,43,12,12.0,12
137,0,nx_max_length_path_heuristic,10,10,2,12,12,2,0.0,0.0,1.0,lc_nx_heuristic_graph_0137,2.2049758434295654,23.739412307739258,871.9601440429688,33.915035247802734,50,42,12,12.0,12
138,0,nx_max_length_path_heuristic,10,10,2,12,12,0,1.0,0.0,0.0,lc_nx_heuristic_graph_0138,3.3752708435058594,32.47308349609375,1448.95263671875,36.247379302978516,50,40,12,12.0,12
139,0,nx_max_length_path_heuristic,10,10,2,12,12,1,0.0,1.0,0.0,lc_nx_heuristic_graph_0139,2.6521143913269043,54.254638671875,1196.0418701171875,16.971635818481445,50,46,12,12.0,12
140,0,nx_max_length_path_heuristic,10,10,2,12,12,2,0.0,0.0,1.0,lc_nx_heuristic_graph_0140,1.1201547384262085,22.16963768005371,782.683837890625,8.724203109741211,50,48,12,12.0,12
141,0,nx_max_length_path_heuristic,10,10,2,12,12,0,1.0,0.0,0.0,lc_nx_heuristic_graph_0141,2.5070440769195557,24.552684783935547,1122.2506103515625,23.93893051147461,50,44,12,12.0,12
142,0,nx_max_length_path_heuristic,10,10,2,12,12,1,0.0,1.0,0.0,lc_nx_heuristic_graph_0142,3.7596535682678223,40.96254348754883,1256.4134521484375,38.844444274902344,50,39,12,12.0,12
143,0,nx_max_length_path_heuristic,10,10,2,12,12,2,0.0,0.0,1.0,lc_nx_heuristic_graph_0143,1.6636663675308228,26.964832305908203,1029.87255859375,19.75657081604004,50,45,12,12.0,12
144,0,nx_max_length_path_heuristic,10,10,2,12,12,0,1.0,0.0,0.0,lc_nx_heuristic_graph_0144,1.3746492862701416,29.262880325317383,876.9977416992188,9.106932640075684,50,49,12,12.0,12
145,0,nx_max_length_path_heuristic,10,10,2,12,12,1,0.0,1.0,0.0,lc_nx_heuristic_graph_0145,2.657032012939453,38.95872116088867,1017.6163940429688,23.233978271484375,50,44,12,12.0,12
146,0,nx_max_length_path_heuristic,10,10,2,12,12,2,0.0,0.0,1.0,lc_nx_heuristic_graph_0146,2.782068967819214,31.285558700561523,1185.077880859375,43.78546905517578,50,38,12,12.0,12
147,0,nx_max_length_path_heuristic,10,10,2,12,12,0,1.0,0.0,0.0,lc_nx_heuristic_graph_0147,1.5717438459396362,37.189064025878906,1460.195068359375,14.279336929321289,50,48,12,12.0,12
148,0,nx_max_length_path_heuristic,10,10,2,12,12,1,0.0,1.0,0.0,lc_nx_heuristic_graph_0148,2.648291826248169,39.103816986083984,1038.6925048828125,21.87543296813965,50,45,12,12.0,12
149,0,nx_max_length_path_heuristic,10,10,2,12,12,2,0.0,0.0,1.0,lc_nx_heuristic_graph_0149,2.5049612522125244,34.83869552612305,1183.1243896484375,37.86533737182617,50,40,12,12.0,12
150,0,nx_max_length_path_heuristic,10,10,2,12,12,0,1.0,0.0,0.0,lc_nx_heuristic_graph_0150,2.1685662269592285,39.26133728027344,1257.6729736328125,19.28273582458496,50,45,12,12.0,12
151,0,nx_max_length_path_heuristic,10,10,2,12,12,1,0.0,1.0,0.0,lc_nx_heuristic_graph_0151,3.452380895614624,37.307838439941406,1217.239013671875,30.968868255615234,50,42,12,12.0,12
152,0,nx_max_length_path_heuristic,10,10,2,12,12,2,0.0,0.0,1.0,lc_nx_heuristic_graph_0152,1.3291329145431519,33.38724136352539,1111.14697265625,18.30814552307129,50,47,12,12.0,12
153,0,nx_max_length_path_heuristic,10,10,2,12,12,0,1.0,0.0,0.0,lc_nx_heuristic_graph_0153,3.1188998222351074,31.43979835510254,895.7398071289062,34.37687683105469,50,41,12,12.0,12
154,0,nx_max_length_path_heuristic,10,10,2,12,12,1,0.0,1.0,0.0,lc_nx_heuristic_graph_0154,3.8889613151550293,30.84601402282715,1145.8192138671875,37.07063293457031,50,40,12,12.0,12
155,0,nx_max_length_path_heuristic,10,10,2,12,12,2,0.0,0.0,1.0,lc_nx_heuristic_graph_0155,1.2854944467544556,41.5040283203125,1153.1072998046875,15.471940994262695,50,47,12,12.0,12
156,0,nx_max_length_path_heuristic,10,10,2,12,12,0,1.0,0.0,0.0,lc_nx_heuristic_graph_0156,1.7161891460418701,38.34667205810547,1175.4373779296875,13.512470245361328,50,47,12,12.0,12
157,0,nx_max_length_path_heuristic,10,10,2,12,12,1,0.0,1.0,0.0,lc_nx_heuristic_graph_0157,3.2939887046813965,36.20735549926758,1256.9576416015625,29.598007202148438,50,43,12,12.0,12
158,0,nx_max_length_path_heuristic,10,10,2,12,12,2,0.0,0.0,1.0,lc_nx_heuristic_graph_0158,2.34576678276062,33.08027267456055,1110.119873046875,33.97161865234375,50,41,12,12.0,12
159,0,nx_max_length_path_heuristic,10,10,2,12,12,0,1.0,0.0,0.0,lc_nx_heuristic_graph_0159,1.1516344547271729,46.60083770751953,1246.824951171875,10.863052368164062,50,49,12,12.0,12
160,0,nx_max_length_path_heuristic,10,10,2,12,12,1,0.0,1.0,0.0,lc_nx_heuristic_graph_0160,3.131723165512085,28.849454879760742,810.9755859375,15.799840927124023,50,46,12,12.0,12
161,0,nx_max_length_path_heuristic,10,10,2,12,12,2,0.0,0.0,1.0,lc_nx_heuristic_graph_0161,1.6528406143188477,33.10448455810547,1166.7952880859375,20.12412452697754,50,45,12,12.0,12
162,0,nx_max_length_path_heuristic,10,10,2,12,12,0,1.0,0.0,0.0,lc_nx_heuristic_graph_0162,1.8303368091583252,23.48465347290039,784.6791381835938,12.475600242614746,50,47,12,12.0,12
163,0,nx_max_length_path_heuristic,10,10,2,12,12,1,0.0,1.0,0.0,lc_nx_heuristic_graph_0163,2.800034523010254,40.0703239440918,1022.4149780273438,26.524505615234375,50,45,12,12.0,12
164,0,nx_max_length_path_heuristic,10,10,2,12,12,2,0.0,0.0,1.0,lc_nx_heuristic_graph_0164,0.9014647603034973,25.523998260498047,892.314208984375,11.021769523620605,50,49,12,12.0,12
165,0,nx_max_length_path_heuristic,10,10,2,12,12,0,1.0,0.0,0.0,lc_nx_heuristic_graph_0165,3.612119674682617,29.005939483642578,1048.8687744140625,43.5714111328125,50,39,12,12.0,12
166,0,nx_max_length_path_heuristic,10,10,2,12,12,1,0.0,1.0,0.0,lc_nx_heuristic_graph_0166,3.7088444232940674,28.931509017944336,1123.9385986328125,21.019216537475586,50,45,12,12.0,12
167,0,nx_max_length_path_heuristic,10,10,2,12,12,2,0.0,0.0,1.0,lc_nx_heuristic_graph_0167,1.6433123350143433,42.50600814819336,1276.1639404296875,20.796571731567383,50,45,12,12.0,12
168,0,nx_max_length_path_heuristic,10,10,2,12,12,0,1.0,0.0,0.0,lc_nx_heuristic_graph_0168,1.8586403131484985,39.3264274597168,1621.1431884765625,14.588482856750488,50,47,12,12.0,12
169,0,nx_max_length_path_heuristic,10,10,2,12,12,1,0.0,1.0,0.0,lc_nx_heuristic_graph_0169,3.459163188934326,26.903921127319336,1019.621337890625,29.991350173950195,50,42,12,12.0,12
170,0,nx_max_length_path_heuristic,10,10,2,12,12,2,0.0,0.0,1.0,lc_nx_heuristic_graph_0170,1.286262035369873,35.86434555053711,1411.877197265625,18.6951904296875,50,47,12,12.0,12
171,0,nx_max_length_path_heuristic,10,10,2,12,12,0,1.0,0.0,0.0,lc_nx_heuristic_graph_0171,3.254669427871704,32.67137145996094,1275.7010498046875,36.05467224121094,50,40,12,12.0,12
172,0,nx_max_length_path_heuristic,10,10,2,12,12,1,0.0,1.0,0.0,lc_nx_heuristic_graph_0172,3.401563882827759,25.353029251098633,869.9057006835938,20.868650436401367,50,45,12,12.0,12
173,0,nx_max_length_path_heuristic,10,10,2,12,12,2,0.0,0.0,1.0,lc_nx_heuristic_graph_0173,1.6378074884414673,41.23100280761719,1233.5797119140625,20.934202194213867,50,45,12,12.0,12
174,0,nx_max_length_path_heuristic,10,10,2,12,12,0,1.0,0.0,0.0,lc_nx_heuristic_graph_0174,2.972273349761963,43.10981369018555,1158.0511474609375,37.62779235839844,50,42,12,12.0,12
175,0,nx_max_length_path_heuristic,10,10,2,12,12,1,0.0,1.0,0.0,lc_nx_heuristic_graph_0175,2.4342474937438965,33.50206756591797,1081.022216796875,12.448495864868164,50,47,12,12.0,12
176,0,nx_max_length_path_heuristic,10,10,2,12,12,2,0.0,0.0,1.0,lc_nx_heuristic_graph_0176,1.3052480220794678,35.169883728027344,1404.319091796875,15.881376266479492,50,47,12,12.0,12
177,0,nx_max_length_path_heuristic,10,10,2,12,12,0,1.0,0.0,0.0,lc_nx_heuristic_graph_0177,2.19576358795166,37.09858322143555,1224.8856201171875,19.75530433654785,50,45,12,12.0,12
178,0,nx_max_length_path_heuristic,10,10,2,12,12,1,0.0,1.0,0.0,lc_nx_heuristic_graph_0178,3.1538660526275635,25.920719146728516,869.9112548828125,11.437466621398926,50,48,12,12.0,12
179,0,nx_max_length_path_heuristic,10,10,2,12,12,2,0.0,0.0,1.0,lc_nx_heuristic_graph_0179,1.8374994993209839,27.532115936279297,1058.974365234375,23.057586669921875,50,44,12,12.0,12
180,0,nx_max_length_path_heuristic,10,10,2,12,12,0,1.0,0.0,0.0,lc_nx_heuristic_graph_0180,1.3932863473892212,34.32828903198242,1019.3580932617188,7.733497619628906,50,49,12,12.0,12
181,0,nx_max_length_path_heuristic,10,10,2,12,12,1,0.0,1.0,0.0,lc_nx_heuristic_graph_0181,4.232433319091797,33.54469299316406,1325.8677978515625,42.59288787841797,50,38,12,12.0,12
182,0,nx_max_length_path_heuristic,10,10,2,12,12,2,0.0,0.0,1.0,lc_nx_heuristic_graph_0182,0.8856011629104614,49.71951675415039,1198.072998046875,7.372613430023193,50,49,12,12.0,12
183,0,nx_max_length_path_heuristic,10,10,2,12,12,0,1.0,0.0,0.0,lc_nx_heuristic_graph_0183,1.5733704566955566,30.229339599609375,1143.43359375,10.977107048034668,50,48,12,12.0,12
184,0,nx_max_length_path_heuristic,10,10,2,12,12,1,0.0,1.0,0.0,lc_nx_heuristic_graph_0184,2.7994699478149414,34.4071044921875,1110.453857421875,13.956793785095215,50,47,12,12.0,12
185,0,nx_max_length_path_heuristic,10,10,2,12,12,2,0.0,0.0,1.0,lc_nx_heuristic_graph_0185,0.8751894235610962,38.76369094848633,1217.2283935546875,11.08217716217041,50,49,12,12.0,12
186,0,nx_max_length_path_heuristic,10,10,2,12,12,0,1.0,0.0,0.0,lc_nx_heuristic_graph_0186,1.3528766632080078,29.66903305053711,1044.35009765625,7.558309078216553,50,49,12,12.0,12
187,0,nx_max_length_path_heuristic,10,10,2,12,12,1,0.0,1.0,0.0,lc_nx_heuristic_graph_0187,3.0227718353271484,37.87958908081055,1020.410400390625,26.483558654785156,50,43,12,12.0,12
188,0,nx_max_length_path_heuristic,10,10,2,12,12,2,0.0,0.0,1.0,lc_nx_heuristic_graph_0188,1.4863052368164062,46.36714172363281,1207.4556884765625,15.829885482788086,50,46,12,12.0,12
189,0,nx_max_length_path_heuristic,10,10,2,12,12,0,1.0,0.0,0.0,lc_nx_heuristic_graph_0189,3.091520309448242,39.49826431274414,1235.8067626953125,30.578304290771484,50,42,12,12.0,12
190,0,nx_max_length_path_heuristic,10,10,2,12,12,1,0.0,1.0,0.0,lc_nx_heuristic_graph_0190,3.6746487617492676,38.50754928588867,1517.29833984375,17.1699275970459,50,47,12,12.0,12
191,0,nx_max_length_path_heuristic,10,10,2,12,12,2,0.0,0.0,1.0,lc_nx_heuristic_graph_0191,1.6740522384643555,30.506649017333984,1069.190673828125,19.389108657836914,50,45,12,12.0,12
192,0,nx_max_length_path_heuristic,10,10,2,12,12,0,1.0,0.0,0.0,lc_nx_heuristic_graph_0192,2.6171436309814453,41.30618667602539,1125.6129150390625,24.54750633239746,50,44,12,12.0,12
193,0,nx_max_length_path_heuristic,10,10,2,12,12,1,0.0,1.0,0.0,lc_nx_heuristic_graph_0193,2.925863742828369,23.584280014038086,767.520263671875,18.36674690246582,50,46,12,12.0,12
194,0,nx_max_length_path_heuristic,10,10,2,12,12,2,0.0,0.0,1.0,lc_nx_heuristic_graph_0194,1.2418646812438965,39.75751495361328,1046.006591796875,17.197574615478516,50,47,12,12.0,12
195,0,nx_max_length_path_heuristic,10,10,2,12,12,0,1.0,0.0,0.0,lc_nx_heuristic_graph_0195,1.7854371070861816,30.35711669921875,1100.001708984375,15.264140129089355,50,47,12,12.0,12
196,0,nx_max_length_path_heuristic,10,10,2,12,12,1,0.0,1.0,0.0,lc_nx_heuristic_graph_0196,3.402801036834717,37.80809783935547,1550.7579345703125,18.11468505859375,50,47,12,12.0,12
197,0,nx_max_length_path_heuristic,10,10,2,12,12,2,0.0,0.0,1.0,lc_nx_heuristic_graph_0197,1.6768708229064941,22.795551300048828,774.2764282226562,20.530397415161133,50,45,12,12.0,12
198,0,nx_max_length_path_heuristic,10,10,2,12,12,0,1.0,0.0,0.0,lc_nx_heuristic_graph_0198,2.1473968029022217,29.429759979248047,1058.1080322265625,17.65277671813965,50,46,12,12.0,12
199,0,nx_max_length_path_heuristic,10,10,2,12,12,1,0.0,1.0,0.0,lc_nx_heuristic_graph_0199,2.6906697750091553,41.929725646972656,1144.01513671875,26.143482208251953,50,45,12,12.0,12
200,0,nx_max_length_path_heuristic,10,10,2,12,12,2,0.0,0.0,1.0,lc_nx_heuristic_graph_0200,2.0772035121917725,30.421987533569336,915.4677124023438,35.27447509765625,50,43,12,12.0,12
201,0,nx_max_length_path_heuristic,10,10,2,12,12,0,1.0,0.0,0.0,lc_nx_heuristic_graph_0201,1.826758623123169,39.7216911315918,1619.9068603515625,19.824426651000977,50,47,12,12.0,12
202,0,nx_max_length_path_heuristic,10,10,2,12,12,1,0.0,1.0,0.0,lc_nx_heuristic_graph_0202,3.5859599113464355,29.32530403137207,1104.03271484375,27.750911712646484,50,43,12,12.0,12
203,0,nx_max_length_path_heuristic,10,10,2,12,12,2,0.0,0.0,1.0,lc_nx_heuristic_graph_0203,1.4777909517288208,23.532268524169922,744.8641357421875,18.475685119628906,50,46,12,12.0,12
204,0,nx_max_length_path_heuristic,10,10,2,12,12,0,1.0,0.0,0.0,lc_nx_heuristic_graph_0204,2.2990915775299072,29.693538665771484,1006.5631713867188,21.124740600585938,50,45,12,12.0,12
205,0,nx_max_length_path_heuristic,10,10,2,12,12,1,0.0,1.0,0.0,lc_nx_heuristic_graph_0205,3.065859079360962,29.188884735107422,898.0039672851562,16.820087432861328,50,47,12,12.0,12
206,0,nx_max_length_path_heuristic,10,10,2,12,12,2,0.0,0.0,1.0,lc_nx_heuristic_graph_0206,2.151689052581787,42.71014404296875,1194.483154296875,31.186872482299805,50,42,12,12.0,12
207,0,nx_max_length_path_heuristic,10,10,2,12,12,0,1.0,0.0,0.0,lc_nx_heuristic_graph_0207,3.1855735778808594,27.854488372802734,1130.852783203125,33.49052047729492,50,41,12,12.0,12
208,0,nx_max_length_path_heuristic,10,10,2,12,12,1,0.0,1.0,0.0,lc_nx_heuristic_graph_0208,3.2824625968933105,35.68263244628906,1148.7352294921875,27.574840545654297,50,43,12,12.0,12
209,0,nx_max_length_path_heuristic,10,10,2,12,12,2,0.0,0.0,1.0,lc_nx_heuristic_graph_0209,1.9074814319610596,31.98554039001465,1217.0828857421875,25.599380493164062,50,44,12,12.0,12
210,0,nx_max_length_path_heuristic,10,10,2,12,12,0,1.0,0.0,0.0,lc_nx_heuristic_graph_0210,1.4884462356567383,41.65517044067383,1101.1746826171875,10.304533004760742,50,48,12,12.0,12
211,0,nx_max_length_path_heuristic,10,10,2,12,12,1,0.0,1.0,0.0,lc_nx_heuristic_graph_0211,2.993716239929199,38.28337478637695,1400.291015625,16.475378036499023,50,49,12,12.0,12
212,0,nx_max_length_path_heuristic,10,10,2,12,12,2,0.0,0.0,1.0,lc_nx_heuristic_graph_0212,1.3210581541061401,33.10273742675781,1133.1568603515625,22.445491790771484,50,47,12,12.0,12
213,0,nx_max_length_path_heuristic,10,10,2,12,12,0,1.0,0.0,0.0,lc_nx_heuristic_graph_0213,3.902467727661133,34.122989654541016,1205.88623046875,44.54544448852539,50,37,12,12.0,12
214,0,nx_max_length_path_heuristic,10,10,2,12,12,1,0.0,1.0,0.0,lc_nx_heuristic_graph_0214,3.846219062805176,36.40138626098633,1156.53076171875,39.910335540771484,50,39,12,12.0,12
215,0,nx_max_length_path_heuristic,10,10,2,12,12,2,0.0,0.0,1.0,lc_nx_heuristic_graph_0215,1.469805121421814,37.878578186035156,1581.536865234375,20.11487579345703,50,46,12,12.0,12
216,0,nx_max_length_path_heuristic,10,10,2,12,12,0,1.0,0.0,0.0,lc_nx_heuristic_graph_0216,1.7721823453903198,36.797119140625,1408.2056884765625,15.35655689239502,50,47,12,12.0,12
217,0,nx_max_length_path_heuristic,10,10,2,12,12,1,0.0,1.0,0.0,lc_nx_heuristic_graph_0217,3.898796319961548,30.658781051635742,1224.69921875,19.188053131103516,50,45,12,12.0,12
218,0,nx_max_length_path_heuristic,10,10,2,12,12,2,0.0,0.0,1.0,lc_nx_heuristic_graph_0218,2.655627489089966,27.301578521728516,1210.1597900390625,40.46428298950195,50,39,12,12.0,12
219,0,nx_max_length_path_heuristic,10,10,2,12,12,0,1.0,0.0,0.0,lc_nx_heuristic_graph_0219,2.048774003982544,25.55284309387207,1015.253662109375,16.580469131469727,50,46,12,12.0,12
220,0,nx_max_length_path_heuristic,10,10,2,12,12,1,0.0,1.0,0.0,lc_nx_heuristic_graph_0220,3.289673328399658,35.85416793823242,1080.1346435546875,16.495267868041992,50,47,12,12.0,12
221,0,nx_max_length_path_heuristic,10,10,2,12,12,2,0.0,0.0,1.0,lc_nx_heuristic_graph_0221,2.2451791763305664,31.855649948120117,1186.87109375,37.8783073425293,50,42,12,12.0,12
222,0,nx_max_length_path_heuristic,10,10,2,12,12,0,1.0,0.0,0.0,lc_nx_heuristic_graph_0222,2.196166515350342,31.279010772705078,1093.5181884765625,18.952791213989258,50,45,12,12.0,12
223,0,nx_max_length_path_heuristic,10,10,2,12,12,1,0.0,1.0,0.0,lc_nx_heuristic_graph_0223,3.6937646865844727,25.94890022277832,912.6697998046875,21.686046600341797,50,44,12,12.0,12
224,0,nx_max_length_path_heuristic,10,10,2,12,12,2,0.0,0.0,1.0,lc_nx_heuristic_graph_0224,1.3168988227844238,24.704774856567383,721.4716186523438,12.310907363891602,50,47,12,12.0,12
225,0,nx_max_length_path_heuristic,10,10,2,12,12,0,1.0,0.0,0.0,lc_nx_heuristic_graph_0225,2.6481130123138428,31.239391326904297,1200.7752685546875,26.099374771118164,50,44,12,12.0,12
226,0,nx_max_length_path_heuristic,10,10,2,12,12,1,0.0,1.0,0.0,lc_nx_heuristic_graph_0226,3.565472364425659,35.07664489746094,1380.1732177734375,21.133867263793945,50,45,12,12.0,12
227,0,nx_max_length_path_heuristic,10,10,2,12,12,2,0.0,0.0,1.0,lc_nx_heuristic_graph_0227,2.312720775604248,36.89501953125,1325.1153564453125,34.519775390625,50,41,12,12.0,12
228,0,nx_max_length_path_heuristic,10,10,2,12,12,0,1.0,0.0,0.0,lc_nx_heuristic_graph_0228,3.086561441421509,28.968778610229492,1067.0902099609375,32.07564163208008,50,41,12,12.0,12
229,0,nx_max_length_path_heuristic,10,10,2,12,12,1,0.0,1.0,0.0,lc_nx_heuristic_graph_0229,4.5588908195495605,33.02071762084961,1548.1451416015625,34.39816665649414,50,42,12,12.0,12
230,0,nx_max_length_path_heuristic,10,10,2,12,12,2,0.0,0.0,1.0,lc_nx_heuristic_graph_0230,1.6459619998931885,38.863487243652344,1221.1866455078125,18.89158058166504,50,45,12,12.0,12
231,0,nx_max_length_path_heuristic,10,10,2,12,12,0,1.0,0.0,0.0,lc_nx_heuristic_graph_0231,2.56033992767334,34.085166931152344,1195.9288330078125,22.74976921081543,50,44,12,12.0,12
232,0,nx_max_length_path_heuristic,10,10,2,12,12,1,0.0,1.0,0.0,lc_nx_heuristic_graph_0232,3.5145769119262695,34.001651763916016,1078.454345703125,27.965578079223633,50,43,12,12.0,12
233,0,nx_max_length_path_heuristic,10,10,2,12,12,2,0.0,0.0,1.0,lc_nx_heuristic_graph_0233,1.6746292114257812,26.050323486328125,964.0059204101562,21.038597106933594,50,45,12,12.0,12
234,0,nx_max_length_path_heuristic,10,10,2,12,12,0,1.0,0.0,0.0,lc_nx_heuristic_graph_0234,2.245403289794922,34.85492706298828,1175.3060302734375,22.422042846679688,50,45,12,12.0,12
235,0,nx_max_length_path_heuristic,10,10,2,12,12,1,0.0,1.0,0.0,lc_nx_heuristic_graph_0235,2.7718870639801025,23.84321403503418,759.480712890625,7.652547836303711,50,49,12,12.0,12
236,0,nx_max_length_path_heuristic,10,10,2,12,12,2,0.0,0.0,1.0,lc_nx_heuristic_graph_0236,1.289530634880066,24.77391815185547,765.966796875,15.547554016113281,50,47,12,12.0,12
237,0,nx_max_length_path_heuristic,10,10,2,12,12,0,1.0,0.0,0.0,lc_nx_heuristic_graph_0237,1.9230728149414062,48.07890319824219,1293.28369140625,15.5120267868042,50,46,12,12.0,12
238,0,nx_max_length_path_heuristic,10,10,2,12,12,1,0.0,1.0,0.0,lc_nx_heuristic_graph_0238,3.1064209938049316,37.56887435913086,1192.999267578125,26.04830551147461,50,43,12,12.0,12
239,0,nx_max_length_path_heuristic,10,10,2,12,12,2,0.0,0.0,1.0,lc_nx_heuristic_graph_0239,2.009739398956299,31.754669189453125,1412.64501953125,31.530427932739258,50,43,12,12.0,12
240,0,nx_max_length_path_heuristic,10,10,2,12,12,0,1.0,0.0,0.0,lc_nx_heuristic_graph_0240,2.2028188705444336,31.949291229248047,942.4254150390625,17.370983123779297,50,46,12,12.0,12
241,0,nx_max_length_path_heuristic,10,10,2,12,12,1,0.0,1.0,0.0,lc_nx_heuristic_graph_0241,1.7642449140548706,22.838550567626953,778.8323364257812,2.2396440505981445,50,50,12,12.0,12
242,0,nx_max_length_path_heuristic,10,10,2,12,12,2,0.0,0.0,1.0,lc_nx_heuristic_graph_0242,2.062480926513672,29.63019371032715,1068.73388671875,25.8248291015625,50,43,12,12.0,12
243,0,nx_max_length_path_heuristic,10,10,2,12,12,0,1.0,0.0,0.0,lc_nx_heuristic_graph_0243,2.238213300704956,33.06190872192383,1079.3302001953125,18.85077476501465,50,45,12,12.0,12
244,0,nx_max_length_path_heuristic,10,10,2,12,12,1,0.0,1.0,0.0,lc_nx_heuristic_graph_0244,4.200915813446045,32.53809356689453,1175.6326904296875,43.36539077758789,50,38,12,12.0,12
245,0,nx_max_length_path_heuristic,10,10,2,12,12,2,0.0,0.0,1.0,lc_nx_heuristic_graph_0245,1.1546275615692139,34.99497985839844,1101.2591552734375,21.06406593322754,50,48,12,12.0,12
246,0,nx_max_length_path_heuristic,10,10,2,12,12,0,1.0,0.0,0.0,lc_nx_heuristic_graph_0246,2.205209493637085,38.6166877746582,1192.46484375,22.99160385131836,50,45,12,12.0,12
247,0,nx_max_length_path_heuristic,10,10,2,12,12,1,0.0,1.0,0.0,lc_nx_heuristic_graph_0247,4.058934211730957,29.089204788208008,1149.3665771484375,25.76104164123535,50,44,12,12.0,12
248,0,nx_max_length_path_heuristic,10,10,2,12,12,2,0.0,0.0,1.0,lc_nx_heuristic_graph_0248,1.1172034740447998,35.024742126464844,1525.0704345703125,13.094830513000488,50,48,12,12.0,12
249,0,nx_max_length_path_heuristic,10,10,2,12,12,0,1.0,0.0,0.0,lc_nx_heuristic_graph_0249,0.575106680393219,25.045726776123047,758.0552368164062,3.1955373287200928,50,50,12,12.0,12
250,0,nx_max_length_path_heuristic,10,10,2,12,12,1,0.0,1.0,0.0,lc_nx_heuristic_graph_0250,3.6923062801361084,39.219051361083984,1197.7032470703125,39.742977142333984,50,39,12,12.0,12
251,0,nx_max_length_path_heuristic,10,10,2,12,12,2,0.0,0.0,1.0,lc_nx_heuristic_graph_0251,1.747114658355713,35.61147689819336,1089.765625,21.031023025512695,50,45,12,12.0,12
252,0,nx_max_length_path_heuristic,10,10,2,12,12,0,1.0,0.0,0.0,lc_nx_heuristic_graph_0252,2.0434250831604004,36.45310592651367,1506.2950439453125,19.41320037841797,50,46,12,12.0,12
253,0,nx_max_length_path_heuristic,10,10,2,12,12,1,0.0,1.0,0.0,lc_nx_heuristic_graph_0253,3.4106783866882324,36.90428924560547,1549.8350830078125,13.259961128234863,50,47,12,12.0,12
254,0,nx_max_length_path_heuristic,10,10,2,12,12,2,0.0,0.0,1.0,lc_nx_heuristic_graph_0254,1.828067660331726,22.41574478149414,802.1673583984375,23.68383026123047,50,44,12,12.0,12
255,0,nx_max_length_path_heuristic,10,10,2,12,12,0,1.0,0.0,0.0,lc_nx_heuristic_graph_0255,2.633897542953491,27.823888778686523,819.7789916992188,23.570154190063477,50,44,12,12.0,12
256,0,nx_max_length_path_heuristic,10,10,2,12,12,1,0.0,1.0,0.0,lc_nx_heuristic_graph_0256,3.3684754371643066,34.30206298828125,1166.14111328125,30.61946678161621,50,42,12,12.0,12
257,0,nx_max_length_path_heuristic,10,10,2,12,12,2,0.0,0.0,1.0,lc_nx_heuristic_graph_0257,1.8403609991073608,36.31882858276367,1521.1307373046875,25.388368606567383,50,44,12,12.0,12
258,0,nx_max_length_path_heuristic,10,10,2,12,12,0,1.0,0.0,0.0,lc_nx_heuristic_graph_0258,2.8019258975982666,28.525959014892578,1097.5587158203125,27.34392547607422,50,43,12,12.0,12
259,0,nx_max_length_path_heuristic,10,10,2,12,12,1,0.0,1.0,0.0,lc_nx_heuristic_graph_0259,2.999002456665039,37.19489669799805,1155.0689697265625,16.788843154907227,50,46,12,12.0,12
260,0,nx_max_length_path_heuristic,10,10,2,12,12,2,0.0,0.0,1.0,lc_nx_heuristic_graph_0260,1.1812341213226318,31.965717315673828,1142.03173828125,9.54976749420166,50,48,12,12.0,12
261,0,nx_max_length_path_heuristic,10,10,2,12,12,0,1.0,0.0,0.0,lc_nx_heuristic_graph_0261,2.5743069648742676,34.710506439208984,1076.128173828125,26.395692825317383,50,44,12,12.0,12
262,0,nx_max_length_path_heuristic,10,10,2,12,12,1,0.0,1.0,0.0,lc_nx_heuristic_graph_0262,2.6093249320983887,47.39485549926758,1117.4849853515625,23.979463577270508,50,45,12,12.0,12
263,0,nx_max_length_path_heuristic,10,10,2,12,12,2,0.0,0.0,1.0,lc_nx_heuristic_graph_0263,1.3196507692337036,30.048471450805664,1071.570556640625,17.265615463256836,50,47,12,12.0,12
264,0,nx_max_length_path_heuristic,10,10,2,12,12,0,1.0,0.0,0.0,lc_nx_heuristic_graph_0264,2.551137924194336,31.51662254333496,1113.3046875,24.35144805908203,50,44,12,12.0,12
265,0,nx_max_length_path_heuristic,10,10,2,12,12,1,0.0,1.0,0.0,lc_nx_heuristic_graph_0265,3.7884035110473633,31.099388122558594,1353.2708740234375,23.669113159179688,50,44,12,12.0,12
266,0,nx_max_length_path_heuristic,10,10,2,12,12,2,0.0,0.0,1.0,lc_nx_heuristic_graph_0266,1.3130419254302979,31.45553207397461,1082.7779541015625,12.441343307495117,50,47,12,12.0,12
267,0,nx_max_length_path_heuristic,10,10,2,12,12,0,1.0,0.0,0.0,lc_nx_heuristic_graph_0267,2.0727615356445312,35.59706497192383,1479.6116943359375,18.525835037231445,50,46,12,12.0,12
268,0,nx_max_length_path_heuristic,10,10,2,12,12,1,0.0,1.0,0.0,lc_nx_heuristic_graph_0268,4.129861831665039,28.940340042114258,1078.5184326171875,36.27323913574219,50,40,12,12.0,12
269,0,nx_max_length_path_heuristic,10,10,2,12,12,2,0.0,0.0,1.0,lc_nx_heuristic_graph_0269,2.2127511501312256,28.87833595275879,1072.493896484375,30.6973934173584,50,42,12,12.0,12
270,0,nx_max_length_path_heuristic,10,10,2,12,12,0,1.0,0.0,0.0,lc_nx_heuristic_graph_0270,2.4748575687408447,35.166465759277344,1252.3719482421875,25.69778060913086,50,44,12,12.0,12
271,0,nx_max_length_path_heuristic,10,10,2,12,12,1,0.0,1.0,0.0,lc_nx_heuristic_graph_0271,3.445826530456543,37.21266174316406,1493.39453125,19.003782272338867,50,47,12,12.0,12
272,0,nx_max_length_path_heuristic,10,10,2,12,12,2,0.0,0.0,1.0,lc_nx_heuristic_graph_0272,1.8542639017105103,27.054443359375,863.6630249023438,24.067462921142578,50,44,12,12.0,12
273,0,nx_max_length_path_heuristic,10,10,2,12,12,0,1.0,0.0,0.0,lc_nx_heuristic_graph_0273,2.681997299194336,28.400251388549805,1133.9036865234375,27.672353744506836,50,43,12,12.0,12
274,0,nx_max_length_path_heuristic,10,10,2,12,12,1,0.0,1.0,0.0,lc_nx_heuristic_graph_0274,3.011688232421875,43.26826858520508,1167.404541015625,24.902637481689453,50,44,12,12.0,12
275,0,nx_max_length_path_heuristic,10,10,2,12,12,2,0.0,0.0,1.0,lc_nx_heuristic_graph_0275,2.3819282054901123,28.011619567871094,1001.2600708007812,34.952518463134766,50,41,12,12.0,12
276,0,nx_max_length_path_heuristic,10,10,2,12,12,0,1.0,0.0,0.0,lc_nx_heuristic_graph_0276,2.556450605392456,29.10810661315918,1188.7840576171875,30.032649993896484,50,44,12,12.0,12
277,0,nx_max_length_path_heuristic,10,10,2,12,12,1,0.0,1.0,0.0,lc_nx_heuristic_graph_0277,3.26806640625,30.70309066772461,1031.9423828125,22.440505981445312,50,45,12,12.0,12
278,0,nx_max_length_path_heuristic,10,10,2,12,12,2,0.0,0.0,1.0,lc_nx_heuristic_graph_0278,2.3390254974365234,36.74241256713867,1170.4832763671875,35.60871887207031,50,41,12,12.0,12
279,0,nx_max_length_path_heuristic,10,10,2,12,12,0,1.0,0.0,0.0,lc_nx_heuristic_graph_0279,3.205463409423828,30.16891860961914,1131.560546875,32.265357971191406,50,41,12,12.0,12
280,0,nx_max_length_path_heuristic,10,10,2,12,12,1,0.0,1.0,0.0,lc_nx_heuristic_graph_0280,2.61358380317688,25.827489852905273,791.0767211914062,10.11814022064209,50,48,12,12.0,12
281,0,nx_max_length_path_heuristic,10,10,2,12,12,2,0.0,0.0,1.0,lc_nx_heuristic_graph_0281,1.3318324089050293,38.58390426635742,1154.8082275390625,15.194686889648438,50,47,12,12.0,12
282,0,nx_max_length_path_heuristic,10,10,2,12,12,0,1.0,0.0,0.0,lc_nx_heuristic_graph_0282,2.5464954376220703,30.990665435791016,1304.599853515625,24.552162170410156,50,44,12,12.0,12
283,0,nx_max_length_path_heuristic,10,10,2,12,12,1,0.0,1.0,0.0,lc_nx_heuristic_graph_0283,3.5431017875671387,32.40445327758789,1159.5877685546875,13.87763500213623,50,47,12,12.0,12
284,0,nx_max_length_path_heuristic,10,10,2,12,12,2,0.0,0.0,1.0,lc_nx_heuristic_graph_0284,2.818526029586792,34.81716537475586,1144.4962158203125,41.20505905151367,50,38,12,12.0,12
285,0,nx_max_length_path_heuristic,10,10,2,12,12,0,1.0,0.0,0.0,lc_nx_heuristic_graph_0285,2.7261791229248047,32.13532257080078,1467.9400634765625,27.784648895263672,50,43,12,12.0,12
286,0,nx_max_length_path_heuristic,10,10,2,12,12,1,0.0,1.0,0.0,lc_nx_heuristic_graph_0286,3.4555912017822266,30.879871368408203,1045.9315185546875,17.468788146972656,50,46,12,12.0,12
287,0,nx_max_length_path_heuristic,10,10,2,12,12,2,0.0,0.0,1.0,lc_nx_heuristic_graph_0287,0.9436390399932861,37.24495315551758,1391.2823486328125,6.108921051025391,50,49,12,12.0,12
288,0,nx_max_length_path_heuristic,10,10,2,12,12,0,1.0,0.0,0.0,lc_nx_heuristic_graph_0288,2.508549451828003,27.785478591918945,1072.750244140625,23.864524841308594,50,44,12,12.0,12
289,0,nx_max_length_path_heuristic,10,10,2,12,12,1,0.0,1.0,0.0,lc_nx_heuristic_graph_0289,3.0795187950134277,27.66849136352539,923.4365234375,15.030794143676758,50,47,12,12.0,12
290,0,nx_max_length_path_heuristic,10,10,2,12,12,2,0.0,0.0,1.0,lc_nx_heuristic_graph_0290,1.2937616109848022,39.20983123779297,1174.2109375,13.351795196533203,50,47,12,12.0,12
291,0,nx_max_length_path_heuristic,10,10,2,12,12,0,1.0,0.0,0.0,lc_nx_heuristic_graph_0291,1.2854658365249634,22.998849868774414,744.8741455078125,6.091190814971924,50,49,12,12.0,12
292,0,nx_max_length_path_heuristic,10,10,2,12,12,1,0.0,1.0,0.0,lc_nx_heuristic_graph_0292,1.7917734384536743,25.086193084716797,768.4163818359375,0.5550030469894409,50,50,12,12.0,12
293,0,nx_max_length_path_heuristic,10,10,2,12,12,2,0.0,0.0,1.0,lc_nx_heuristic_graph_0293,1.7027183771133423,37.659786224365234,1111.4254150390625,20.746042251586914,50,45,12,12.0,12
294,0,nx_max_length_path_heuristic,10,10,2,12,12,0,1.0,0.0,0.0,lc_nx_heuristic_graph_0294,2.2755112648010254,34.637733459472656,1500.6527099609375,21.886022567749023,50,45,12,12.0,12
295,0,nx_max_length_path_heuristic,10,10,2,12,12,1,0.0,1.0,0.0,lc_nx_heuristic_graph_0295,3.5545144081115723,29.754003524780273,1127.8123779296875,17.697277069091797,50,46,12,12.0,12
296,0,nx_max_length_path_heuristic,10,10,2,12,12,2,0.0,0.0,1.0,lc_nx_heuristic_graph_0296,1.8471401929855347,25.88373565673828,825.693359375,29.206302642822266,50,44,12,12.0,12
297,0,nx_max_length_path_heuristic,10,10,2,12,12,0,1.0,0.0,0.0,lc_nx_heuristic_graph_0297,2.71923828125,30.96378517150879,1155.33056640625,28.23450469970703,50,43,12,12.0,12
298,0,nx_max_length_path_heuristic,10,10,2,12,12,1,0.0,1.0,0.0,lc_nx_heuristic_graph_0298,2.4040746688842773,34.095706939697266,1174.58056640625,17.86457633972168,50,50,12,12.0,12
299,0,nx_max_length_path_heuristic,10,10,2,12,12,2,0.0,0.0,1.0,lc_nx_heuristic_graph_0299,1.4852354526519775,35.18715286254883,1046.4591064453125,17.835357666015625,50,46,12,12.0,12
300,0,nx_max_length_path_heuristic,10,10,2,12,12,0,1.0,0.0,0.0,lc_nx_heuristic_graph_0300,1.8009328842163086,38.53590393066406,1572.71533203125,13.196423530578613,50,47,12,12.0,12
301,0,nx_max_length_path_heuristic,10,10,2,12,12,1,0.0,1.0,0.0,lc_nx_heuristic_graph_0301,3.101846218109131,35.90317916870117,1431.4466552734375,8.304662704467773,50,49,12,12.0,12
302,0,nx_max_length_path_heuristic,10,10,2,12,12,2,0.0,0.0,1.0,lc_nx_heuristic_graph_0302,1.9831984043121338,34.833255767822266,1138.6156005859375,26.371204376220703,50,43,12,12.0,12
303,0,nx_max_length_path_heuristic,10,10,2,12,12,0,1.0,0.0,0.0,lc_nx_heuristic_graph_0303,2.3008697032928467,22.55359649658203,765.9993896484375,19.689912796020508,50,45,12,12.0,12
304,0,nx_max_length_path_heuristic,10,10,2,12,12,1,0.0,1.0,0.0,lc_nx_heuristic_graph_0304,3.92594575881958,30.87466049194336,1165.92041015625,19.70624542236328,50,45,12,12.0,12
305,0,nx_max_length_path_heuristic,10,10,2,12,12,2,0.0,0.0,1.0,lc_nx_heuristic_graph_0305,0.9053540229797363,30.449613571166992,1040.662841796875,8.545957565307617,50,49,12,12.0,12
306,0,nx_max_length_path_heuristic,10,10,2,12,12,0,1.0,0.0,0.0,lc_nx_heuristic_graph_0306,3.2296102046966553,28.834598541259766,1143.8929443359375,32.36072540283203,50,41,12,12.0,12
307,0,nx_max_length_path_heuristic,10,10,2,12,12,1,0.0,1.0,0.0,lc_nx_heuristic_graph_0307,3.583559036254883,23.957597732543945,872.5938720703125,24.00411033630371,50,44,12,12.0,12
308,0,nx_max_length_path_heuristic,10,10,2,12,12,2,0.0,0.0,1.0,lc_nx_heuristic_graph_0308,2.1511588096618652,42.193180084228516,1245.6771240234375,31.490957260131836,50,42,12,12.0,12
309,0,nx_max_length_path_heuristic,10,10,2,12,12,0,1.0,0.0,0.0,lc_nx_heuristic_graph_0309,2.873502254486084,47.59351348876953,1236.0177001953125,31.83348846435547,50,42,12,12.0,12
310,0,nx_max_length_path_heuristic,10,10,2,12,12,1,0.0,1.0,0.0,lc_nx_heuristic_graph_0310,4.092206954956055,29.21938705444336,1170.140380859375,30.045068740844727,50,42,12,12.0,12
311,0,nx_max_length_path_heuristic,10,10,2,12,12,2,0.0,0.0,1.0,lc_nx_heuristic_graph_0311,1.8699398040771484,35.53872299194336,1172.6004638671875,28.53276824951172,50,44,12,12.0,12
312,0,nx_max_length_path_heuristic,10,10,2,12,12,0,1.0,0.0,0.0,lc_nx_heuristic_graph_0312,2.1055963039398193,36.503482818603516,1484.7098388671875,22.972436904907227,50,46,12,12.0,12
313,0,nx_max_length_path_heuristic,10,10,2,12,12,1,0.0,1.0,0.0,lc_nx_heuristic_graph_0313,3.4402618408203125,26.240886688232422,847.9268798828125,21.87903594970703,50,45,12,12.0,12
314,0,nx_max_length_path_heuristic,10,10,2,12,12,2,0.0,0.0,1.0,lc_nx_heuristic_graph_0314,1.8468117713928223,27.313922882080078,888.3432006835938,24.192224502563477,50,44,12,12.0,12
315,0,nx_max_length_path_heuristic,10,10,2,12,12,0,1.0,0.0,0.0,lc_nx_heuristic_graph_0315,2.785620927810669,36.10117721557617,1518.8367919921875,33.70508575439453,50,43,12,12.0,12
316,0,nx_max_length_path_heuristic,10,10,2,12,12,1,0.0,1.0,0.0,lc_nx_heuristic_graph_0316,3.554633140563965,33.51020431518555,1163.84814453125,18.078941345214844,50,46,12,12.0,12
317,0,nx_max_length_path_heuristic,10,10,2,12,12,2,0.0,0.0,1.0,lc_nx_heuristic_graph_0317,3.143773078918457,33.31227493286133,1529.5133056640625,49.079017639160156,50,36,12,12.0,12
318,0,nx_max_length_path_heuristic,10,10,2,12,12,0,1.0,0.0,0.0,lc_nx_heuristic_graph_0318,2.3072636127471924,33.7470817565918,1451.4100341796875,23.481042861938477,50,45,12,12.0,12
319,0,nx_max_length_path_heuristic,10,10,2,12,12,1,0.0,1.0,0.0,lc_nx_heuristic_graph_0319,4.1886138916015625,31.570798873901367,1125.3148193359375,35.25606155395508,50,41,12,12.0,12
320,0,nx_max_length_path_heuristic,10,10,2,12,12,2,0.0,0.0,1.0,lc_nx_heuristic_graph_0320,2.4001424312591553,33.653377532958984,1120.73486328125,33.27815628051758,50,41,12,12.0,12
321,0,nx_max_length_path_heuristic,10,10,2,12,12,0,1.0,0.0,0.0,lc_nx_heuristic_graph_0321,2.7504005432128906,33.878475189208984,1492.2264404296875,30.90496063232422,50,43,12,12.0,12
322,0,nx_max_length_path_heuristic,10,10,2,12,12,1,0.0,1.0,0.0,lc_nx_heuristic_graph_0322,3.9006943702697754,32.43332290649414,1215.6595458984375,36.304039001464844,50,40,12,12.0,12
323,0,nx_max_length_path_heuristic,10,10,2,12,12,2,0.0,0.0,1.0,lc_nx_heuristic_graph_0323,1.960721492767334,31.386449813842773,1048.0489501953125,29.898738861083984,50,43,12,12.0,12
324,0,nx_max_length_path_heuristic,10,10,2,12,12,0,1.0,0.0,0.0,lc_nx_heuristic_graph_0324,1.3986947536468506,26.06960678100586,830.7086791992188,7.716216087341309,50,49,12,12.0,12
325,0,nx_max_length_path_heuristic,10,10,2,12,12,1,0.0,1.0,0.0,lc_nx_heuristic_graph_0325,3.4140119552612305,36.04275131225586,1472.37890625,14.431614875793457,50,47,12,12.0,12
326,0,nx_max_length_path_heuristic,10,10,2,12,12,2,0.0,0.0,1.0,lc_nx_heuristic_graph_0326,0.915155827999115,25.874147415161133,837.3861694335938,5.356966018676758,50,49,12,12.0,12
327,0,nx_max_length_path_heuristic,10,10,2,12,12,0,1.0,0.0,0.0,lc_nx_heuristic_graph_0327,1.979816198348999,41.68003845214844,1308.7169189453125,15.924737930297852,50,46,12,12.0,12
328,0,nx_max_length_path_heuristic,10,10,2,12,12,1,0.0,1.0,0.0,lc_nx_heuristic_graph_0328,3.22076416015625,40.97140121459961,1219.1732177734375,29.40237808227539,50,42,12,12.0,12
329,0,nx_max_length_path_heuristic,10,10,2,12,12,2,0.0,0.0,1.0,lc_nx_heuristic_graph_0329,1.6773520708084106,37.82738494873047,1596.4776611328125,20.946033477783203,50,45,12,12.0,12
330,0,nx_max_length_path_heuristic,10,10,2,12,12,0,1.0,0.0,0.0,lc_nx_heuristic_graph_0330,1.3776237964630127,26.081642150878906,757.8023681640625,7.847175121307373,50,49,12,12.0,12
331,0,nx_max_length_path_heuristic,10,10,2,12,12,1,0.0,1.0,0.0,lc_nx_heuristic_graph_0331,2.377701997756958,37.28089141845703,1342.5853271484375,9.687224388122559,50,48,12,12.0,12
332,0,nx_max_length_path_heuristic,10,10,2,12,12,2,0.0,0.0,1.0,lc_nx_heuristic_graph_0332,1.672448992729187,30.550554275512695,1118.514404296875,19.072616577148438,50,45,12,12.0,12
333,0,nx_max_length_path_heuristic,10,10,2,12,12,0,1.0,0.0,0.0,lc_nx_heuristic_graph_0333,3.096017599105835,36.890174865722656,1208.88623046875,34.28513717651367,50,41,12,12.0,12
334,0,nx_max_length_path_heuristic,10,10,2,12,12,1,0.0,1.0,0.0,lc_nx_heuristic_graph_0334,3.837453842163086,35.60060501098633,1526.108642578125,18.079565048217773,50,46,12,12.0,12
335,0,nx_max_length_path_heuristic,10,10,2,12,12,2,0.0,0.0,1.0,lc_nx_heuristic_graph_0335,2.511810541152954,29.79072380065918,1430.826904296875,36.226531982421875,50,40,12,12.0,12
336,0,nx_max_length_path_heuristic,10,10,2,12,12,0,1.0,0.0,0.0,lc_nx_heuristic_graph_0336,1.2932946681976318,38.93415832519531,1510.5726318359375,11.16214370727539,50,49,12,12.0,12
337,0,nx_max_length_path_heuristic,10,10,2,12,12,1,0.0,1.0,0.0,lc_nx_heuristic_graph_0337,3.250638484954834,33.90016555786133,1089.1776123046875,23.836456298828125,50,44,12,12.0,12
338,0,nx_max_length_path_heuristic,10,10,2,12,12,2,0.0,0.0,1.0,lc_nx_heuristic_graph_0338,1.3097602128982544,26.106386184692383,882.1848754882812,15.373274803161621,50,47,12,12.0,12
339,0,nx_max_length_path_heuristic,10,10,2,12,12,0,1.0,0.0,0.0,lc_nx_heuristic_graph_0339,2.721921920776367,36.00868225097656,1555.0899658203125,27.385643005371094,50,43,12,12.0,12
340,0,nx_max_length_path_heuristic,10,10,2,12,12,1,0.0,1.0,0.0,lc_nx_heuristic_graph_0340,3.206907272338867,39.88119888305664,1164.65185546875,26.737821578979492,50,43,12,12.0,12
341,0,nx_max_length_path_heuristic,10,10,2,12,12,2,0.0,0.0,1.0,lc_nx_heuristic_graph_0341,2.4647216796875,35.5421257019043,1269.6790771484375,36.83048629760742,50,40,12,12.0,12
342,0,nx_max_length_path_heuristic,10,10,2,12,12,0,1.0,0.0,0.0,lc_nx_heuristic_graph_0342,0.7062992453575134,31.986427307128906,1088.6778564453125,6.668788909912109,50,50,12,12.0,12
343,0,nx_max_length_path_heuristic,10,10,2,12,12,1,0.0,1.0,0.0,lc_nx_heuristic_graph_0343,2.8771467208862305,30.881248474121094,1057.3828125,14.634056091308594,50,49,12,12.0,12
344,0,nx_max_length_path_heuristic,10,10,2,12,12,2,0.0,0.0,1.0,lc_nx_heuristic_graph_0344,1.7018156051635742,29.528594970703125,1110.6676025390625,24.152278900146484,50,45,12,12.0,12
345,0,nx_max_length_path_heuristic,10,10,2,12,12,0,1.0,0.0,0.0,lc_nx_heuristic_graph_0345,1.7020405530929565,29.942964553833008,1133.4737548828125,13.295634269714355,50,48,12,12.0,12
346,0,nx_max_length_path_heuristic,10,10,2,12,12,1,0.0,1.0,0.0,lc_nx_heuristic_graph_0346,2.643864393234253,41.215030670166016,1097.3402099609375,20.342533111572266,50,45,12,12.0,12
347,0,nx_max_length_path_heuristic,10,10,2,12,12,2,0.0,0.0,1.0,lc_nx_heuristic_graph_0347,1.4811372756958008,38.31935119628906,1625.095703125,18.463207244873047,50,46,12,12.0,12
348,0,nx_max_length_path_heuristic,10,10,2,12,12,0,1.0,0.0,0.0,lc_nx_heuristic_graph_0348,1.8338432312011719,30.418670654296875,1203.7003173828125,18.474956512451172,50,47,12,12.0,12
349,0,nx_max_length_path_heuristic,10,10,2,12,12,1,0.0,1.0,0.0,lc_nx_heuristic_graph_0349,4.15947961807251,27.675395965576172,1055.324462890625,29.663673400878906,50,42,12,12.0,12
350,0,nx_max_length_path_heuristic,10,10,2,12,12,2,0.0,0.0,1.0,lc_nx_heuristic_graph_0350,1.8273451328277588,30.16924285888672,1118.2198486328125,24.005149841308594,50,44,12,12.0,12
351,0,nx_max_length_path_heuristic,10,10,2,12,12,0,1.0,0.0,0.0,lc_nx_heuristic_graph_0351,1.8794771432876587,27.150903701782227,732.9985961914062,16.05059242248535,50,47,12,12.0,12
352,0,nx_max_length_path_heuristic,10,10,2,12,12,1,0.0,1.0,0.0,lc_nx_heuristic_graph_0352,2.7202348709106445,30.588701248168945,1070.4014892578125,11.199346542358398,50,49,12,12.0,12
353,0,nx_max_length_path_heuristic,10,10,2,12,12,2,0.0,0.0,1.0,lc_nx_heuristic_graph_0353,1.5053951740264893,36.275550842285156,1111.2071533203125,17.931543350219727,50,46,12,12.0,12
354,0,nx_max_length_path_heuristic,10,10,2,12,12,0,1.0,0.0,0.0,lc_nx_heuristic_graph_0354,2.3328640460968018,39.64728546142578,1465.0968017578125,23.58323860168457,50,45,12,12.0,12
355,0,nx_max_length_path_heuristic,10,10,2,12,12,1,0.0,1.0,0.0,lc_nx_heuristic_graph_0355,3.9201760292053223,36.22100067138672,1179.6387939453125,41.8095588684082,50,38,12,12.0,12
356,0,nx_max_length_path_heuristic,10,10,2,12,12,2,0.0,0.0,1.0,lc_nx_heuristic_graph_0356,1.133347749710083,35.28303527832031,1482.4346923828125,11.841691017150879,50,48,12,12.0,12
357,0,nx_max_length_path_heuristic,10,10,2,12,12,0,1.0,0.0,0.0,lc_nx_heuristic_graph_0357,2.453740358352661,36.54397201538086,1151.068359375,23.518640518188477,50,44,12,12.0,12
358,0,nx_max_length_path_heuristic,10,10,2,12,12,1,0.0,1.0,0.0,lc_nx_heuristic_graph_0358,3.7046093940734863,29.700166702270508,1092.2890625,36.64822769165039,50,40,12,12.0,12
359,0,nx_max_length_path_heuristic,10,10,2,12,12,2,0.0,0.0,1.0,lc_nx_heuristic_graph_0359,1.1427156925201416,26.16493797302246,812.985595703125,10.494696617126465,50,48,12,12.0,12
360,0,nx_max_length_path_heuristic,10,10,2,12,12,0,1.0,0.0,0.0,lc_nx_heuristic_graph_0360,1.7895675897598267,41.18670654296875,1131.4678955078125,20.449478149414062,50,47,12,12.0,12
361,0,nx_max_length_path_heuristic,10,10,2,12,12,1,0.0,1.0,0.0,lc_nx_heuristic_graph_0361,3.1692280769348145,37.97024154663086,1222.984130859375,20.75289535522461,50,45,12,12.0,12
362,0,nx_max_length_path_heuristic,10,10,2,12,12,2,0.0,0.0,1.0,lc_nx_heuristic_graph_0362,1.16840660572052,30.05876350402832,885.3124389648438,11.763248443603516,50,48,12,12.0,12
363,0,nx_max_length_path_heuristic,10,10,2,12,12,0,1.0,0.0,0.0,lc_nx_heuristic_graph_0363,1.9212584495544434,37.30353927612305,1126.296875,22.220125198364258,50,47,12,12.0,12
364,0,nx_max_length_path_heuristic,10,10,2,12,12,1,0.0,1.0,0.0,lc_nx_heuristic_graph_0364,3.399613857269287,35.92021179199219,1106.0115966796875,24.62626838684082,50,44,12,12.0,12
365,0,nx_max_length_path_heuristic,10,10,2,12,12,2,0.0,0.0,1.0,lc_nx_heuristic_graph_0365,1.516601800918579,35.70872497558594,1502.1505126953125,16.640850067138672,50,46,12,12.0,12
366,0,nx_max_length_path_heuristic,10,10,2,12,12,0,1.0,0.0,0.0,lc_nx_heuristic_graph_0366,1.9319254159927368,38.721073150634766,1238.903564453125,18.37206268310547,50,46,12,12.0,12
367,0,nx_max_length_path_heuristic,10,10,2,12,12,1,0.0,1.0,0.0,lc_nx_heuristic_graph_0367,3.425661563873291,36.65031433105469,1170.7249755859375,26.45610237121582,50,43,12,12.0,12
368,0,nx_max_length_path_heuristic,10,10,2,12,12,2,0.0,0.0,1.0,lc_nx_heuristic_graph_0368,2.34443998336792,27.98755645751953,1181.030517578125,34.68785095214844,50,41,12,12.0,12
369,0,nx_max_length_path_heuristic,10,10,2,12,12,0,1.0,0.0,0.0,lc_nx_heuristic_graph_0369,1.9761340618133545,45.28559494018555,1192.1519775390625,24.984554290771484,50,46,12,12.0,12
370,0,nx_max_length_path_heuristic,10,10,2,12,12,1,0.0,1.0,0.0,lc_nx_heuristic_graph_0370,3.027754783630371,41.59652328491211,1181.3590087890625,25.214284896850586,50,44,12,12.0,12
371,0,nx_max_length_path_heuristic,10,10,2,12,12,2,0.0,0.0,1.0,lc_nx_heuristic_graph_0371,1.2967009544372559,25.19108772277832,807.6795043945312,13.686746597290039,50,47,12,12.0,12
372,0,nx_max_length_path_heuristic,10,10,2,12,12,0,1.0,0.0,0.0,lc_nx_heuristic_graph_0372,2.9466235637664795,36.13017272949219,1477.979736328125,31.5285587310791,50,42,12,12.0,12
373,0,nx_max_length_path_heuristic,10,10,2,12,12,1,0.0,1.0,0.0,lc_nx_heuristic_graph_0373,2.9922027587890625,36.84564971923828,1470.99853515625,18.361618041992188,50,47,12,12.0,12
374,0,nx_max_length_path_heuristic,10,10,2,12,12,2,0.0,0.0,1.0,lc_nx_heuristic_graph_0374,1.4884945154190063,37.21213150024414,1533.258544921875,16.660871505737305,50,46,12,12.0,12
375,0,nx_max_length_path_heuristic,10,10,2,12,12,0,1.0,0.0,0.0,lc_nx_heuristic_graph_0375,2.483008623123169,20.84271240234375,654.592529296875,22.602191925048828,50,44,12,12.0,12
376,0,nx_max_length_path_heuristic,10,10,2,12,12,1,0.0,1.0,0.0,lc_nx_heuristic_graph_0376,3.6148319244384766,33.60243606567383,1164.39697265625,24.498674392700195,50,44,12,12.0,12
377,0,nx_max_length_path_heuristic,10,10,2,12,12,2,0.0,0.0,1.0,lc_nx_heuristic_graph_0377,2.1633706092834473,41.47819519042969,1300.114501953125,33.26595687866211,50,42,12,12.0,12
378,0,nx_max_length_path_heuristic,10,10,2,12,12,0,1.0,0.0,0.0,lc_nx_heuristic_graph_0378,1.507244348526001,31.928091049194336,1113.3924560546875,10.805011749267578,50,48,12,12.0,12
379,0,nx_max_length_path_heuristic,10,10,2,12,12,1,0.0,1.0,0.0,lc_nx_heuristic_graph_0379,2.3972055912017822,38.71609115600586,1076.5008544921875,13.936531066894531,50,47,12,12.0,12
380,0,nx_max_length_path_heuristic,10,10,2,12,12,2,0.0,0.0,1.0,lc_nx_heuristic_graph_0380,1.849349021911621,33.901649475097656,1125.1651611328125,25.38841438293457,50,44,12,12.0,12
381,0,nx_max_length_path_heuristic,10,10,2,12,12,0,1.0,0.0,0.0,lc_nx_heuristic_graph_0381,1.2907541990280151,34.077510833740234,1425.34423828125,6.275930881500244,50,49,12,12.0,12
382,0,nx_max_length_path_heuristic,10,10,2,12,12,1,0.0,1.0,0.0,lc_nx_heuristic_graph_0382,3.7736997604370117,27.495460510253906,1111.0716552734375,26.60679817199707,50,44,12,12.0,12
383,0,nx_max_length_path_heuristic,10,10,2,12,12,2,0.0,0.0,1.0,lc_nx_heuristic_graph_0383,0.9362114071846008,39.6401252746582,1531.70751953125,10.40386962890625,50,49,12,12.0,12
384,0,nx_max_length_path_heuristic,10,10,2,12,12,0,1.0,0.0,0.0,lc_nx_heuristic_graph_0384,1.682953119277954,27.551023483276367,826.7869262695312,21.544248580932617,50,48,12,12.0,12
385,0,nx_max_length_path_heuristic,10,10,2,12,12,1,0.0,1.0,0.0,lc_nx_heuristic_graph_0385,3.2754883766174316,37.01082992553711,1186.38330078125,23.558443069458008,50,44,12,12.0,12
386,0,nx_max_length_path_heuristic,10,10,2,12,12,2,0.0,0.0,1.0,lc_nx_heuristic_graph_0386,2.062943696975708,30.138103485107422,1098.917724609375,26.98580551147461,50,43,12,12.0,12
387,0,nx_max_length_path_heuristic,10,10,2,12,12,0,1.0,0.0,0.0,lc_nx_heuristic_graph_0387,1.8544929027557373,23.467674255371094,759.1386108398438,15.598346710205078,50,47,12,12.0,12
388,0,nx_max_length_path_heuristic,10,10,2,12,12,1,0.0,1.0,0.0,lc_nx_heuristic_graph_0388,4.4161787033081055,25.584819793701172,1069.726806640625,36.31716537475586,50,40,12,12.0,12
389,0,nx_max_length_path_heuristic,10,10,2,12,12,2,0.0,0.0,1.0,lc_nx_heuristic_graph_0389,1.4600803852081299,37.10237503051758,981.1112060546875,16.52729606628418,50,46,12,12.0,12
390,0,nx_max_length_path_heuristic,10,10,2,12,12,0,1.0,0.0,0.0,lc_nx_heuristic_graph_0390,1.8240463733673096,27.15365982055664,879.470703125,15.117451667785645,50,47,12,12.0,12
391,0,nx_max_length_path_heuristic,10,10,2,12,12,1,0.0,1.0,0.0,lc_nx_heuristic_graph_0391,3.0397071838378906,33.970062255859375,1102.5982666015625,23.288393020629883,50,44,12,12.0,12
392,0,nx_max_length_path_heuristic,10,10,2,12,12,2,0.0,0.0,1.0,lc_nx_heuristic_graph_0392,1.3045201301574707,26.678760528564453,774.8052368164062,14.813977241516113,50,47,12,12.0,12
393,0,nx_max_length_path_heuristic,10,10,2,12,12,0,1.0,0.0,0.0,lc_nx_heuristic_graph_0393,2.7001514434814453,35.43187713623047,1114.615234375,28.71027946472168,50,43,12,12.0,12
394,0,nx_max_length_path_heuristic,10,10,2,12,12,1,0.0,1.0,0.0,lc_nx_heuristic_graph_0394,3.5925893783569336,36.05300521850586,1446.716552734375,19.023292541503906,50,46,12,12.0,12
395,0,nx_max_length_path_heuristic,10,10,2,12,12,2,0.0,0.0,1.0,lc_nx_heuristic_graph_0395,1.677319049835205,32.22248840332031,1119.1356201171875,21.052268981933594,50,45,12,12.0,12
396,0,nx_max_length_path_heuristic,10,10,2,12,12,0,1.0,0.0,0.0,lc_nx_heuristic_graph_0396,2.5677261352539062,28.9198055267334,1104.5479736328125,25.703643798828125,50,44,12,12.0,12
397,0,nx_max_length_path_heuristic,10,10,2,12,12,1,0.0,1.0,0.0,lc_nx_heuristic_graph_0397,2.3822073936462402,40.34911346435547,1216.38818359375,16.01190757751465,50,47,12,12.0,12
398,0,nx_max_length_path_heuristic,10,10,2,12,12,2,0.0,0.0,1.0,lc_nx_heuristic_graph_0398,1.8367871046066284,50.27957534790039,1304.78759765625,27.952367782592773,50,44,12,12.0,12
399,0,nx_max_length_path_heuristic,10,10,2,12,12,0,1.0,0.0,0.0,lc_nx_heuristic_graph_0399,1.765811562538147,39.998695373535156,1228.802490234375,11.89887809753418,50,47,12,12.0,12
400,0,nx_max_length_path_heuristic,10,10,2,12,12,1,0.0,1.0,0.0,lc_nx_heuristic_graph_0400,2.3119454383850098,42.48123550415039,1198.06640625,14.032541275024414,50,47,12,12.0,12
401,0,nx_max_length_path_heuristic,10,10,2,12,12,2,0.0,0.0,1.0,lc_nx_heuristic_graph_0401,1.4650720357894897,34.28773880004883,1133.892578125,18.204946517944336,50,46,12,12.0,12
402,0,nx_max_length_path_heuristic,10,10,2,12,12,0,1.0,0.0,0.0,lc_nx_heuristic_graph_0402,2.647829055786133,39.9278564453125,1202.285400390625,28.407928466796875,50,43,12,12.0,12
403,0,nx_max_length_path_heuristic,10,10,2,12,12,1,0.0,1.0,0.0,lc_nx_heuristic_graph_0403,3.2234411239624023,33.50153350830078,1352.1939697265625,6.05773401260376,50,49,12,12.0,12
404,0,nx_max_length_path_heuristic,10,10,2,12,12,2,0.0,0.0,1.0,lc_nx_heuristic_graph_0404,1.9121265411376953,36.6122932434082,1151.866455078125,22.08095932006836,50,44,12,12.0,12
405,0,nx_max_length_path_heuristic,10,10,2,12,12,0,1.0,0.0,0.0,lc_nx_heuristic_graph_0405,2.497100353240967,29.841083526611328,1090.5784912109375,27.70863151550293,50,44,12,12.0,12
406,0,nx_max_length_path_heuristic,10,10,2,12,12,1,0.0,1.0,0.0,lc_nx_heuristic_graph_0406,4.062689781188965,28.70970916748047,1068.6708984375,37.00105285644531,50,40,12,12.0,12
407,0,nx_max_length_path_heuristic,10,10,2,12,12,2,0.0,0.0,1.0,lc_nx_heuristic_graph_0407,1.4746965169906616,24.084585189819336,805.8231201171875,21.23672866821289,50,46,12,12.0,12
408,0,nx_max_length_path_heuristic,10,10,2,12,12,0,1.0,0.0,0.0,lc_nx_heuristic_graph_0408,3.5362370014190674,25.97760581970215,1105.5650634765625,40.36961364746094,50,39,12,12.0,12
409,0,nx_max_length_path_heuristic,10,10,2,12,12,1,0.0,1.0,0.0,lc_nx_heuristic_graph_0409,3.607003688812256,33.56104278564453,1393.349365234375,20.55792236328125,50,46,12,12.0,12
410,0,nx_max_length_path_heuristic,10,10,2,12,12,2,0.0,0.0,1.0,lc_nx_heuristic_graph_0410,2.651718854904175,31.594114303588867,964.7271118164062,39.53885269165039,50,39,12,12.0,12
411,0,nx_max_length_path_heuristic,10,10,2,12,12,0,1.0,0.0,0.0,lc_nx_heuristic_graph_0411,3.627013921737671,27.881521224975586,1136.767822265625,42.0604133605957,50,39,12,12.0,12
412,0,nx_max_length_path_heuristic,10,10,2,12,12,1,0.0,1.0,0.0,lc_nx_heuristic_graph_0412,3.2472853660583496,37.21849822998047,1511.918212890625,19.985668182373047,50,47,12,12.0,12
413,0,nx_max_length_path_heuristic,10,10,2,12,12,2,0.0,0.0,1.0,lc_nx_heuristic_graph_0413,2.204484462738037,34.68137741088867,1509.0592041015625,30.973594665527344,50,42,12,12.0,12
414,0,nx_max_length_path_heuristic,10,10,2,12,12,0,1.0,0.0,0.0,lc_nx_heuristic_graph_0414,2.204103708267212,36.21205520629883,1225.782958984375,24.460105895996094,50,45,12,12.0,12
415,0,nx_max_length_path_heuristic,10,10,2,12,12,1,0.0,1.0,0.0,lc_nx_heuristic_graph_0415,2.6765060424804688,48.18913269042969,1316.1505126953125,19.47975730895996,50,45,12,12.0,12
416,0,nx_max_length_path_heuristic,10,10,2,12,12,2,0.0,0.0,1.0,lc_nx_heuristic_graph_0416,1.8418786525726318,37.58222961425781,1181.8482666015625,25.964557647705078,50,44,12,12.0,12
417,0,nx_max_length_path_heuristic,10,10,2,12,12,0,1.0,0.0,0.0,lc_nx_heuristic_graph_0417,2.2338178157806396,38.54477310180664,1000.5631103515625,25.799053192138672,50,45,12,12.0,12
418,0,nx_max_length_path_heuristic,10,10,2,12,12,1,0.0,1.0,0.0,lc_nx_heuristic_graph_0418,1.9909734725952148,41.81201171875,1169.1480712890625,4.735808372497559,50,49,12,12.0,12
419,0,nx_max_length_path_heuristic,10,10,2,12,12,2,0.0,0.0,1.0,lc_nx_heuristic_graph_0419,2.3444159030914307,26.153776168823242,1094.7606201171875,36.149723052978516,50,41,12,12.0,12
420,0,nx_max_length_path_heuristic,10,10,2,12,12,0,1.0,0.0,0.0,lc_nx_heuristic_graph_0420,2.672262191772461,30.062829971313477,1000.1431884765625,26.405588150024414,50,43,12,12.0,12
421,0,nx_max_length_path_heuristic,10,10,2,12,12,1,0.0,1.0,0.0,lc_nx_heuristic_graph_0421,3.7829933166503906,35.44844436645508,1217.3656005859375,39.005859375,50,40,12,12.0,12
422,0,nx_max_length_path_heuristic,10,10,2,12,12,2,0.0,0.0,1.0,lc_nx_heuristic_graph_0422,1.8956279754638672,35.15576171875,1440.508056640625,24.94597625732422,50,44,12,12.0,12
423,0,nx_max_length_path_heuristic,10,10,2,12,12,0,1.0,0.0,0.0,lc_nx_heuristic_graph_0423,3.8883097171783447,52.514442443847656,1306.4188232421875,45.39506530761719,50,37,12,12.0,12
424,0,nx_max_length_path_heuristic,10,10,2,12,12,1,0.0,1.0,0.0,lc_nx_heuristic_graph_0424,3.8137476444244385,25.06606101989746,1080.73779296875,20.117183685302734,50,45,12,12.0,12
425,0,nx_max_length_path_heuristic,10,10,2,12,12,2,0.0,0.0,1.0,lc_nx_heuristic_graph_0425,2.6456573009490967,32.075374603271484,942.7025146484375,39.39228057861328,50,39,12,12.0,12
426,0,nx_max_length_path_heuristic,10,10,2,12,12,0,1.0,0.0,0.0,lc_nx_heuristic_graph_0426,1.5272197723388672,32.490943908691406,1165.966796875,12.043378829956055,50,48,12,12.0,12
427,0,nx_max_length_path_heuristic,10,10,2,12,12,1,0.0,1.0,0.0,lc_nx_heuristic_graph_0427,2.9203736782073975,34.848876953125,1347.7811279296875,7.496362209320068,50,49,12,12.0,12
428,0,nx_max_length_path_heuristic,10,10,2,12,12,2,0.0,0.0,1.0,lc_nx_heuristic_graph_0428,1.1317832469940186,26.124958038330078,851.0867919921875,10.968295097351074,50,48,12,12.0,12
429,0,nx_max_length_path_heuristic,10,10,2,12,12,0,1.0,0.0,0.0,lc_nx_heuristic_graph_0429,2.511577606201172,33.69272232055664,1125.8748779296875,25.436851501464844,50,44,12,12.0,12
430,0,nx_max_length_path_heuristic,10,10,2,12,12,1,0.0,1.0,0.0,lc_nx_heuristic_graph_0430,4.0745463371276855,24.974952697753906,894.7723388671875,29.12307357788086,50,43,12,12.0,12
431,0,nx_max_length_path_heuristic,10,10,2,12,12,2,0.0,0.0,1.0,lc_nx_heuristic_graph_0431,1.1362342834472656,29.070499420166016,810.5244140625,10.827089309692383,50,48,12,12.0,12
432,0,nx_max_length_path_heuristic,10,10,2,12,12,0,1.0,0.0,0.0,lc_nx_heuristic_graph_0432,1.526819109916687,36.23270797729492,1201.2982177734375,13.54163932800293,50,48,12,12.0,12
433,0,nx_max_length_path_heuristic,10,10,2,12,12,1,0.0,1.0,0.0,lc_nx_heuristic_graph_0433,3.628390312194824,36.45960998535156,1483.27294921875,19.836933135986328,50,45,12,12.0,12
434,0,nx_max_length_path_heuristic,10,10,2,12,12,2,0.0,0.0,1.0,lc_nx_heuristic_graph_0434,1.8176854848861694,28.62034797668457,1105.76025390625,22.664714813232422,50,44,12,12.0,12
435,0,nx_max_length_path_heuristic,10,10,2,12,12,0,1.0,0.0,0.0,lc_nx_heuristic_graph_0435,3.1044325828552246,26.171581268310547,1023.0269165039062,32.77385711669922,50,41,12,12.0,12
436,0,nx_max_length_path_heuristic,10,10,2,12,12,1,0.0,1.0,0.0,lc_nx_heuristic_graph_0436,3.663189172744751,36.07735824584961,1529.9737548828125,26.843822479248047,50,45,12,12.0,12
437,0,nx_max_length_path_heuristic,10,10,2,12,12,2,0.0,0.0,1.0,lc_nx_heuristic_graph_0437,1.4590579271316528,33.32923126220703,1085.9539794921875,17.38705825805664,50,46,12,12.0,12
438,0,nx_max_length_path_heuristic,10,10,2,12,12,0,1.0,0.0,0.0,lc_nx_heuristic_graph_0438,2.2941040992736816,40.58607482910156,1150.7283935546875,23.930519104003906,50,45,12,12.0,12
439,0,nx_max_length_path_heuristic,10,10,2,12,12,1,0.0,1.0,0.0,lc_nx_heuristic_graph_0439,3.9591174125671387,32.444034576416016,1108.51123046875,34.231346130371094,50,41,12,12.0,12
440,0,nx_max_length_path_heuristic,10,10,2,12,12,2,0.0,0.0,1.0,lc_nx_heuristic_graph_0440,1.6384276151657104,27.90509605407715,1052.077880859375,21.17780876159668,50,45,12,12.0,12
441,0,nx_max_length_path_heuristic,10,10,2,12,12,0,1.0,0.0,0.0,lc_nx_heuristic_graph_0441,2.060654878616333,24.418025970458984,832.0193481445312,17.277217864990234,50,46,12,12.0,12
442,0,nx_max_length_path_heuristic,10,10,2,12,12,1,0.0,1.0,0.0,lc_nx_heuristic_graph_0442,3.607614517211914,22.882469177246094,796.2097778320312,24.7445068359375,50,44,12,12.0,12
443,0,nx_max_length_path_heuristic,10,10,2,12,12,2,0.0,0.0,1.0,lc_nx_heuristic_graph_0443,1.2769911289215088,24.98479652404785,840.9788818359375,14.211371421813965,50,47,12,12.0,12
444,0,nx_max_length_path_heuristic,10,10,2,12,12,0,1.0,0.0,0.0,lc_nx_heuristic_graph_0444,1.590763807296753,25.274433135986328,790.0576782226562,7.884610652923584,50,48,12,12.0,12
445,0,nx_max_length_path_heuristic,10,10,2,12,12,1,0.0,1.0,0.0,lc_nx_heuristic_graph_0445,3.520538806915283,35.853816986083984,1591.584228515625,15.969935417175293,50,46,12,12.0,12
446,0,nx_max_length_path_heuristic,10,10,2,12,12,2,0.0,0.0,1.0,lc_nx_heuristic_graph_0446,1.1199793815612793,34.67604446411133,1394.133056640625,9.384757995605469,50,48,12,12.0,12
447,0,nx_max_length_path_heuristic,10,10,2,12,12,0,1.0,0.0,0.0,lc_nx_heuristic_graph_0447,1.6292424201965332,38.971824645996094,1484.6629638671875,8.324666976928711,50,48,12,12.0,12
448,0,nx_max_length_path_heuristic,10,10,2,12,12,1,0.0,1.0,0.0,lc_nx_heuristic_graph_0448,1.9005622863769531,27.86170196533203,828.7307739257812,1.5893234014511108,50,50,12,12.0,12
449,0,nx_max_length_path_heuristic,10,10,2,12,12,2,0.0,0.0,1.0,lc_nx_heuristic_graph_0449,1.659221887588501,23.013797760009766,797.2537841796875,22.36521339416504,50,45,12,12.0,12
450,0,nx_max_length_path_heuristic,10,10,2,12,12,0,1.0,0.0,0.0,lc_nx_heuristic_graph_0450,2.552140951156616,34.27598190307617,1416.042724609375,24.127147674560547,50,44,12,12.0,12
451,0,nx_max_length_path_heuristic,10,10,2,12,12,1,0.0,1.0,0.0,lc_nx_heuristic_graph_0451,4.1485490798950195,35.19578552246094,1386.5084228515625,33.661869049072266,50,42,12,12.0,12
452,0,nx_max_length_path_heuristic,10,10,2,12,12,2,0.0,0.0,1.0,lc_nx_heuristic_graph_0452,1.2626456022262573,45.72800827026367,1259.25830078125,11.905704498291016,50,47,12,12.0,12
453,0,nx_max_length_path_heuristic,10,10,2,12,12,0,1.0,0.0,0.0,lc_nx_heuristic_graph_0453,2.319582462310791,36.3154411315918,1419.72900390625,20.988319396972656,50,45,12,12.0,12
454,0,nx_max_length_path_heuristic,10,10,2,12,12,1,0.0,1.0,0.0,lc_nx_heuristic_graph_0454,4.2748613357543945,28.220592498779297,1092.4525146484375,35.57827377319336,50,41,12,12.0,12
455,0,nx_max_length_path_heuristic,10,10,2,12,12,2,0.0,0.0,1.0,lc_nx_heuristic_graph_0455,2.331044912338257,40.65351867675781,1165.5992431640625,33.5955810546875,50,41,12,12.0,12
456,0,nx_max_length_path_heuristic,10,10,2,12,12,0,1.0,0.0,0.0,lc_nx_heuristic_graph_0456,2.542391538619995,28.05599021911621,1146.731201171875,25.86594009399414,50,44,12,12.0,12
457,0,nx_max_length_path_heuristic,10,10,2,12,12,1,0.0,1.0,0.0,lc_nx_heuristic_graph_0457,3.2876644134521484,36.92490768432617,1188.947509765625,25.763526916503906,50,43,12,12.0,12
458,0,nx_max_length_path_heuristic,10,10,2,12,12,2,0.0,0.0,1.0,lc_nx_heuristic_graph_0458,0.897352933883667,31.177915573120117,1023.5772094726562,11.390888214111328,50,49,12,12.0,12
459,0,nx_max_length_path_heuristic,10,10,2,12,12,0,1.0,0.0,0.0,lc_nx_heuristic_graph_0459,2.6317694187164307,40.876338958740234,1177.8878173828125,27.081256866455078,50,43,12,12.0,12
460,0,nx_max_length_path_heuristic,10,10,2,12,12,1,0.0,1.0,0.0,lc_nx_heuristic_graph_0460,4.089190483093262,31.936222076416016,1414.918212890625,23.457469940185547,50,44,12,12.0,12
461,0,nx_max_length_path_heuristic,10,10,2,12,12,2,0.0,0.0,1.0,lc_nx_heuristic_graph_0461,2.209019422531128,33.379844665527344,1178.064697265625,32.641971588134766,50,42,12,12.0,12
462,0,nx_max_length_path_heuristic,10,10,2,12,12,0,1.0,0.0,0.0,lc_nx_heuristic_graph_0462,2.1417653560638428,35.353248596191406,1168.0286865234375,19.12921905517578,50,46,12,12.0,12
463,0,nx_max_length_path_heuristic,10,10,2,12,12,1,0.0,1.0,0.0,lc_nx_heuristic_graph_0463,4.191803932189941,27.096046447753906,909.5839233398438,33.463653564453125,50,43,12,12.0,12
464,0,nx_max_length_path_heuristic,10,10,2,12,12,2,0.0,0.0,1.0,lc_nx_heuristic_graph_0464,1.4367499351501465,36.99203872680664,1176.678955078125,15.545513153076172,50,46,12,12.0,12
465,0,nx_max_length_path_heuristic,10,10,2,12,12,0,1.0,0.0,0.0,lc_nx_heuristic_graph_0465,1.6073830127716064,35.40498352050781,1430.5137939453125,11.267450332641602,50,48,12,12.0,12
466,0,nx_max_length_path_heuristic,10,10,2,12,12,1,0.0,1.0,0.0,lc_nx_heuristic_graph_0466,3.242255687713623,37.188804626464844,1457.4932861328125,8.439103126525879,50,48,12,12.0,12
467,0,nx_max_length_path_heuristic,10,10,2,12,12,2,0.0,0.0,1.0,lc_nx_heuristic_graph_0467,1.1317799091339111,40.98781967163086,1246.9744873046875,8.72225570678711,50,48,12,12.0,12
468,0,nx_max_length_path_heuristic,10,10,2,12,12,0,1.0,0.0,0.0,lc_nx_heuristic_graph_0468,1.807437777519226,35.54745101928711,1407.41015625,18.49566078186035,50,47,12,12.0,12
469,0,nx_max_length_path_heuristic,10,10,2,12,12,1,0.0,1.0,0.0,lc_nx_heuristic_graph_0469,3.6507492065429688,34.58113098144531,987.7413940429688,39.445350646972656,50,39,12,12.0,12
470,0,nx_max_length_path_heuristic,10,10,2,12,12,2,0.0,0.0,1.0,lc_nx_heuristic_graph_0470,1.449716329574585,36.35505676269531,1184.529541015625,17.236331939697266,50,46,12,12.0,12
471,0,nx_max_length_path_heuristic,10,10,2,12,12,0,1.0,0.0,0.0,lc_nx_heuristic_graph_0471,1.592368721961975,33.64601516723633,1209.765869140625,14.48677921295166,50,48,12,12.0,12
472,0,nx_max_length_path_heuristic,10,10,2,12,12,1,0.0,1.0,0.0,lc_nx_heuristic_graph_0472,3.30910325050354,29.47784996032715,1007.2431640625,19.479516983032227,50,45,12,12.0,12
473,0,nx_max_length_path_heuristic,10,10,2,12,12,2,0.0,0.0,1.0,lc_nx_heuristic_graph_0473,2.0269155502319336,32.636634826660156,1103.6920166015625,29.632598876953125,50,43,12,12.0,12
474,0,nx_max_length_path_heuristic,10,10,2,12,12,0,1.0,0.0,0.0,lc_nx_heuristic_graph_0474,1.4023220539093018,41.86359405517578,1193.021484375,10.276973724365234,50,48,12,12.0,12
475,0,nx_max_length_path_heuristic,10,10,2,12,12,1,0.0,1.0,0.0,lc_nx_heuristic_graph_0475,4.43174934387207,37.198299407958984,1454.4351806640625,32.07606887817383,50,42,12,12.0,12
476,0,nx_max_length_path_heuristic,10,10,2,12,12,2,0.0,0.0,1.0,lc_nx_heuristic_graph_0476,1.160022258758545,50.86410903930664,1501.7108154296875,32.788978576660156,50,48,12,12.0,12
477,0,nx_max_length_path_heuristic,10,10,2,12,12,0,1.0,0.0,0.0,lc_nx_heuristic_graph_0477,0.5900373458862305,29.114925384521484,1092.2569580078125,6.017354488372803,50,50,12,12.0,12
478,0,nx_max_length_path_heuristic,10,10,2,12,12,1,0.0,1.0,0.0,lc_nx_heuristic_graph_0478,2.868720293045044,25.568187713623047,761.7150268554688,13.403451919555664,50,47,12,12.0,12
479,0,nx_max_length_path_heuristic,10,10,2,12,12,2,0.0,0.0,1.0,lc_nx_heuristic_graph_0479,2.0328829288482666,30.825109481811523,980.035888671875,28.059608459472656,50,43,12,12.0,12
480,0,nx_max_length_path_heuristic,10,10,2,12,12,0,1.0,0.0,0.0,lc_nx_heuristic_graph_0480,2.526721715927124,37.13451385498047,1540.7376708984375,23.12204933166504,50,44,12,12.0,12
481,0,nx_max_length_path_heuristic,10,10,2,12,12,1,0.0,1.0,0.0,lc_nx_heuristic_graph_0481,2.5080771446228027,25.643903732299805,756.6344604492188,7.921780586242676,50,48,12,12.0,12
482,0,nx_max_length_path_heuristic,10,10,2,12,12,2,0.0,0.0,1.0,lc_nx_heuristic_graph_0482,1.1158360242843628,36.90241241455078,1457.138427734375,14.660829544067383,50,48,12,12.0,12
483,0,nx_max_length_path_heuristic,10,10,2,12,12,0,1.0,0.0,0.0,lc_nx_heuristic_graph_0483,2.092480421066284,26.042814254760742,889.712646484375,19.082277297973633,50,46,12,12.0,12
484,0,nx_max_length_path_heuristic,10,10,2,12,12,1,0.0,1.0,0.0,lc_nx_heuristic_graph_0484,3.9321765899658203,36.72611999511719,1534.0533447265625,20.784395217895508,50,45,12,12.0,12
485,0,nx_max_length_path_heuristic,10,10,2,12,12,2,0.0,0.0,1.0,lc_nx_heuristic_graph_0485,1.1002025604248047,36.721046447753906,1491.6773681640625,10.906074523925781,50,48,12,12.0,12
486,0,nx_max_length_path_heuristic,10,10,2,12,12,0,1.0,0.0,0.0,lc_nx_heuristic_graph_0486,1.6725590229034424,37.42829895019531,1124.92138671875,13.359644889831543,50,47,12,12.0,12
487,0,nx_max_length_path_heuristic,10,10,2,12,12,1,0.0,1.0,0.0,lc_nx_heuristic_graph_0487,3.093024730682373,24.966686248779297,817.835693359375,12.204022407531738,50,47,12,12.0,12
488,0,nx_max_length_path_heuristic,10,10,2,12,12,2,0.0,0.0,1.0,lc_nx_heuristic_graph_0488,1.6307003498077393,46.66543960571289,1246.3739013671875,35.05199432373047,50,45,12,12.0,12
489,0,nx_max_length_path_heuristic,10,10,2,12,12,0,1.0,0.0,0.0,lc_nx_heuristic_graph_0489,1.3156917095184326,30.496524810791016,1011.270263671875,7.965413570404053,50,49,12,12.0,12
490,0,nx_max_length_path_heuristic,10,10,2,12,12,1,0.0,1.0,0.0,lc_nx_heuristic_graph_0490,2.758122205734253,28.38225746154785,1062.2174072265625,13.10586166381836,50,47,12,12.0,12
491,0,nx_max_length_path_heuristic,10,10,2,12,12,2,0.0,0.0,1.0,lc_nx_heuristic_graph_0491,1.4543219804763794,40.26252746582031,1186.4375,18.073467254638672,50,46,12,12.0,12
492,0,nx_max_length_path_heuristic,10,10,2,12,12,0,1.0,0.0,0.0,lc_nx_heuristic_graph_0492,2.6983742713928223,38.15308380126953,1144.3004150390625,26.36159896850586,50,43,12,12.0,12
493,0,nx_max_length_path_heuristic,10,10,2,12,12,1,0.0,1.0,0.0,lc_nx_heuristic_graph_0493,3.4907193183898926,23.855939865112305,770.6813354492188,27.336105346679688,50,43,12,12.0,12
494,0,nx_max_length_path_heuristic,10,10,2,12,12,2,0.0,0.0,1.0,lc_nx_heuristic_graph_0494,1.6405409574508667,39.511512756347656,1257.1239013671875,20.483871459960938,50,45,12,12.0,12
495,0,nx_max_length_path_heuristic,10,10,2,12,12,0,1.0,0.0,0.0,lc_nx_heuristic_graph_0495,2.525913715362549,31.475671768188477,1122.54150390625,26.171958923339844,50,44,12,12.0,12
496,0,nx_max_length_path_heuristic,10,10,2,12,12,1,0.0,1.0,0.0,lc_nx_heuristic_graph_0496,3.0253546237945557,43.05411911010742,1149.077392578125,23.13920021057129,50,44,12,12.0,12
497,0,nx_max_length_path_heuristic,10,10,2,12,12,2,0.0,0.0,1.0,lc_nx_heuristic_graph_0497,1.319062352180481,25.91243553161621,844.5578002929688,18.128915786743164,50,47,12,12.0,12
498,0,nx_max_length_path_heuristic,10,10,2,12,12,0,1.0,0.0,0.0,lc_nx_heuristic_graph_0498,1.3892295360565186,27.648372650146484,878.315673828125,4.3224406242370605,50,49,12,12.0,12
499,0,nx_max_length_path_heuristic,10,10,2,12,12,1,0.0,1.0,0.0,lc_nx_heuristic_graph_0499,4.191677570343018,28.830299377441406,1120.3128662109375,34.458580017089844,50,41,12,12.0,12
500,0,nx_max_length_path_heuristic,10,10,2,12,12,2,0.0,0.0,1.0,lc_nx_heuristic_graph_0500,1.2923979759216309,35.82167434692383,1179.638916015625,12.979808807373047,50,47,12,12.0,12
501,0,nx_max_length_path_heuristic,10,10,2,12,12,0,1.0,0.0,0.0,lc_nx_heuristic_graph_0501,2.0525269508361816,29.968341827392578,1048.992431640625,21.678258895874023,50,46,12,12.0,12
502,0,nx_max_length_path_heuristic,10,10,2,12,12,1,0.0,1.0,0.0,lc_nx_heuristic_graph_0502,3.869776725769043,32.542423248291016,1050.1082763671875,39.83761978149414,50,39,12,12.0,12
503,0,nx_max_length_path_heuristic,10,10,2,12,12,2,0.0,0.0,1.0,lc_nx_heuristic_graph_0503,1.8460012674331665,35.24628448486328,1082.84423828125,24.275135040283203,50,44,12,12.0,12
504,0,nx_max_length_path_heuristic,10,10,2,12,12,0,1.0,0.0,0.0,lc_nx_heuristic_graph_0504,2.0411391258239746,35.697410583496094,1501.6234130859375,18.71356773376465,50,46,12,12.0,12
505,0,nx_max_length_path_heuristic,10,10,2,12,12,1,0.0,1.0,0.0,lc_nx_heuristic_graph_0505,3.1772117614746094,35.98356246948242,1166.681884765625,24.117929458618164,50,44,12,12.0,12
506,0,nx_max_length_path_heuristic,10,10,2,12,12,2,0.0,0.0,1.0,lc_nx_heuristic_graph_0506,2.070399045944214,26.86111831665039,774.7511596679688,25.348154067993164,50,43,12,12.0,12
507,0,nx_max_length_path_heuristic,10,10,2,12,12,0,1.0,0.0,0.0,lc_nx_heuristic_graph_0507,2.3580691814422607,25.85984992980957,872.4269409179688,21.81548500061035,50,45,12,12.0,12
508,0,nx_max_length_path_heuristic,10,10,2,12,12,1,0.0,1.0,0.0,lc_nx_heuristic_graph_0508,2.16235089302063,47.02973556518555,1066.137451171875,18.19706153869629,50,48,12,12.0,12
509,0,nx_max_length_path_heuristic,10,10,2,12,12,2,0.0,0.0,1.0,lc_nx_heuristic_graph_0509,1.8270342350006104,32.608158111572266,1107.8468017578125,25.896564483642578,50,44,12,12.0,12
510,0,nx_max_length_path_heuristic,10,10,2,12,12,0,1.0,0.0,0.0,lc_nx_heuristic_graph_0510,1.5880413055419922,34.50129699707031,1245.2655029296875,10.485602378845215,50,48,12,12.0,12
511,0,nx_max_length_path_heuristic,10,10,2,12,12,1,0.0,1.0,0.0,lc_nx_heuristic_graph_0511,3.204549789428711,34.03666687011719,1082.8917236328125,28.0975399017334,50,43,12,12.0,12
512,0,nx_max_length_path_heuristic,10,10,2,12,12,2,0.0,0.0,1.0,lc_nx_heuristic_graph_0512,1.296122431755066,25.348796844482422,909.1083374023438,14.682860374450684,50,47,12,12.0,12
513,0,nx_max_length_path_heuristic,10,10,2,12,12,0,1.0,0.0,0.0,lc_nx_heuristic_graph_0513,3.664188861846924,27.41733741760254,894.6397094726562,40.45360565185547,50,39,12,12.0,12
514,0,nx_max_length_path_heuristic,10,10,2,12,12,1,0.0,1.0,0.0,lc_nx_heuristic_graph_0514,3.075118064880371,34.960819244384766,1151.54931640625,25.825420379638672,50,45,12,12.0,12
515,0,nx_max_length_path_heuristic,10,10,2,12,12,2,0.0,0.0,1.0,lc_nx_heuristic_graph_0515,1.4718997478485107,23.951087951660156,723.4873657226562,16.943359375,50,46,12,12.0,12
516,0,nx_max_length_path_heuristic,10,10,2,12,12,0,1.0,0.0,0.0,lc_nx_heuristic_graph_0516,2.310397148132324,24.339696884155273,806.7648315429688,20.49939727783203,50,45,12,12.0,12
517,0,nx_max_length_path_heuristic,10,10,2,12,12,1,0.0,1.0,0.0,lc_nx_heuristic_graph_0517,3.078895092010498,32.3261604309082,1020.1813354492188,15.670305252075195,50,46,12,12.0,12
518,0,nx_max_length_path_heuristic,10,10,2,12,12,2,0.0,0.0,1.0,lc_nx_heuristic_graph_0518,1.6814804077148438,35.165531158447266,1120.499267578125,21.91509246826172,50,45,12,12.0,12
519,0,nx_max_length_path_heuristic,10,10,2,12,12,0,1.0,0.0,0.0,lc_nx_heuristic_graph_0519,2.4329049587249756,44.46516418457031,1297.8287353515625,24.06641960144043,50,44,12,12.0,12
520,0,nx_max_length_path_heuristic,10,10,2,12,12,1,0.0,1.0,0.0,lc_nx_heuristic_graph_0520,3.2904272079467773,23.07210922241211,831.6449584960938,17.87693977355957,50,46,12,12.0,12
521,0,nx_max_length_path_heuristic,10,10,2,12,12,2,0.0,0.0,1.0,lc_nx_heuristic_graph_0521,1.5057796239852905,31.698789596557617,1120.2445068359375,19.602493286132812,50,46,12,12.0,12
522,0,nx_max_length_path_heuristic,10,10,2,12,12,0,1.0,0.0,0.0,lc_nx_heuristic_graph_0522,3.542830228805542,44.4638671875,1262.310791015625,39.46112060546875,50,39,12,12.0,12
523,0,nx_max_length_path_heuristic,10,10,2,12,12,1,0.0,1.0,0.0,lc_nx_heuristic_graph_0523,3.40326189994812,30.719242095947266,1063.7784423828125,22.454954147338867,50,44,12,12.0,12
524,0,nx_max_length_path_heuristic,10,10,2,12,12,2,0.0,0.0,1.0,lc_nx_heuristic_graph_0524,1.1408171653747559,38.59316635131836,1400.45556640625,13.776235580444336,50,48,12,12.0,12
525,0,nx_max_length_path_heuristic,10,10,2,12,12,0,1.0,0.0,0.0,lc_nx_heuristic_graph_0525,1.652463674545288,37.143775939941406,1358.6688232421875,10.90888500213623,50,48,12,12.0,12
526,0,nx_max_length_path_heuristic,10,10,2,12,12,1,0.0,1.0,0.0,lc_nx_heuristic_graph_0526,3.037938117980957,36.660770416259766,1133.292236328125,27.4453067779541,50,43,12,12.0,12
527,0,nx_max_length_path_heuristic,10,10,2,12,12,2,0.0,0.0,1.0,lc_nx_heuristic_graph_0527,1.526055097579956,37.55136489868164,1015.4147338867188,23.569622039794922,50,46,12,12.0,12
528,0,nx_max_length_path_heuristic,10,10,2,12,12,0,1.0,0.0,0.0,lc_nx_heuristic_graph_0528,2.4025607109069824,38.998470306396484,1230.80078125,23.28857421875,50,44,12,12.0,12
529,0,nx_max_length_path_heuristic,10,10,2,12,12,1,0.0,1.0,0.0,lc_nx_heuristic_graph_0529,3.5509674549102783,34.33491897583008,1164.341064453125,22.60519027709961,50,44,12,12.0,12
530,0,nx_max_length_path_heuristic,10,10,2,12,12,2,0.0,0.0,1.0,lc_nx_heuristic_graph_0530,2.487729072570801,29.762880325317383,1188.4908447265625,34.99892044067383,50,40,12,12.0,12
531,0,nx_max_length_path_heuristic,10,10,2,12,12,0,1.0,0.0,0.0,lc_nx_heuristic_graph_0531,2.013394355773926,33.50236129760742,1528.4085693359375,20.760339736938477,50,46,12,12.0,12
532,0,nx_max_length_path_heuristic,10,10,2,12,12,1,0.0,1.0,0.0,lc_nx_heuristic_graph_0532,3.7824504375457764,33.173683166503906,1049.038818359375,39.888877868652344,50,39,12,12.0,12
533,0,nx_max_length_path_heuristic,10,10,2,12,12,2,0.0,0.0,1.0,lc_nx_heuristic_graph_0533,2.3550755977630615,32.76416015625,1467.1981201171875,35.997432708740234,50,41,12,12.0,12
534,0,nx_max_length_path_heuristic,10,10,2,12,12,0,1.0,0.0,0.0,lc_nx_heuristic_graph_0534,1.8176450729370117,37.37022018432617,1568.12451171875,13.879585266113281,50,47,12,12.0,12
535,0,nx_max_length_path_heuristic,10,10,2,12,12,1,0.0,1.0,0.0,lc_nx_heuristic_graph_0535,3.684891939163208,32.00834655761719,1096.841552734375,29.47644805908203,50,42,12,12.0,12
536,0,nx_max_length_path_heuristic,10,10,2,12,12,2,0.0,0.0,1.0,lc_nx_heuristic_graph_0536,1.3224048614501953,26.206544876098633,671.2293701171875,13.899989128112793,50,47,12,12.0,12
537,0,nx_max_length_path_heuristic,10,10,2,12,12,0,1.0,0.0,0.0,lc_nx_heuristic_graph_0537,1.4749596118927002,38.91588592529297,1234.63330078125,8.082743644714355,50,48,12,12.0,12
538,0,nx_max_length_path_heuristic,10,10,2,12,12,1,0.0,1.0,0.0,lc_nx_heuristic_graph_0538,3.071986198425293,38.845497131347656,1544.1983642578125,9.634195327758789,50,49,12,12.0,12
539,0,nx_max_length_path_heuristic,10,10,2,12,12,2,0.0,0.0,1.0,lc_nx_heuristic_graph_0539,1.32033109664917,28.867286682128906,1060.822509765625,13.380077362060547,50,47,12,12.0,12
540,0,nx_max_length_path_heuristic,10,10,2,12,12,0,1.0,0.0,0.0,lc_nx_heuristic_graph_0540,3.608455181121826,27.5809326171875,1107.3504638671875,42.9390983581543,50,39,12,12.0,12
541,0,nx_max_length_path_heuristic,10,10,2,12,12,1,0.0,1.0,0.0,lc_nx_heuristic_graph_0541,2.576930046081543,29.994720458984375,1032.082763671875,13.750226974487305,50,47,12,12.0,12
542,0,nx_max_length_path_heuristic,10,10,2,12,12,2,0.0,0.0,1.0,lc_nx_heuristic_graph_0542,2.6274983882904053,29.002880096435547,1082.666748046875,39.26243209838867,50,39,12,12.0,12
543,0,nx_max_length_path_heuristic,10,10,2,12,12,0,1.0,0.0,0.0,lc_nx_heuristic_graph_0543,2.6700439453125,34.018409729003906,1189.2899169921875,26.144132614135742,50,43,12,12.0,12
544,0,nx_max_length_path_heuristic,10,10,2,12,12,1,0.0,1.0,0.0,lc_nx_heuristic_graph_0544,3.1176047325134277,29.113149642944336,1060.03759765625,15.129687309265137,50,46,12,12.0,12
545,0,nx_max_length_path_heuristic,10,10,2,12,12,2,0.0,0.0,1.0,lc_nx_heuristic_graph_0545,1.792069911956787,37.48591995239258,1228.80078125,23.32045555114746,50,44,12,12.0,12
546,0,nx_max_length_path_heuristic,10,10,2,12,12,0,1.0,0.0,0.0,lc_nx_heuristic_graph_0546,1.9967761039733887,40.70825958251953,1244.0494384765625,18.746829986572266,50,46,12,12.0,12
547,0,nx_max_length_path_heuristic,10,10,2,12,12,1,0.0,1.0,0.0,lc_nx_heuristic_graph_0547,3.8410539627075195,29.7310848236084,1101.1436767578125,20.901653289794922,50,45,12,12.0,12
548,0,nx_max_length_path_heuristic,10,10,2,12,12,2,0.0,0.0,1.0,lc_nx_heuristic_graph_0548,2.2290778160095215,28.57086753845215,1132.0711669921875,30.458810806274414,50,42,12,12.0,12
549,0,nx_max_length_path_heuristic,10,10,2,12,12,0,1.0,0.0,0.0,lc_nx_heuristic_graph_0549,1.7535107135772705,30.664642333984375,1029.9609375,15.123690605163574,50,47,12,12.0,12
550,0,nx_max_length_path_heuristic,10,10,2,12,12,1,0.0,1.0,0.0,lc_nx_heuristic_graph_0550,3.4164485931396484,38.74173355102539,1303.936767578125,25.980249404907227,50,43,12,12.0,12
551,0,nx_max_length_path_heuristic,10,10,2,12,12,2,0.0,0.0,1.0,lc_nx_heuristic_graph_0551,0.9440282583236694,26.34051513671875,886.734619140625,6.730007171630859,50,49,12,12.0,12
552,0,nx_max_length_path_heuristic,10,10,2,12,12,0,1.0,0.0,0.0,lc_nx_heuristic_graph_0552,2.7492733001708984,33.78269958496094,1229.984130859375,28.046205520629883,50,43,12,12.0,12
553,0,nx_max_length_path_heuristic,10,10,2,12,12,1,0.0,1.0,0.0,lc_nx_heuristic_graph_0553,3.968873977661133,34.35197067260742,1397.451416015625,26.930564880371094,50,44,12,12.0,12
554,0,nx_max_length_path_heuristic,10,10,2,12,12,2,0.0,0.0,1.0,lc_nx_heuristic_graph_0554,2.392000436782837,35.57215118408203,1164.35400390625,32.87964630126953,50,41,12,12.0,12
555,0,nx_max_length_path_heuristic,10,10,2,12,12,0,1.0,0.0,0.0,lc_nx_heuristic_graph_0555,2.733705997467041,31.97544288635254,1045.3541259765625,26.939001083374023,50,43,12,12.0,12
556,0,nx_max_length_path_heuristic,10,10,2,12,12,1,0.0,1.0,0.0,lc_nx_heuristic_graph_0556,4.219331741333008,34.42341613769531,1165.3294677734375,52.25623321533203,50,35,12,12.0,12
557,0,nx_max_length_path_heuristic,10,10,2,12,12,2,0.0,0.0,1.0,lc_nx_heuristic_graph_0557,1.302027702331543,38.38542556762695,1543.5164794921875,13.617473602294922,50,47,12,12.0,12
558,0,nx_max_length_path_heuristic,10,10,2,12,12,0,1.0,0.0,0.0,lc_nx_heuristic_graph_0558,1.8491716384887695,26.97134780883789,862.75,12.887372016906738,50,47,12,12.0,12
559,0,nx_max_length_path_heuristic,10,10,2,12,12,1,0.0,1.0,0.0,lc_nx_heuristic_graph_0559,2.8030004501342773,42.31443786621094,1184.2845458984375,24.784488677978516,50,44,12,12.0,12
560,0,nx_max_length_path_heuristic,10,10,2,12,12,2,0.0,0.0,1.0,lc_nx_heuristic_graph_0560,1.628051996231079,33.59925842285156,1152.376708984375,22.1077880859375,50,45,12,12.0,12
561,0,nx_max_length_path_heuristic,10,10,2,12,12,0,1.0,0.0,0.0,lc_nx_heuristic_graph_0561,2.0043158531188965,41.92631530761719,1088.5364990234375,17.902807235717773,50,46,12,12.0,12
562,0,nx_max_length_path_heuristic,10,10,2,12,12,1,0.0,1.0,0.0,lc_nx_heuristic_graph_0562,3.8776447772979736,29.092620849609375,1067.530517578125,20.861806869506836,50,45,12,12.0,12
563,0,nx_max_length_path_heuristic,10,10,2,12,12,2,0.0,0.0,1.0,lc_nx_heuristic_graph_0563,2.1459665298461914,48.17718505859375,1119.542724609375,29.711883544921875,50,42,12,12.0,12
564,0,nx_max_length_path_heuristic,10,10,2,12,12,0,1.0,0.0,0.0,lc_nx_heuristic_graph_0564,1.724233865737915,38.337467193603516,1147.853271484375,13.659407615661621,50,47,12,12.0,12
565,0,nx_max_length_path_heuristic,10,10,2,12,12,1,0.0,1.0,0.0,lc_nx_heuristic_graph_0565,3.0123558044433594,30.42693519592285,1044.308837890625,18.717491149902344,50,45,12,12.0,12
566,0,nx_max_length_path_heuristic,10,10,2,12,12,2,0.0,0.0,1.0,lc_nx_heuristic_graph_0566,0.1854541301727295,32.16280746459961,1083.46630859375,11.699379920959473,50,50,12,12.0,12
567,0,nx_max_length_path_heuristic,10,10,2,12,12,0,1.0,0.0,0.0,lc_nx_heuristic_graph_0567,1.9615041017532349,30.87373161315918,1178.5128173828125,13.75063705444336,50,47,12,12.0,12
568,0,nx_max_length_path_heuristic,10,10,2,12,12,1,0.0,1.0,0.0,lc_nx_heuristic_graph_0568,3.5923924446105957,37.87771224975586,1424.3363037109375,20.97871971130371,50,46,12,12.0,12
569,0,nx_max_length_path_heuristic,10,10,2,12,12,2,0.0,0.0,1.0,lc_nx_heuristic_graph_0569,2.193809986114502,34.307247161865234,1421.9447021484375,30.673126220703125,50,42,12,12.0,12
570,0,nx_max_length_path_heuristic,10,10,2,12,12,0,1.0,0.0,0.0,lc_nx_heuristic_graph_0570,2.670302391052246,28.723628997802734,1145.34765625,26.636310577392578,50,43,12,12.0,12
571,0,nx_max_length_path_heuristic,10,10,2,12,12,1,0.0,1.0,0.0,lc_nx_heuristic_graph_0571,3.758253335952759,37.253944396972656,1478.6348876953125,26.86542510986328,50,45,12,12.0,12
572,0,nx_max_length_path_heuristic,10,10,2,12,12,2,0.0,0.0,1.0,lc_nx_heuristic_graph_0572,1.2597335577011108,29.252763748168945,1145.49267578125,13.844412803649902,50,47,12,12.0,12
573,0,nx_max_length_path_heuristic,10,10,2,12,12,0,1.0,0.0,0.0,lc_nx_heuristic_graph_0573,2.2617807388305664,38.01814270019531,1180.1536865234375,21.480754852294922,50,45,12,12.0,12
574,0,nx_max_length_path_heuristic,10,10,2,12,12,1,0.0,1.0,0.0,lc_nx_heuristic_graph_0574,3.2140235900878906,32.48125076293945,1188.02783203125,17.153064727783203,50,47,12,12.0,12
575,0,nx_max_length_path_heuristic,10,10,2,12,12,2,0.0,0.0,1.0,lc_nx_heuristic_graph_0575,1.8291175365447998,38.76084518432617,1144.6590576171875,23.709226608276367,50,44,12,12.0,12
576,0,nx_max_length_path_heuristic,10,10,2,12,12,0,1.0,0.0,0.0,lc_nx_heuristic_graph_0576,2.049973487854004,23.74520492553711,758.5911865234375,17.044878005981445,50,46,12,12.0,12
577,0,nx_max_length_path_heuristic,10,10,2,12,12,1,0.0,1.0,0.0,lc_nx_heuristic_graph_0577,3.0640013217926025,28.815351486206055,877.9776611328125,16.908353805541992,50,46,12,12.0,12
578,0,nx_max_length_path_heuristic,10,10,2,12,12,2,0.0,0.0,1.0,lc_nx_heuristic_graph_0578,1.8604201078414917,33.94935989379883,1126.017822265625,28.39889907836914,50,44,12,12.0,12
579,0,nx_max_length_path_heuristic,10,10,2,12,12,0,1.0,0.0,0.0,lc_nx_heuristic_graph_0579,3.1454241275787354,42.6061897277832,1253.7091064453125,34.179935455322266,50,41,12,12.0,12
580,0,nx_max_length_path_heuristic,10,10,2,12,12,1,0.0,1.0,0.0,lc_nx_heuristic_graph_0580,2.0180282592773438,47.07133102416992,986.8327026367188,14.937986373901367,50,47,12,12.0,12
581,0,nx_max_length_path_heuristic,10,10,2,12,12,2,0.0,0.0,1.0,lc_nx_heuristic_graph_0581,1.1248382329940796,23.781946182250977,770.7905883789062,7.302192687988281,50,48,12,12.0,12
582,0,nx_max_length_path_heuristic,10,10,2,12,12,0,1.0,0.0,0.0,lc_nx_heuristic_graph_0582,3.4866952896118164,32.08921813964844,1297.712158203125,40.099449157714844,50,39,12,12.0,12
583,0,nx_max_length_path_heuristic,10,10,2,12,12,1,0.0,1.0,0.0,lc_nx_heuristic_graph_0583,3.088374376296997,23.80375862121582,845.4530029296875,10.749366760253906,50,48,12,12.0,12
584,0,nx_max_length_path_heuristic,10,10,2,12,12,2,0.0,0.0,1.0,lc_nx_heuristic_graph_0584,1.5107247829437256,35.92860412597656,1591.9639892578125,16.70771026611328,50,46,12,12.0,12
585,0,nx_max_length_path_heuristic,10,10,2,12,12,0,1.0,0.0,0.0,lc_nx_heuristic_graph_0585,3.095130205154419,35.67629623413086,1180.890380859375,33.478904724121094,50,41,12,12.0,12
586,0,nx_max_length_path_heuristic,10,10,2,12,12,1,0.0,1.0,0.0,lc_nx_heuristic_graph_0586,3.1303017139434814,37.164344787597656,1451.309326171875,14.408217430114746,50,48,12,12.0,12
587,0,nx_max_length_path_heuristic,10,10,2,12,12,2,0.0,0.0,1.0,lc_nx_heuristic_graph_0587,1.837323784828186,29.12375831604004,1083.576171875,25.700176239013672,50,44,12,12.0,12
588,0,nx_max_length_path_heuristic,10,10,2,12,12,0,1.0,0.0,0.0,lc_nx_heuristic_graph_0588,3.1346921920776367,39.774253845214844,1201.088623046875,34.08461380004883,50,41,12,12.0,12
589,0,nx_max_length_path_heuristic,10,10,2,12,12,1,0.0,1.0,0.0,lc_nx_heuristic_graph_0589,3.300915241241455,24.011812210083008,808.4545288085938,24.92899513244629,50,45,12,12.0,12
590,0,nx_max_length_path_heuristic,10,10,2,12,12,2,0.0,0.0,1.0,lc_nx_heuristic_graph_0590,2.1809332370758057,33.73122787475586,1097.447509765625,30.835613250732422,50,42,12,12.0,12
591,0,nx_max_length_path_heuristic,10,10,2,12,12,0,1.0,0.0,0.0,lc_nx_heuristic_graph_0591,1.8215229511260986,26.22414207458496,872.3206787109375,14.234818458557129,50,47,12,12.0,12
592,0,nx_max_length_path_heuristic,10,10,2,12,12,1,0.0,1.0,0.0,lc_nx_heuristic_graph_0592,3.054945468902588,32.5474967956543,1034.3472900390625,18.1346435546875,50,46,12,12.0,12
593,0,nx_max_length_path_heuristic,10,10,2,12,12,2,0.0,0.0,1.0,lc_nx_heuristic_graph_0593,1.8368480205535889,43.242374420166016,1301.320556640625,22.82413101196289,50,44,12,12.0,12
594,0,nx_max_length_path_heuristic,10,10,2,12,12,0,1.0,0.0,0.0,lc_nx_heuristic_graph_0594,2.9112601280212402,36.12435531616211,1120.895263671875,30.494707107543945,50,42,12,12.0,12
595,0,nx_max_length_path_heuristic,10,10,2,12,12,1,0.0,1.0,0.0,lc_nx_heuristic_graph_0595,3.078723430633545,29.708538055419922,1148.2830810546875,15.675590515136719,50,46,12,12.0,12
596,0,nx_max_length_path_heuristic,10,10,2,12,12,2,0.0,0.0,1.0,lc_nx_heuristic_graph_0596,1.5308181047439575,28.28557586669922,1220.84765625,14.975082397460938,50,46,12,12.0,12
597,0,nx_max_length_path_heuristic,10,10,2,12,12,0,1.0,0.0,0.0,lc_nx_heuristic_graph_0597,2.90639066696167,37.57341766357422,1228.8046875,30.378585815429688,50,42,12,12.0,12
598,0,nx_max_length_path_heuristic,10,10,2,12,12,1,0.0,1.0,0.0,lc_nx_heuristic_graph_0598,4.611090660095215,21.567136764526367,828.4885864257812,40.058685302734375,50,39,12,12.0,12
599,0,nx_max_length_path_heuristic,10,10,2,12,12,2,0.0,0.0,1.0,lc_nx_heuristic_graph_0599,0.8945873975753784,37.88634490966797,1177.514404296875,6.566189289093018,50,49,12,12.0,12
600,0,nx_max_length_path_heuristic,10,10,2,12,12,0,1.0,0.0,0.0,lc_nx_heuristic_graph_0600,2.736135959625244,29.51176643371582,1206.1898193359375,27.00958251953125,50,43,12,12.0,12
601,0,nx_max_length_path_heuristic,10,10,2,12,12,1,0.0,1.0,0.0,lc_nx_heuristic_graph_0601,3.8651132583618164,30.379323959350586,1266.33251953125,21.227764129638672,50,46,12,12.0,12
602,0,nx_max_length_path_heuristic,10,10,2,12,12,2,0.0,0.0,1.0,lc_nx_heuristic_graph_0602,1.8250620365142822,33.274295806884766,1148.353515625,24.22692108154297,50,44,12,12.0,12
603,0,nx_max_length_path_heuristic,10,10,2,12,12,0,1.0,0.0,0.0,lc_nx_heuristic_graph_0603,2.2797300815582275,35.81912612915039,1167.0841064453125,23.322158813476562,50,45,12,12.0,12
604,0,nx_max_length_path_heuristic,10,10,2,12,12,1,0.0,1.0,0.0,lc_nx_heuristic_graph_0604,3.5969133377075195,36.10645294189453,1373.5833740234375,18.540678024291992,50,46,12,12.0,12
605,0,nx_max_length_path_heuristic,10,10,2,12,12,2,0.0,0.0,1.0,lc_nx_heuristic_graph_0605,1.8199794292449951,32.51316452026367,1023.6253662109375,25.803241729736328,50,44,12,12.0,12
606,0,nx_max_length_path_heuristic,10,10,2,12,12,0,1.0,0.0,0.0,lc_nx_heuristic_graph_0606,2.3329293727874756,33.23198318481445,1044.4013671875,22.22629737854004,50,45,12,12.0,12
607,0,nx_max_length_path_heuristic,10,10,2,12,12,1,0.0,1.0,0.0,lc_nx_heuristic_graph_0607,3.2550160884857178,30.073719024658203,1042.6080322265625,23.51972770690918,50,44,12,12.0,12
608,0,nx_max_length_path_heuristic,10,10,2,12,12,2,0.0,0.0,1.0,lc_nx_heuristic_graph_0608,0.8917975425720215,36.79454803466797,1115.4017333984375,11.046398162841797,50,49,12,12.0,12
609,0,nx_max_length_path_heuristic,10,10,2,12,12,0,1.0,0.0,0.0,lc_nx_heuristic_graph_0609,2.9898738861083984,28.981712341308594,1211.0167236328125,30.831157684326172,50,42,12,12.0,12
610,0,nx_max_length_path_heuristic,10,10,2,12,12,1,0.0,1.0,0.0,lc_nx_heuristic_graph_0610,3.6872410774230957,37.06640625,1208.627197265625,36.098175048828125,50,40,12,12.0,12
611,0,nx_max_length_path_heuristic,10,10,2,12,12,2,0.0,0.0,1.0,lc_nx_heuristic_graph_0611,1.222536563873291,34.33595657348633,823.2913208007812,14.872780799865723,50,48,12,12.0,12
612,0,nx_max_length_path_heuristic,10,10,2,12,12,0,1.0,0.0,0.0,lc_nx_heuristic_graph_0612,1.708254098892212,32.04208755493164,1090.2911376953125,11.068687438964844,50,48,12,12.0,12
613,0,nx_max_length_path_heuristic,10,10,2,12,12,1,0.0,1.0,0.0,lc_nx_heuristic_graph_0613,2.039322853088379,44.9206657409668,1092.6707763671875,16.070234298706055,50,48,12,12.0,12
614,0,nx_max_length_path_heuristic,10,10,2,12,12,2,0.0,0.0,1.0,lc_nx_heuristic_graph_0614,2.3253936767578125,32.84624481201172,1078.909912109375,34.036380767822266,50,41,12,12.0,12
615,0,nx_max_length_path_heuristic,10,10,2,12,12,0,1.0,0.0,0.0,lc_nx_heuristic_graph_0615,2.737748384475708,42.35498809814453,1252.4742431640625,31.08698081970215,50,43,12,12.0,12
616,0,nx_max_length_path_heuristic,10,10,2,12,12,1,0.0,1.0,0.0,lc_nx_heuristic_graph_0616,2.6017508506774902,42.911128997802734,1160.255859375,17.46278190612793,50,46,12,12.0,12
617,0,nx_max_length_path_heuristic,10,10,2,12,12,2,0.0,0.0,1.0,lc_nx_heuristic_graph_0617,1.1613757610321045,41.2286376953125,1392.6322021484375,20.27311897277832,50,48,12,12.0,12
618,0,nx_max_length_path_heuristic,10,10,2,12,12,0,1.0,0.0,0.0,lc_nx_heuristic_graph_0618,3.1538050174713135,33.55188751220703,1111.5220947265625,33.22772216796875,50,41,12,12.0,12
619,0,nx_max_length_path_heuristic,10,10,2,12,12,1,0.0,1.0,0.0,lc_nx_heuristic_graph_0619,2.503753185272217,39.347469329833984,1157.533447265625,12.86821174621582,50,47,12,12.0,12
620,0,nx_max_length_path_heuristic,10,10,2,12,12,2,0.0,0.0,1.0,lc_nx_heuristic_graph_0620,1.8844242095947266,29.29585075378418,1127.442138671875,25.884632110595703,50,44,12,12.0,12
621,0,nx_max_length_path_heuristic,10,10,2,12,12,0,1.0,0.0,0.0,lc_nx_heuristic_graph_0621,3.155696392059326,26.604543685913086,1180.6156005859375,34.307395935058594,50,41,12,12.0,12
622,0,nx_max_length_path_heuristic,10,10,2,12,12,1,0.0,1.0,0.0,lc_nx_heuristic_graph_0622,2.659705638885498,35.42113494873047,1171.1754150390625,12.5325288772583,50,47,12,12.0,12
623,0,nx_max_length_path_heuristic,10,10,2,12,12,2,0.0,0.0,1.0,lc_nx_heuristic_graph_0623,1.8222955465316772,33.15416717529297,1126.1016845703125,24.01358985900879,50,44,12,12.0,12
624,0,nx_max_length_path_heuristic,10,10,2,12,12,0,1.0,0.0,0.0,lc_nx_heuristic_graph_0624,1.271261215209961,37.67219161987305,1256.19677734375,10.016528129577637,50,49,12,12.0,12
625,0,nx_max_length_path_heuristic,10,10,2,12,12,1,0.0,1.0,0.0,lc_nx_heuristic_graph_0625,3.955223798751831,33.222496032714844,1134.9818115234375,40.72789001464844,50,39,12,12.0,12
626,0,nx_max_length_path_heuristic,10,10,2,12,12,2,0.0,0.0,1.0,lc_nx_heuristic_graph_0626,0.9140809774398804,27.182701110839844,814.8145751953125,10.774944305419922,50,49,12,12.0,12
627,0,nx_max_length_path_heuristic,10,10,2,12,12,0,1.0,0.0,0.0,lc_nx_heuristic_graph_0627,1.6705882549285889,32.900169372558594,1142.91015625,15.819244384765625,50,48,12,12.0,12
628,0,nx_max_length_path_heuristic,10,10,2,12,12,1,0.0,1.0,0.0,lc_nx_heuristic_graph_0628,3.3107852935791016,38.12801742553711,1572.116455078125,17.786319732666016,50,47,12,12.0,12
629,0,nx_max_length_path_heuristic,10,10,2,12,12,2,0.0,0.0,1.0,lc_nx_heuristic_graph_0629,2.044329881668091,34.61180877685547,1405.2916259765625,27.01030731201172,50,43,12,12.0,12
630,0,nx_max_length_path_heuristic,10,10,2,12,12,0,1.0,0.0,0.0,lc_nx_heuristic_graph_0630,2.518576145172119,22.25699234008789,742.0765991210938,24.922954559326172,50,44,12,12.0,12
631,0,nx_max_length_path_heuristic,10,10,2,12,12,1,0.0,1.0,0.0,lc_nx_heuristic_graph_0631,2.942038059234619,35.88641357421875,1140.06396484375,22.481081008911133,50,46,12,12.0,12
632,0,nx_max_length_path_heuristic,10,10,2,12,12,2,0.0,0.0,1.0,lc_nx_heuristic_graph_0632,1.6737679243087769,25.480051040649414,840.883056640625,19.352832794189453,50,45,12,12.0,12
633,0,nx_max_length_path_heuristic,10,10,2,12,12,0,1.0,0.0,0.0,lc_nx_heuristic_graph_0633,1.5762455463409424,31.918987274169922,1161.73486328125,17.427125930786133,50,48,12,12.0,12
634,0,nx_max_length_path_heuristic,10,10,2,12,12,1,0.0,1.0,0.0,lc_nx_heuristic_graph_0634,3.5466437339782715,45.21485900878906,1077.916259765625,38.434425354003906,50,39,12,12.0,12
635,0,nx_max_length_path_heuristic,10,10,2,12,12,2,0.0,0.0,1.0,lc_nx_heuristic_graph_0635,1.4906959533691406,31.030364990234375,1083.6962890625,16.096372604370117,50,46,12,12.0,12
636,0,nx_max_length_path_heuristic,10,10,2,12,12,0,1.0,0.0,0.0,lc_nx_heuristic_graph_0636,2.301992416381836,49.38359451293945,1290.84765625,19.925390243530273,50,45,12,12.0,12
637,0,nx_max_length_path_heuristic,10,10,2,12,12,1,0.0,1.0,0.0,lc_nx_heuristic_graph_0637,3.236819267272949,38.58682632446289,1474.614013671875,15.928999900817871,50,47,12,12.0,12
638,0,nx_max_length_path_heuristic,10,10,2,12,12,2,0.0,0.0,1.0,lc_nx_heuristic_graph_0638,2.3725831508636475,33.20004653930664,1167.0816650390625,32.936649322509766,50,41,12,12.0,12
639,0,nx_max_length_path_heuristic,10,10,2,12,12,0,1.0,0.0,0.0,lc_nx_heuristic_graph_0639,1.7206625938415527,34.067718505859375,1124.495361328125,12.547464370727539,50,47,12,12.0,12
640,0,nx_max_length_path_heuristic,10,10,2,12,12,1,0.0,1.0,0.0,lc_nx_heuristic_graph_0640,3.5225558280944824,32.51789474487305,1144.776611328125,24.558536529541016,50,44,12,12.0,12
641,0,nx_max_length_path_heuristic,10,10,2,12,12,2,0.0,0.0,1.0,lc_nx_heuristic_graph_0641,1.4725500345230103,30.846250534057617,1068.4534912109375,19.323007583618164,50,46,12,12.0,12
642,0,nx_max_length_path_heuristic,10,10,2,12,12,0,1.0,0.0,0.0,lc_nx_heuristic_graph_0642,2.9062182903289795,34.989200592041016,1139.2371826171875,31.24456787109375,50,42,12,12.0,12
643,0,nx_max_length_path_heuristic,10,10,2,12,12,1,0.0,1.0,0.0,lc_nx_heuristic_graph_0643,3.4437060356140137,36.28950119018555,1355.7191162109375,22.033946990966797,50,47,12,12.0,12
644,0,nx_max_length_path_heuristic,10,10,2,12,12,2,0.0,0.0,1.0,lc_nx_heuristic_graph_0644,2.233267068862915,28.367780685424805,844.1719970703125,34.83622360229492,50,42,12,12.0,12
645,0,nx_max_length_path_heuristic,10,10,2,12,12,0,1.0,0.0,0.0,lc_nx_heuristic_graph_0645,3.093702554702759,36.494510650634766,1216.9378662109375,32.629249572753906,50,41,12,12.0,12
646,0,nx_max_length_path_heuristic,10,10,2,12,12,1,0.0,1.0,0.0,lc_nx_heuristic_graph_0646,3.463789463043213,36.54876708984375,1401.32080078125,21.20286750793457,50,48,12,12.0,12
647,0,nx_max_length_path_heuristic,10,10,2,12,12,2,0.0,0.0,1.0,lc_nx_heuristic_graph_0647,1.9877618551254272,36.752784729003906,1142.3565673828125,27.541568756103516,50,43,12,12.0,12
648,0,nx_max_length_path_heuristic,10,10,2,12,12,0,1.0,0.0,0.0,lc_nx_heuristic_graph_0648,2.104187250137329,36.54304885864258,1174.75390625,21.23756217956543,50,46,12,12.0,12
649,0,nx_max_length_path_heuristic,10,10,2,12,12,1,0.0,1.0,0.0,lc_nx_heuristic_graph_0649,3.5380136966705322,33.389034271240234,1171.4178466796875,27.327198028564453,50,43,12,12.0,12
650,0,nx_max_length_path_heuristic,10,10,2,12,12,2,0.0,0.0,1.0,lc_nx_heuristic_graph_0650,1.8137710094451904,41.19059753417969,1174.1976318359375,29.153976440429688,50,44,12,12.0,12
651,0,nx_max_length_path_heuristic,10,10,2,12,12,0,1.0,0.0,0.0,lc_nx_heuristic_graph_0651,2.884491443634033,34.22777557373047,1173.04052734375,29.826583862304688,50,42,12,12.0,12
652,0,nx_max_length_path_heuristic,10,10,2,12,12,1,0.0,1.0,0.0,lc_nx_heuristic_graph_0652,3.223127841949463,37.65869140625,1231.8834228515625,26.293617248535156,50,43,12,12.0,12
653,0,nx_max_length_path_heuristic,10,10,2,12,12,2,0.0,0.0,1.0,lc_nx_heuristic_graph_0653,1.5313477516174316,36.99348449707031,1370.9173583984375,18.683143615722656,50,46,12,12.0,12
654,0,nx_max_length_path_heuristic,10,10,2,12,12,0,1.0,0.0,0.0,lc_nx_heuristic_graph_0654,1.8741756677627563,30.999420166015625,994.7657470703125,15.770035743713379,50,47,12,12.0,12
655,0,nx_max_length_path_heuristic,10,10,2,12,12,1,0.0,1.0,0.0,lc_nx_heuristic_graph_0655,4.194063663482666,34.82133483886719,1482.151611328125,33.79343032836914,50,41,12,12.0,12
656,0,nx_max_length_path_heuristic,10,10,2,12,12,2,0.0,0.0,1.0,lc_nx_heuristic_graph_0656,2.4465508460998535,31.850547790527344,1235.17041015625,37.12671661376953,50,40,12,12.0,12
657,0,nx_max_length_path_heuristic,10,10,2,12,12,0,1.0,0.0,0.0,lc_nx_heuristic_graph_0657,2.865443706512451,38.46849060058594,1168.0418701171875,30.156057357788086,50,42,12,12.0,12
658,0,nx_max_length_path_heuristic,10,10,2,12,12,1,0.0,1.0,0.0,lc_nx_heuristic_graph_0658,3.391347885131836,39.30824661254883,1072.0091552734375,33.781715393066406,50,41,12,12.0,12
659,0,nx_max_length_path_heuristic,10,10,2,12,12,2,0.0,0.0,1.0,lc_nx_heuristic_graph_0659,1.3201237916946411,29.490970611572266,1221.055419921875,14.56883430480957,50,47,12,12.0,12
660,0,nx_max_length_path_heuristic,10,10,2,12,12,0,1.0,0.0,0.0,lc_nx_heuristic_graph_0660,3.12353253364563,32.7291259765625,1083.129150390625,32.340545654296875,50,42,12,12.0,12
661,0,nx_max_length_path_heuristic,10,10,2,12,12,1,0.0,1.0,0.0,lc_nx_heuristic_graph_0661,3.1021809577941895,21.773351669311523,725.1397094726562,19.7287654876709,50,45,12,12.0,12
662,0,nx_max_length_path_heuristic,10,10,2,12,12,2,0.0,0.0,1.0,lc_nx_heuristic_graph_0662,1.139787197113037,29.719274520874023,933.1884155273438,10.95448112487793,50,48,12,12.0,12
663,0,nx_max_length_path_heuristic,10,10,2,12,12,0,1.0,0.0,0.0,lc_nx_heuristic_graph_0663,2.101141929626465,35.83591842651367,1512.10498046875,22.31267738342285,50,46,12,12.0,12
664,0,nx_max_length_path_heuristic,10,10,2,12,12,1,0.0,1.0,0.0,lc_nx_heuristic_graph_0664,3.751051664352417,35.15101623535156,1501.616943359375,22.083126068115234,50,45,12,12.0,12
665,0,nx_max_length_path_heuristic,10,10,2,12,12,2,0.0,0.0,1.0,lc_nx_heuristic_graph_0665,2.1628286838531494,41.43216323852539,1174.64453125,33.35304260253906,50,42,12,12.0,12
666,0,nx_max_length_path_heuristic,10,10,2,12,12,0,1.0,0.0,0.0,lc_nx_heuristic_graph_0666,2.0533852577209473,34.31867218017578,1386.8101806640625,18.403398513793945,50,46,12,12.0,12
667,0,nx_max_length_path_heuristic,10,10,2,12,12,1,0.0,1.0,0.0,lc_nx_heuristic_graph_0667,2.811760902404785,27.326690673828125,878.5845947265625,9.240462303161621,50,48,12,12.0,12
668,0,nx_max_length_path_heuristic,10,10,2,12,12,2,0.0,0.0,1.0,lc_nx_heuristic_graph_0668,1.4936062097549438,26.934391021728516,1013.465576171875,15.830631256103516,50,46,12,12.0,12
669,0,nx_max_length_path_heuristic,10,10,2,12,12,0,1.0,0.0,0.0,lc_nx_heuristic_graph_0669,2.290433883666992,31.47620964050293,1218.1409912109375,20.51604461669922,50,45,12,12.0,12
670,0,nx_max_length_path_heuristic,10,10,2,12,12,1,0.0,1.0,0.0,lc_nx_heuristic_graph_0670,2.7175238132476807,24.01460075378418,867.0453491210938,4.090508460998535,50,49,12,12.0,12
671,0,nx_max_length_path_heuristic,10,10,2,12,12,2,0.0,0.0,1.0,lc_nx_heuristic_graph_0671,1.4942691326141357,36.82066345214844,1557.7430419921875,19.064285278320312,50,46,12,12.0,12
672,0,nx_max_length_path_heuristic,10,10,2,12,12,0,1.0,0.0,0.0,lc_nx_heuristic_graph_0672,1.881709337234497,25.510744094848633,828.4530639648438,15.610067367553711,50,47,12,12.0,12
673,0,nx_max_length_path_heuristic,10,10,2,12,12,1,0.0,1.0,0.0,lc_nx_heuristic_graph_0673,2.916879177093506,37.46381759643555,1190.410888671875,20.576276779174805,50,45,12,12.0,12
674,0,nx_max_length_path_heuristic,10,10,2,12,12,2,0.0,0.0,1.0,lc_nx_heuristic_graph_0674,0.8848193883895874,24.600013732910156,690.5623168945312,5.2955641746521,50,49,12,12.0,12
675,0,nx_max_length_path_heuristic,10,10,2,12,12,0,1.0,0.0,0.0,lc_nx_heuristic_graph_0675,1.6872541904449463,26.82292366027832,804.068603515625,9.733494758605957,50,48,12,12.0,12
676,0,nx_max_length_path_heuristic,10,10,2,12,12,1,0.0,1.0,0.0,lc_nx_heuristic_graph_0676,3.0004067420959473,37.427738189697266,1477.06591796875,10.431145668029785,50,49,12,12.0,12
677,0,nx_max_length_path_heuristic,10,10,2,12,12,2,0.0,0.0,1.0,lc_nx_heuristic_graph_0677,1.2741284370422363,31.93710708618164,1429.7957763671875,11.745526313781738,50,47,12,12.0,12
678,0,nx_max_length_path_heuristic,10,10,2,12,12,0,1.0,0.0,0.0,lc_nx_heuristic_graph_0678,2.2547318935394287,30.935434341430664,1108.7244873046875,21.257354736328125,50,45,12,12.0,12
679,0,nx_max_length_path_heuristic,10,10,2,12,12,1,0.0,1.0,0.0,lc_nx_heuristic_graph_0679,2.07564377784729,43.43173599243164,1235.791259765625,9.547270774841309,50,49,12,12.0,12
680,0,nx_max_length_path_heuristic,10,10,2,12,12,2,0.0,0.0,1.0,lc_nx_heuristic_graph_0680,1.6820225715637207,28.806245803833008,1126.2235107421875,19.3785400390625,50,45,12,12.0,12
681,0,nx_max_length_path_heuristic,10,10,2,12,12,0,1.0,0.0,0.0,lc_nx_heuristic_graph_0681,2.577489137649536,34.622432708740234,1187.7557373046875,28.160921096801758,50,44,12,12.0,12
682,0,nx_max_length_path_heuristic,10,10,2,12,12,1,0.0,1.0,0.0,lc_nx_heuristic_graph_0682,3.032827377319336,36.884605407714844,1291.780517578125,23.10759925842285,50,44,12,12.0,12
683,0,nx_max_length_path_heuristic,10,10,2,12,12,2,0.0,0.0,1.0,lc_nx_heuristic_graph_0683,1.5024385452270508,35.70952224731445,1552.5382080078125,17.283584594726562,50,46,12,12.0,12
684,0,nx_max_length_path_heuristic,10,10,2,12,12,0,1.0,0.0,0.0,lc_nx_heuristic_graph_0684,2.5196404457092285,34.09284973144531,1479.748779296875,24.790645599365234,50,44,12,12.0,12
685,0,nx_max_length_path_heuristic,10,10,2,12,12,1,0.0,1.0,0.0,lc_nx_heuristic_graph_0685,2.97412371635437,36.00236129760742,1366.020263671875,8.528877258300781,50,49,12,12.0,12
686,0,nx_max_length_path_heuristic,10,10,2,12,12,2,0.0,0.0,1.0,lc_nx_heuristic_graph_0686,1.9003822803497314,37.58876419067383,1074.0125732421875,22.939115524291992,50,44,12,12.0,12
687,0,nx_max_length_path_heuristic,10,10,2,12,12,0,1.0,0.0,0.0,lc_nx_heuristic_graph_0687,4.283595085144043,36.70201110839844,1235.3563232421875,51.20977783203125,50,35,12,12.0,12
688,0,nx_max_length_path_heuristic,10,10,2,12,12,1,0.0,1.0,0.0,lc_nx_heuristic_graph_0688,2.463479995727539,38.65879440307617,1167.4312744140625,9.880054473876953,50,48,12,12.0,12
689,0,nx_max_length_path_heuristic,10,10,2,12,12,2,0.0,0.0,1.0,lc_nx_heuristic_graph_0689,1.4990888833999634,31.351457595825195,1148.36279296875,17.75880241394043,50,46,12,12.0,12
690,0,nx_max_length_path_heuristic,10,10,2,12,12,0,1.0,0.0,0.0,lc_nx_heuristic_graph_0690,2.903876781463623,31.98680877685547,1248.5272216796875,30.134157180786133,50,42,12,12.0,12
691,0,nx_max_length_path_heuristic,10,10,2,12,12,1,0.0,1.0,0.0,lc_nx_heuristic_graph_0691,3.1088783740997314,33.70819091796875,1076.4210205078125,19.68782615661621,50,48,12,12.0,12
692,0,nx_max_length_path_heuristic,10,10,2,12,12,2,0.0,0.0,1.0,lc_nx_heuristic_graph_0692,1.5430923700332642,30.083248138427734,1186.802734375,18.150257110595703,50,46,12,12.0,12
693,0,nx_max_length_path_heuristic,10,10,2,12,12,0,1.0,0.0,0.0,lc_nx_heuristic_graph_0693,1.9369193315505981,40.00331497192383,1122.718017578125,17.47722816467285,50,46,12,12.0,12
694,0,nx_max_length_path_heuristic,10,10,2,12,12,1,0.0,1.0,0.0,lc_nx_heuristic_graph_0694,4.521126747131348,28.38921356201172,1131.9888916015625,38.836891174316406,50,40,12,12.0,12
695,0,nx_max_length_path_heuristic,10,10,2,12,12,2,0.0,0.0,1.0,lc_nx_heuristic_graph_0695,1.9768791198730469,40.574684143066406,1248.291259765625,29.14353370666504,50,43,12,12.0,12
696,0,nx_max_length_path_heuristic,10,10,2,12,12,0,1.0,0.0,0.0,lc_nx_heuristic_graph_0696,3.3386316299438477,45.47307586669922,1253.2213134765625,37.164573669433594,50,40,12,12.0,12
697,0,nx_max_length_path_heuristic,10,10,2,12,12,1,0.0,1.0,0.0,lc_nx_heuristic_graph_0697,4.021391868591309,28.971683502197266,1126.548095703125,31.263381958007812,50,42,12,12.0,12
698,0,nx_max_length_path_heuristic,10,10,2,12,12,2,0.0,0.0,1.0,lc_nx_heuristic_graph_0698,1.3041609525680542,36.104923248291016,1541.5526123046875,13.959792137145996,50,47,12,12.0,12
699,0,nx_max_length_path_heuristic,10,10,2,12,12,0,1.0,0.0,0.0,lc_nx_heuristic_graph_0699,2.120701551437378,27.24202537536621,728.1544189453125,17.75684928894043,50,46,12,12.0,12
700,0,nx_max_length_path_heuristic,10,10,2,12,12,1,0.0,1.0,0.0,lc_nx_heuristic_graph_0700,4.013899326324463,40.5875129699707,1221.241455078125,42.770755767822266,50,38,12,12.0,12
701,0,nx_max_length_path_heuristic,10,10,2,12,12,2,0.0,0.0,1.0,lc_nx_heuristic_graph_0701,0.885555624961853,22.683122634887695,706.6270751953125,9.792503356933594,50,49,12,12.0,12
702,0,nx_max_length_path_heuristic,10,10,2,12,12,0,1.0,0.0,0.0,lc_nx_heuristic_graph_0702,1.8330714702606201,47.34421920776367,1218.3153076171875,13.883807182312012,50,47,12,12.0,12
703,0,nx_max_length_path_heuristic,10,10,2,12,12,1,0.0,1.0,0.0,lc_nx_heuristic_graph_0703,3.0820159912109375,35.320499420166016,1382.510009765625,7.191146373748779,50,49,12,12.0,12
704,0,nx_max_length_path_heuristic,10,10,2,12,12,2,0.0,0.0,1.0,lc_nx_heuristic_graph_0704,0.9048484563827515,39.723899841308594,1182.994384765625,13.062873840332031,50,49,12,12.0,12
705,0,nx_max_length_path_heuristic,10,10,2,12,12,0,1.0,0.0,0.0,lc_nx_heuristic_graph_0705,2.5605316162109375,25.83091163635254,911.7030029296875,25.888160705566406,50,44,12,12.0,12
706,0,nx_max_length_path_heuristic,10,10,2,12,12,1,0.0,1.0,0.0,lc_nx_heuristic_graph_0706,3.050903797149658,30.939579010009766,1088.5733642578125,19.350753784179688,50,45,12,12.0,12
707,0,nx_max_length_path_heuristic,10,10,2,12,12,2,0.0,0.0,1.0,lc_nx_heuristic_graph_0707,1.9980120658874512,23.791553497314453,820.990234375,28.994714736938477,50,43,12,12.0,12
708,0,nx_max_length_path_heuristic,10,10,2,12,12,0,1.0,0.0,0.0,lc_nx_heuristic_graph_0708,2.4596974849700928,23.45891571044922,848.3008422851562,22.989059448242188,50,44,12,12.0,12
709,0,nx_max_length_path_heuristic,10,10,2,12,12,1,0.0,1.0,0.0,lc_nx_heuristic_graph_0709,2.856529474258423,31.712188720703125,1101.5316162109375,13.269021987915039,50,47,12,12.0,12
710,0,nx_max_length_path_heuristic,10,10,2,12,12,2,0.0,0.0,1.0,lc_nx_heuristic_graph_0710,0.9078339338302612,24.757410049438477,822.4413452148438,5.524825096130371,50,49,12,12.0,12
711,0,nx_max_length_path_heuristic,10,10,2,12,12,0,1.0,0.0,0.0,lc_nx_heuristic_graph_0711,1.8278570175170898,25.78566551208496,931.47265625,13.695276260375977,50,47,12,12.0,12
712,0,nx_max_length_path_heuristic,10,10,2,12,12,1,0.0,1.0,0.0,lc_nx_heuristic_graph_0712,3.2942070960998535,37.11529541015625,1196.66943359375,27.663341522216797,50,43,12,12.0,12
713,0,nx_max_length_path_heuristic,10,10,2,12,12,2,0.0,0.0,1.0,lc_nx_heuristic_graph_0713,1.5019402503967285,34.0645866394043,1417.279052734375,17.88807487487793,50,46,12,12.0,12
714,0,nx_max_length_path_heuristic,10,10,2,12,12,0,1.0,0.0,0.0,lc_nx_heuristic_graph_0714,3.5210232734680176,37.604576110839844,1269.06103515625,39.510032653808594,50,39,12,12.0,12
715,0,nx_max_length_path_heuristic,10,10,2,12,12,1,0.0,1.0,0.0,lc_nx_heuristic_graph_0715,2.9390602111816406,27.317951202392578,892.1923217773438,18.595998764038086,50,48,12,12.0,12
716,0,nx_max_length_path_heuristic,10,10,2,12,12,2,0.0,0.0,1.0,lc_nx_heuristic_graph_0716,2.349264621734619,22.1431884765625,822.6151123046875,33.886112213134766,50,41,12,12.0,12
717,0,nx_max_length_path_heuristic,10,10,2,12,12,0,1.0,0.0,0.0,lc_nx_heuristic_graph_0717,2.5147433280944824,28.78976058959961,1148.8282470703125,25.434865951538086,50,44,12,12.0,12
718,0,nx_max_length_path_heuristic,10,10,2,12,12,1,0.0,1.0,0.0,lc_nx_heuristic_graph_0718,2.502021312713623,23.3557071685791,753.6250610351562,6.265625953674316,50,49,12,12.0,12
719,0,nx_max_length_path_heuristic,10,10,2,12,12,2,0.0,0.0,1.0,lc_nx_heuristic_graph_0719,1.2831664085388184,41.926368713378906,1291.1600341796875,14.12348747253418,50,47,12,12.0,12
720,0,nx_max_length_path_heuristic,10,10,2,12,12,0,1.0,0.0,0.0,lc_nx_heuristic_graph_0720,2.565491199493408,37.17009353637695,1472.710693359375,24.533889770507812,50,44,12,12.0,12
721,0,nx_max_length_path_heuristic,10,10,2,12,12,1,0.0,1.0,0.0,lc_nx_heuristic_graph_0721,3.026650905609131,34.63644790649414,904.8037109375,23.42597770690918,50,44,12,12.0,12
722,0,nx_max_length_path_heuristic,10,10,2,12,12,2,0.0,0.0,1.0,lc_nx_heuristic_graph_0722,1.3528897762298584,28.387861251831055,1143.014404296875,15.479880332946777,50,47,12,12.0,12
723,0,nx_max_length_path_heuristic,10,10,2,12,12,0,1.0,0.0,0.0,lc_nx_heuristic_graph_0723,1.9086881875991821,34.7845458984375,1077.103271484375,19.0146541595459,50,46,12,12.0,12
724,0,nx_max_length_path_heuristic,10,10,2,12,12,1,0.0,1.0,0.0,lc_nx_heuristic_graph_0724,2.879514217376709,30.356605529785156,1083.701416015625,18.93566131591797,50,46,12,12.0,12
725,0,nx_max_length_path_heuristic,10,10,2,12,12,2,0.0,0.0,1.0,lc_nx_heuristic_graph_0725,1.1287124156951904,25.039403915405273,813.605712890625,9.184011459350586,50,48,12,12.0,12
726,0,nx_max_length_path_heuristic,10,10,2,12,12,0,1.0,0.0,0.0,lc_nx_heuristic_graph_0726,2.03721284866333,21.70315933227539,763.6578369140625,16.0902156829834,50,46,12,12.0,12
727,0,nx_max_length_path_heuristic,10,10,2,12,12,1,0.0,1.0,0.0,lc_nx_heuristic_graph_0727,3.5125699043273926,38.41130828857422,1176.09130859375,30.980453491210938,50,42,12,12.0,12
728,0,nx_max_length_path_heuristic,10,10,2,12,12,2,0.0,0.0,1.0,lc_nx_heuristic_graph_0728,1.331093430519104,36.87521743774414,1573.92724609375,14.517696380615234,50,47,12,12.0,12
729,0,nx_max_length_path_heuristic,10,10,2,12,12,0,1.0,0.0,0.0,lc_nx_heuristic_graph_0729,2.9816458225250244,34.00063705444336,1135.07763671875,32.91374588012695,50,42,12,12.0,12
730,0,nx_max_length_path_heuristic,10,10,2,12,12,1,0.0,1.0,0.0,lc_nx_heuristic_graph_0730,3.1194605827331543,31.609813690185547,1166.9366455078125,12.827605247497559,50,47,12,12.0,12
731,0,nx_max_length_path_heuristic,10,10,2,12,12,2,0.0,0.0,1.0,lc_nx_heuristic_graph_0731,1.1109071969985962,32.07284164428711,1107.2113037109375,8.813389778137207,50,48,12,12.0,12
732,0,nx_max_length_path_heuristic,10,10,2,12,12,0,1.0,0.0,0.0,lc_nx_heuristic_graph_0732,3.2048282623291016,33.15626525878906,1448.42138671875,35.0655632019043,50,41,12,12.0,12
733,0,nx_max_length_path_heuristic,10,10,2,12,12,1,0.0,1.0,0.0,lc_nx_heuristic_graph_0733,3.3952455520629883,29.76922035217285,1106.2337646484375,19.54300308227539,50,47,12,12.0,12
734,0,nx_max_length_path_heuristic,10,10,2,12,12,2,0.0,0.0,1.0,lc_nx_heuristic_graph_0734,1.6471335887908936,36.082332611083984,1158.082763671875,19.24081802368164,50,45,12,12.0,12
735,0,nx_max_length_path_heuristic,10,10,2,12,12,0,1.0,0.0,0.0,lc_nx_heuristic_graph_0735,1.9370759725570679,36.40987014770508,1153.5325927734375,18.24004364013672,50,46,12,12.0,12
736,0,nx_max_length_path_heuristic,10,10,2,12,12,1,0.0,1.0,0.0,lc_nx_heuristic_graph_0736,2.6654610633850098,40.21830368041992,1263.651123046875,17.184968948364258,50,47,12,12.0,12
737,0,nx_max_length_path_heuristic,10,10,2,12,12,2,0.0,0.0,1.0,lc_nx_heuristic_graph_0737,1.4933828115463257,43.11546325683594,1297.7039794921875,16.899686813354492,50,46,12,12.0,12
738,0,nx_max_length_path_heuristic,10,10,2,12,12,0,1.0,0.0,0.0,lc_nx_heuristic_graph_0738,2.4766318798065186,38.5892219543457,1181.6441650390625,25.777664184570312,50,44,12,12.0,12
739,0,nx_max_length_path_heuristic,10,10,2,12,12,1,0.0,1.0,0.0,lc_nx_heuristic_graph_0739,3.8213558197021484,33.15538787841797,1025.127685546875,33.553741455078125,50,41,12,12.0,12
740,0,nx_max_length_path_heuristic,10,10,2,12,12,2,0.0,0.0,1.0,lc_nx_heuristic_graph_0740,1.265687108039856,41.68650436401367,1259.86572265625,14.506872177124023,50,47,12,12.0,12
741,0,nx_max_length_path_heuristic,10,10,2,12,12,0,1.0,0.0,0.0,lc_nx_heuristic_graph_0741,2.5488362312316895,37.38753890991211,1096.243408203125,22.63473129272461,50,44,12,12.0,12
742,0,nx_max_length_path_heuristic,10,10,2,12,12,1,0.0,1.0,0.0,lc_nx_heuristic_graph_0742,3.7450952529907227,38.84443283081055,1454.247314453125,26.048967361450195,50,46,12,12.0,12
743,0,nx_max_length_path_heuristic,10,10,2,12,12,2,0.0,0.0,1.0,lc_nx_heuristic_graph_0743,2.022515058517456,36.976627349853516,1490.68505859375,35.327449798583984,50,43,12,12.0,12
744,0,nx_max_length_path_heuristic,10,10,2,12,12,0,1.0,0.0,0.0,lc_nx_heuristic_graph_0744,2.199943780899048,40.083621978759766,1168.71875,26.824968338012695,50,45,12,12.0,12
745,0,nx_max_length_path_heuristic,10,10,2,12,12,1,0.0,1.0,0.0,lc_nx_heuristic_graph_0745,4.572975158691406,30.278100967407227,1200.6502685546875,60.85527420043945,50,42,12,12.0,12
746,0,nx_max_length_path_heuristic,10,10,2,12,12,2,0.0,0.0,1.0,lc_nx_heuristic_graph_0746,2.3360304832458496,35.10746383666992,1146.9659423828125,33.893714904785156,50,41,12,12.0,12
747,0,nx_max_length_path_heuristic,10,10,2,12,12,0,1.0,0.0,0.0,lc_nx_heuristic_graph_0747,1.5828795433044434,34.16939163208008,1156.9857177734375,9.70544719696045,50,48,12,12.0,12
748,0,nx_max_length_path_heuristic,10,10,2,12,12,1,0.0,1.0,0.0,lc_nx_heuristic_graph_0748,4.263418197631836,31.605777740478516,1109.166259765625,39.934078216552734,50,39,12,12.0,12
749,0,nx_max_length_path_heuristic,10,10,2,12,12,2,0.0,0.0,1.0,lc_nx_heuristic_graph_0749,1.4884161949157715,23.250118255615234,778.6837768554688,17.312755584716797,50,46,12,12.0,12
750,0,nx_max_length_path_heuristic,10,10,2,12,12,0,1.0,0.0,0.0,lc_nx_heuristic_graph_0750,2.180433988571167,36.25801467895508,1162.88720703125,19.714080810546875,50,45,12,12.0,12
751,0,nx_max_length_path_heuristic,10,10,2,12,12,1,0.0,1.0,0.0,lc_nx_heuristic_graph_0751,2.8072147369384766,30.8630428314209,973.0619506835938,16.439542770385742,50,46,12,12.0,12
752,0,nx_max_length_path_heuristic,10,10,2,12,12,2,0.0,0.0,1.0,lc_nx_heuristic_graph_0752,1.4854645729064941,39.43720626831055,1232.47802734375,16.803464889526367,50,46,12,12.0,12
753,0,nx_max_length_path_heuristic,10,10,2,12,12,0,1.0,0.0,0.0,lc_nx_heuristic_graph_0753,1.6937587261199951,38.727317810058594,1255.083740234375,11.829378128051758,50,47,12,12.0,12
754,0,nx_max_length_path_heuristic,10,10,2,12,12,1,0.0,1.0,0.0,lc_nx_heuristic_graph_0754,2.751481056213379,36.08696746826172,1267.5794677734375,16.165456771850586,50,46,12,12.0,12
755,0,nx_max_length_path_heuristic,10,10,2,12,12,2,0.0,0.0,1.0,lc_nx_heuristic_graph_0755,1.140947699546814,31.149585723876953,1118.362060546875,9.192700386047363,50,48,12,12.0,12
756,0,nx_max_length_path_heuristic,10,10,2,12,12,0,1.0,0.0,0.0,lc_nx_heuristic_graph_0756,1.6078553199768066,25.319942474365234,847.6884765625,11.821622848510742,50,48,12,12.0,12
757,0,nx_max_length_path_heuristic,10,10,2,12,12,1,0.0,1.0,0.0,lc_nx_heuristic_graph_0757,2.4370884895324707,42.771236419677734,1076.1304931640625,21.892677307128906,50,46,12,12.0,12
758,0,nx_max_length_path_heuristic,10,10,2,12,12,2,0.0,0.0,1.0,lc_nx_heuristic_graph_0758,2.499392032623291,34.44922637939453,1101.0802001953125,36.593833923339844,50,40,12,12.0,12
759,0,nx_max_length_path_heuristic,10,10,2,12,12,0,1.0,0.0,0.0,lc_nx_heuristic_graph_0759,3.185016393661499,27.066293716430664,1123.8660888671875,35.6230354309082,50,41,12,12.0,12
760,0,nx_max_length_path_heuristic,10,10,2,12,12,1,0.0,1.0,0.0,lc_nx_heuristic_graph_0760,3.4820497035980225,24.284257888793945,772.5306396484375,23.083036422729492,50,45,12,12.0,12
761,0,nx_max_length_path_heuristic,10,10,2,12,12,2,0.0,0.0,1.0,lc_nx_heuristic_graph_0761,1.8516840934753418,28.078874588012695,1168.1328125,23.977632522583008,50,44,12,12.0,12
762,0,nx_max_length_path_heuristic,10,10,2,12,12,0,1.0,0.0,0.0,lc_nx_heuristic_graph_0762,2.512744903564453,32.42378616333008,1044.7554931640625,23.756093978881836,50,44,12,12.0,12
763,0,nx_max_length_path_heuristic,10,10,2,12,12,1,0.0,1.0,0.0,lc_nx_heuristic_graph_0763,2.0333003997802734,26.721498489379883,867.4508666992188,4.233372688293457,50,50,12,12.0,12
764,0,nx_max_length_path_heuristic,10,10,2,12,12,2,0.0,0.0,1.0,lc_nx_heuristic_graph_0764,0.9404235482215881,25.15594482421875,833.5216064453125,6.474584579467773,50,49,12,12.0,12
765,0,nx_max_length_path_heuristic,10,10,2,12,12,0,1.0,0.0,0.0,lc_nx_heuristic_graph_0765,2.1958656311035156,48.94685363769531,1339.6651611328125,19.632551193237305,50,45,12,12.0,12
766,0,nx_max_length_path_heuristic,10,10,2,12,12,1,0.0,1.0,0.0,lc_nx_heuristic_graph_0766,2.9611310958862305,26.299320220947266,728.9265747070312,16.97962188720703,50,46,12,12.0,12
767,0,nx_max_length_path_heuristic,10,10,2,12,12,2,0.0,0.0,1.0,lc_nx_heuristic_graph_0767,2.38238525390625,39.25459289550781,1515.7203369140625,35.12786102294922,50,41,12,12.0,12
768,0,nx_max_length_path_heuristic,10,10,2,12,12,0,1.0,0.0,0.0,lc_nx_heuristic_graph_0768,3.361687660217285,23.54370880126953,827.2073974609375,36.620975494384766,50,40,12,12.0,12
769,0,nx_max_length_path_heuristic,10,10,2,12,12,1,0.0,1.0,0.0,lc_nx_heuristic_graph_0769,3.758978843688965,35.01910400390625,1061.85693359375,33.90705490112305,50,41,12,12.0,12
770,0,nx_max_length_path_heuristic,10,10,2,12,12,2,0.0,0.0,1.0,lc_nx_heuristic_graph_0770,0.21521300077438354,23.242034912109375,796.9660034179688,2.502438545227051,50,50,12,12.0,12
771,0,nx_max_length_path_heuristic,10,10,2,12,12,0,1.0,0.0,0.0,lc_nx_heuristic_graph_0771,4.172486305236816,46.74233627319336,1204.821533203125,48.60581970214844,50,36,12,12.0,12
772,0,nx_max_length_path_heuristic,10,10,2,12,12,1,0.0,1.0,0.0,lc_nx_heuristic_graph_0772,3.2783315181732178,38.18209457397461,1166.981201171875,31.19560432434082,50,42,12,12.0,12
773,0,nx_max_length_path_heuristic,10,10,2,12,12,2,0.0,0.0,1.0,lc_nx_heuristic_graph_0773,0.9784325957298279,32.44841003417969,1114.0997314453125,13.117417335510254,50,49,12,12.0,12
774,0,nx_max_length_path_heuristic,10,10,2,12,12,0,1.0,0.0,0.0,lc_nx_heuristic_graph_0774,1.3250517845153809,38.84755325317383,1485.034912109375,12.189088821411133,50,49,12,12.0,12
775,0,nx_max_length_path_heuristic,10,10,2,12,12,1,0.0,1.0,0.0,lc_nx_heuristic_graph_0775,3.7576706409454346,33.97612762451172,1443.2943115234375,20.5985107421875,50,45,12,12.0,12
776,0,nx_max_length_path_heuristic,10,10,2,12,12,2,0.0,0.0,1.0,lc_nx_heuristic_graph_0776,2.929901361465454,35.77412414550781,1112.6002197265625,53.051025390625,50,37,12,12.0,12
777,0,nx_max_length_path_heuristic,10,10,2,12,12,0,1.0,0.0,0.0,lc_nx_heuristic_graph_0777,3.9391839504241943,30.798831939697266,1231.51220703125,46.31514358520508,50,37,12,12.0,12
778,0,nx_max_length_path_heuristic,10,10,2,12,12,1,0.0,1.0,0.0,lc_nx_heuristic_graph_0778,2.069720506668091,27.660789489746094,881.4735717773438,2.622438430786133,50,50,12,12.0,12
779,0,nx_max_length_path_heuristic,10,10,2,12,12,2,0.0,0.0,1.0,lc_nx_heuristic_graph_0779,1.453668236732483,38.238609313964844,1249.7352294921875,16.760868072509766,50,46,12,12.0,12
780,0,nx_max_length_path_heuristic,10,10,2,12,12,0,1.0,0.0,0.0,lc_nx_heuristic_graph_0780,1.7503570318222046,45.366031646728516,1198.2615966796875,23.986371994018555,50,47,12,12.0,12
781,0,nx_max_length_path_heuristic,10,10,2,12,12,1,0.0,1.0,0.0,lc_nx_heuristic_graph_0781,2.8847758769989014,34.09089279174805,1146.680419921875,15.670511245727539,50,46,12,12.0,12
782,0,nx_max_length_path_heuristic,10,10,2,12,12,2,0.0,0.0,1.0,lc_nx_heuristic_graph_0782,1.1195448637008667,30.383325576782227,1125.0262451171875,11.68328857421875,50,48,12,12.0,12
783,0,nx_max_length_path_heuristic,10,10,2,12,12,0,1.0,0.0,0.0,lc_nx_heuristic_graph_0783,2.568767786026001,23.79034423828125,745.0299072265625,22.499094009399414,50,44,12,12.0,12
784,0,nx_max_length_path_heuristic,10,10,2,12,12,1,0.0,1.0,0.0,lc_nx_heuristic_graph_0784,3.359658718109131,32.303367614746094,1151.109619140625,21.836620330810547,50,45,12,12.0,12
785,0,nx_max_length_path_heuristic,10,10,2,12,12,2,0.0,0.0,1.0,lc_nx_heuristic_graph_0785,1.6514627933502197,29.874570846557617,1140.7452392578125,21.770214080810547,50,45,12,12.0,12
786,0,nx_max_length_path_heuristic,10,10,2,12,12,0,1.0,0.0,0.0,lc_nx_heuristic_graph_0786,3.6245357990264893,26.870849609375,1060.22021484375,39.73155212402344,50,39,12,12.0,12
787,0,nx_max_length_path_heuristic,10,10,2,12,12,1,0.0,1.0,0.0,lc_nx_heuristic_graph_0787,2.774656295776367,22.653329849243164,675.0791015625,12.241907119750977,50,47,12,12.0,12
788,0,nx_max_length_path_heuristic,10,10,2,12,12,2,0.0,0.0,1.0,lc_nx_heuristic_graph_0788,2.1883387565612793,29.89993667602539,1123.5257568359375,30.00025749206543,50,42,12,12.0,12
789,0,nx_max_length_path_heuristic,10,10,2,12,12,0,1.0,0.0,0.0,lc_nx_heuristic_graph_0789,3.892700433731079,38.3747673034668,1290.9324951171875,45.36885452270508,50,37,12,12.0,12
790,0,nx_max_length_path_heuristic,10,10,2,12,12,1,0.0,1.0,0.0,lc_nx_heuristic_graph_0790,3.375274419784546,44.60498046875,1216.789306640625,35.3231086730957,50,41,12,12.0,12
791,0,nx_max_length_path_heuristic,10,10,2,12,12,2,0.0,0.0,1.0,lc_nx_heuristic_graph_0791,1.1217137575149536,35.87709426879883,1446.948974609375,13.380098342895508,50,48,12,12.0,12
792,0,nx_max_length_path_heuristic,10,10,2,12,12,0,1.0,0.0,0.0,lc_nx_heuristic_graph_0792,2.3374128341674805,26.073705673217773,880.6445922851562,21.30109977722168,50,45,12,12.0,12
793,0,nx_max_length_path_heuristic,10,10,2,12,12,1,0.0,1.0,0.0,lc_nx_heuristic_graph_0793,3.006648540496826,28.962533950805664,1059.03564453125,16.230606079101562,50,47,12,12.0,12
794,0,nx_max_length_path_heuristic,10,10,2,12,12,2,0.0,0.0,1.0,lc_nx_heuristic_graph_0794,1.8156543970108032,40.64098358154297,1021.1277465820312,24.04480743408203,50,44,12,12.0,12
795,0,nx_max_length_path_heuristic,10,10,2,12,12,0,1.0,0.0,0.0,lc_nx_heuristic_graph_0795,1.5608723163604736,36.127689361572266,1479.265625,9.890142440795898,50,48,12,12.0,12
796,0,nx_max_length_path_heuristic,10,10,2,12,12,1,0.0,1.0,0.0,lc_nx_heuristic_graph_0796,4.046135902404785,35.50658416748047,1488.207763671875,25.57899284362793,50,43,12,12.0,12
797,0,nx_max_length_path_heuristic,10,10,2,12,12,2,0.0,0.0,1.0,lc_nx_heuristic_graph_0797,2.5066606998443604,27.471731185913086,997.6805419921875,35.409461975097656,50,40,12,12.0,12
798,0,nx_max_length_path_heuristic,10,10,2,12,12,0,1.0,0.0,0.0,lc_nx_heuristic_graph_0798,1.8503247499465942,27.977895736694336,1119.9085693359375,12.979660987854004,50,47,12,12.0,12
799,0,nx_max_length_path_heuristic,10,10,2,12,12,1,0.0,1.0,0.0,lc_nx_heuristic_graph_0799,3.7157180309295654,36.62429428100586,1562.3775634765625,23.28843116760254,50,45,12,12.0,12
800,0,nx_max_length_path_heuristic,10,10,2,12,12,2,0.0,0.0,1.0,lc_nx_heuristic_graph_0800,1.6730682849884033,25.060089111328125,857.7041015625,20.061193466186523,50,45,12,12.0,12
801,0,nx_max_length_path_heuristic,10,10,2,12,12,0,1.0,0.0,0.0,lc_nx_heuristic_graph_0801,2.9465720653533936,30.0411434173584,1227.2994384765625,33.78852462768555,50,42,12,12.0,12
802,0,nx_max_length_path_heuristic,10,10,2,12,12,1,0.0,1.0,0.0,lc_nx_heuristic_graph_0802,2.9393670558929443,41.849178314208984,1309.904541015625,23.68258285522461,50,44,12,12.0,12
803,0,nx_max_length_path_heuristic,10,10,2,12,12,2,0.0,0.0,1.0,lc_nx_heuristic_graph_0803,2.3539769649505615,34.56314468383789,1551.35107421875,33.03376007080078,50,41,12,12.0,12
804,0,nx_max_length_path_heuristic,10,10,2,12,12,0,1.0,0.0,0.0,lc_nx_heuristic_graph_0804,2.5490002632141113,33.60476303100586,1437.482421875,25.75868034362793,50,44,12,12.0,12
805,0,nx_max_length_path_heuristic,10,10,2,12,12,1,0.0,1.0,0.0,lc_nx_heuristic_graph_0805,3.8057665824890137,34.56818771362305,1197.8040771484375,29.51740264892578,50,42,12,12.0,12
806,0,nx_max_length_path_heuristic,10,10,2,12,12,2,0.0,0.0,1.0,lc_nx_heuristic_graph_0806,3.00702166557312,29.077539443969727,1144.974853515625,45.00654602050781,50,37,12,12.0,12
807,0,nx_max_length_path_heuristic,10,10,2,12,12,0,1.0,0.0,0.0,lc_nx_heuristic_graph_0807,1.4216669797897339,26.040266036987305,779.6112060546875,5.48835563659668,50,49,12,12.0,12
808,0,nx_max_length_path_heuristic,10,10,2,12,12,1,0.0,1.0,0.0,lc_nx_heuristic_graph_0808,2.693582057952881,41.74000930786133,1242.912353515625,19.08054542541504,50,46,12,12.0,12
809,0,nx_max_length_path_heuristic,10,10,2,12,12,2,0.0,0.0,1.0,lc_nx_heuristic_graph_0809,2.495659589767456,45.42992401123047,1160.5987548828125,39.57086181640625,50,40,12,12.0,12
810,0,nx_max_length_path_heuristic,10,10,2,12,12,0,1.0,0.0,0.0,lc_nx_heuristic_graph_0810,2.076139450073242,23.381805419921875,827.6315307617188,16.1614933013916,50,46,12,12.0,12
811,0,nx_max_length_path_heuristic,10,10,2,12,12,1,0.0,1.0,0.0,lc_nx_heuristic_graph_0811,3.422069549560547,30.022579193115234,1122.4908447265625,22.780345916748047,50,45,12,12.0,12
812,0,nx_max_length_path_heuristic,10,10,2,12,12,2,0.0,0.0,1.0,lc_nx_heuristic_graph_0812,2.3449532985687256,33.158687591552734,1068.228759765625,33.864173889160156,50,41,12,12.0,12
813,0,nx_max_length_path_heuristic,10,10,2,12,12,0,1.0,0.0,0.0,lc_nx_heuristic_graph_0813,2.5026888847351074,22.945369720458984,749.2619018554688,26.47653579711914,50,44,12,12.0,12
814,0,nx_max_length_path_heuristic,10,10,2,12,12,1,0.0,1.0,0.0,lc_nx_heuristic_graph_0814,3.7416677474975586,29.03591537475586,1017.4397583007812,31.012189865112305,50,42,12,12.0,12
815,0,nx_max_length_path_heuristic,10,10,2,12,12,2,0.0,0.0,1.0,lc_nx_heuristic_graph_0815,1.6697132587432861,38.032142639160156,1500.3055419921875,21.826366424560547,50,45,12,12.0,12
816,0,nx_max_length_path_heuristic,10,10,2,12,12,0,1.0,0.0,0.0,lc_nx_heuristic_graph_0816,1.9804556369781494,35.6918830871582,1483.1875,17.567127227783203,50,46,12,12.0,12
817,0,nx_max_length_path_heuristic,10,10,2,12,12,1,0.0,1.0,0.0,lc_nx_heuristic_graph_0817,4.467529296875,26.640439987182617,1273.5140380859375,32.55244064331055,50,41,12,12.0,12
818,0,nx_max_length_path_heuristic,10,10,2,12,12,2,0.0,0.0,1.0,lc_nx_heuristic_graph_0818,1.8497192859649658,33.890438079833984,1197.3189697265625,24.70723533630371,50,44,12,12.0,12
819,0,nx_max_length_path_heuristic,10,10,2,12,12,0,1.0,0.0,0.0,lc_nx_heuristic_graph_0819,2.4790196418762207,36.1029052734375,1253.2510986328125,23.370609283447266,50,44,12,12.0,12
820,0,nx_max_length_path_heuristic,10,10,2,12,12,1,0.0,1.0,0.0,lc_nx_heuristic_graph_0820,3.4927151203155518,35.87626266479492,1411.7532958984375,12.67572021484375,50,48,12,12.0,12
821,0,nx_max_length_path_heuristic,10,10,2,12,12,2,0.0,0.0,1.0,lc_nx_heuristic_graph_0821,0.22804106771945953,27.675241470336914,842.3321533203125,3.7487685680389404,50,50,12,12.0,12
822,0,nx_max_length_path_heuristic,10,10,2,12,12,0,1.0,0.0,0.0,lc_nx_heuristic_graph_0822,2.916181802749634,39.93431091308594,1193.1558837890625,31.400043487548828,50,42,12,12.0,12
823,0,nx_max_length_path_heuristic,10,10,2,12,12,1,0.0,1.0,0.0,lc_nx_heuristic_graph_0823,3.1455397605895996,24.642467498779297,753.4159545898438,16.271617889404297,50,46,12,12.0,12
824,0,nx_max_length_path_heuristic,10,10,2,12,12,2,0.0,0.0,1.0,lc_nx_heuristic_graph_0824,1.6456174850463867,34.47114181518555,1192.9947509765625,20.886075973510742,50,45,12,12.0,12
825,0,nx_max_length_path_heuristic,10,10,2,12,12,0,1.0,0.0,0.0,lc_nx_heuristic_graph_0825,1.6913046836853027,39.07588195800781,1284.005615234375,13.879837036132812,50,47,12,12.0,12
826,0,nx_max_length_path_heuristic,10,10,2,12,12,1,0.0,1.0,0.0,lc_nx_heuristic_graph_0826,3.718862771987915,25.03837013244629,844.9842529296875,28.133392333984375,50,43,12,12.0,12
827,0,nx_max_length_path_heuristic,10,10,2,12,12,2,0.0,0.0,1.0,lc_nx_heuristic_graph_0827,1.294938564300537,22.74749755859375,721.9442138671875,13.912359237670898,50,47,12,12.0,12
828,0,nx_max_length_path_heuristic,10,10,2,12,12,0,1.0,0.0,0.0,lc_nx_heuristic_graph_0828,2.2848923206329346,22.963499069213867,797.6029663085938,19.849821090698242,50,45,12,12.0,12
829,0,nx_max_length_path_heuristic,10,10,2,12,12,1,0.0,1.0,0.0,lc_nx_heuristic_graph_0829,3.742405891418457,27.56918716430664,1090.660888671875,23.562973022460938,50,44,12,12.0,12
830,0,nx_max_length_path_heuristic,10,10,2,12,12,2,0.0,0.0,1.0,lc_nx_heuristic_graph_0830,1.5055792331695557,34.1680793762207,1512.7821044921875,18.418853759765625,50,46,12,12.0,12
831,0,nx_max_length_path_heuristic,10,10,2,12,12,0,1.0,0.0,0.0,lc_nx_heuristic_graph_0831,1.6264082193374634,35.255615234375,1124.1641845703125,9.833405494689941,50,48,12,12.0,12
832,0,nx_max_length_path_heuristic,10,10,2,12,12,1,0.0,1.0,0.0,lc_nx_heuristic_graph_0832,3.312887191772461,32.962459564208984,1375.1417236328125,20.551116943359375,50,45,12,12.0,12
833,0,nx_max_length_path_heuristic,10,10,2,12,12,2,0.0,0.0,1.0,lc_nx_heuristic_graph_0833,1.9763002395629883,39.32304382324219,1159.9710693359375,27.561176300048828,50,43,12,12.0,12
834,0,nx_max_length_path_heuristic,10,10,2,12,12,0,1.0,0.0,0.0,lc_nx_heuristic_graph_0834,1.891085147857666,42.1630744934082,1590.301513671875,19.99324607849121,50,47,12,12.0,12
835,0,nx_max_length_path_heuristic,10,10,2,12,12,1,0.0,1.0,0.0,lc_nx_heuristic_graph_0835,3.2959132194519043,26.947040557861328,782.1064453125,21.510663986206055,50,46,12,12.0,12
836,0,nx_max_length_path_heuristic,10,10,2,12,12,2,0.0,0.0,1.0,lc_nx_heuristic_graph_0836,2.0558948516845703,27.113269805908203,871.9070434570312,25.68463706970215,50,43,12,12.0,12
837,0,nx_max_length_path_heuristic,10,10,2,12,12,0,1.0,0.0,0.0,lc_nx_heuristic_graph_0837,2.5498337745666504,30.212757110595703,1154.6895751953125,24.5198974609375,50,44,12,12.0,12
838,0,nx_max_length_path_heuristic,10,10,2,12,12,1,0.0,1.0,0.0,lc_nx_heuristic_graph_0838,3.3602962493896484,30.935640335083008,1084.133544921875,18.70932960510254,50,45,12,12.0,12
839,0,nx_max_length_path_heuristic,10,10,2,12,12,2,0.0,0.0,1.0,lc_nx_heuristic_graph_0839,1.6720014810562134,37.180538177490234,1542.6065673828125,20.756622314453125,50,45,12,12.0,12
840,0,nx_max_length_path_heuristic,10,10,2,12,12,0,1.0,0.0,0.0,lc_nx_heuristic_graph_0840,3.206407308578491,23.278284072875977,742.7781982421875,33.69125747680664,50,41,12,12.0,12
841,0,nx_max_length_path_heuristic,10,10,2,12,12,1,0.0,1.0,0.0,lc_nx_heuristic_graph_0841,3.3925507068634033,35.6231689453125,1199.318603515625,26.582332611083984,50,43,12,12.0,12
842,0,nx_max_length_path_heuristic,10,10,2,12,12,2,0.0,0.0,1.0,lc_nx_heuristic_graph_0842,1.285352349281311,35.95883560180664,1174.399658203125,16.336593627929688,50,47,12,12.0,12
843,0,nx_max_length_path_heuristic,10,10,2,12,12,0,1.0,0.0,0.0,lc_nx_heuristic_graph_0843,2.5445117950439453,35.285865783691406,1510.5228271484375,27.21559715270996,50,44,12,12.0,12
844,0,nx_max_length_path_heuristic,10,10,2,12,12,1,0.0,1.0,0.0,lc_nx_heuristic_graph_0844,2.5561490058898926,37.17716598510742,1130.6927490234375,17.178783416748047,50,47,12,12.0,12
845,0,nx_max_length_path_heuristic,10,10,2,12,12,2,0.0,0.0,1.0,lc_nx_heuristic_graph_0845,1.496998906135559,25.66826820373535,900.1964111328125,19.31490707397461,50,46,12,12.0,12
846,0,nx_max_length_path_heuristic,10,10,2,12,12,0,1.0,0.0,0.0,lc_nx_heuristic_graph_0846,0.5726925730705261,40.940799713134766,1241.8883056640625,2.403968095779419,50,50,12,12.0,12
847,0,nx_max_length_path_heuristic,10,10,2,12,12,1,0.0,1.0,0.0,lc_nx_heuristic_graph_0847,4.629551887512207,34.04969787597656,1474.615478515625,38.85063934326172,50,40,12,12.0,12
848,0,nx_max_length_path_heuristic,10,10,2,12,12,2,0.0,0.0,1.0,lc_nx_heuristic_graph_0848,1.6236112117767334,30.536712646484375,1059.0616455078125,20.459810256958008,50,45,12,12.0,12
849,0,nx_max_length_path_heuristic,10,10,2,12,12,0,1.0,0.0,0.0,lc_nx_heuristic_graph_0849,1.8970048427581787,27.33310890197754,894.680908203125,16.43173599243164,50,47,12,12.0,12
850,0,nx_max_length_path_heuristic,10,10,2,12,12,1,0.0,1.0,0.0,lc_nx_heuristic_graph_0850,3.0809414386749268,25.081666946411133,882.0701904296875,7.995242595672607,50,48,12,12.0,12
851,0,nx_max_length_path_heuristic,10,10,2,12,12,2,0.0,0.0,1.0,lc_nx_heuristic_graph_0851,1.1582673788070679,27.542621612548828,904.2525634765625,8.824333190917969,50,48,12,12.0,12
852,0,nx_max_length_path_heuristic,10,10,2,12,12,0,1.0,0.0,0.0,lc_nx_heuristic_graph_0852,1.6617714166641235,28.92569923400879,811.0934448242188,8.99314022064209,50,48,12,12.0,12
853,0,nx_max_length_path_heuristic,10,10,2,12,12,1,0.0,1.0,0.0,lc_nx_heuristic_graph_0853,3.6454787254333496,38.95425033569336,1533.8992919921875,25.156173706054688,50,45,12,12.0,12
854,0,nx_max_length_path_heuristic,10,10,2,12,12,2,0.0,0.0,1.0,lc_nx_heuristic_graph_0854,1.8706108331680298,33.57712173461914,1182.568115234375,24.76839828491211,50,44,12,12.0,12
855,0,nx_max_length_path_heuristic,10,10,2,12,12,0,1.0,0.0,0.0,lc_nx_heuristic_graph_0855,2.9234042167663574,34.88115692138672,1411.212158203125,31.55057716369629,50,42,12,12.0,12
856,0,nx_max_length_path_heuristic,10,10,2,12,12,1,0.0,1.0,0.0,lc_nx_heuristic_graph_0856,3.6643261909484863,30.09436798095703,1183.7430419921875,20.17188262939453,50,47,12,12.0,12
857,0,nx_max_length_path_heuristic,10,10,2,12,12,2,0.0,0.0,1.0,lc_nx_heuristic_graph_0857,2.636414051055908,34.36296844482422,1270.338623046875,40.4615478515625,50,39,12,12.0,12
858,0,nx_max_length_path_heuristic,10,10,2,12,12,0,1.0,0.0,0.0,lc_nx_heuristic_graph_0858,2.408212184906006,29.153709411621094,917.7859497070312,20.816701889038086,50,45,12,12.0,12
859,0,nx_max_length_path_heuristic,10,10,2,12,12,1,0.0,1.0,0.0,lc_nx_heuristic_graph_0859,4.096158027648926,36.28838348388672,1559.58544921875,24.251747131347656,50,44,12,12.0,12
860,0,nx_max_length_path_heuristic,10,10,2,12,12,2,0.0,0.0,1.0,lc_nx_heuristic_graph_0860,1.6831918954849243,27.162694931030273,1042.5765380859375,20.952537536621094,50,45,12,12.0,12
861,0,nx_max_length_path_heuristic,10,10,2,12,12,0,1.0,0.0,0.0,lc_nx_heuristic_graph_0861,2.062446117401123,31.85679054260254,961.7967529296875,18.245506286621094,50,46,12,12.0,12
862,0,nx_max_length_path_heuristic,10,10,2,12,12,1,0.0,1.0,0.0,lc_nx_heuristic_graph_0862,4.251377105712891,36.177001953125,1526.1087646484375,25.64132308959961,50,43,12,12.0,12
863,0,nx_max_length_path_heuristic,10,10,2,12,12,2,0.0,0.0,1.0,lc_nx_heuristic_graph_0863,2.0732061862945557,25.273052215576172,852.0977783203125,26.831850051879883,50,43,12,12.0,12
864,0,nx_max_length_path_heuristic,10,10,2,12,12,0,1.0,0.0,0.0,lc_nx_heuristic_graph_0864,2.3456056118011475,45.226707458496094,1434.315673828125,28.695831298828125,50,45,12,12.0,12
865,0,nx_max_length_path_heuristic,10,10,2,12,12,1,0.0,1.0,0.0,lc_nx_heuristic_graph_0865,3.1460354328155518,36.497928619384766,1429.4891357421875,12.310639381408691,50,49,12,12.0,12
866,0,nx_max_length_path_heuristic,10,10,2,12,12,2,0.0,0.0,1.0,lc_nx_heuristic_graph_0866,1.6365723609924316,42.24801254272461,1232.6015625,22.986560821533203,50,45,12,12.0,12
867,0,nx_max_length_path_heuristic,10,10,2,12,12,0,1.0,0.0,0.0,lc_nx_heuristic_graph_0867,1.9981600046157837,39.87647247314453,1242.3140869140625,16.16083335876465,50,46,12,12.0,12
868,0,nx_max_length_path_heuristic,10,10,2,12,12,1,0.0,1.0,0.0,lc_nx_heuristic_graph_0868,2.9791510105133057,24.51230812072754,819.9945068359375,9.31264591217041,50,48,12,12.0,12
869,0,nx_max_length_path_heuristic,10,10,2,12,12,2,0.0,0.0,1.0,lc_nx_heuristic_graph_0869,2.9529078006744385,28.206623077392578,1101.8399658203125,46.295677185058594,50,37,12,12.0,12
870,0,nx_max_length_path_heuristic,10,10,2,12,12,0,1.0,0.0,0.0,lc_nx_heuristic_graph_0870,2.7334678173065186,33.5424690246582,1113.7369384765625,27.176513671875,50,43,12,12.0,12
871,0,nx_max_length_path_heuristic,10,10,2,12,12,1,0.0,1.0,0.0,lc_nx_heuristic_graph_0871,3.8715507984161377,36.76161575317383,1059.4681396484375,27.441862106323242,50,45,12,12.0,12
872,0,nx_max_length_path_heuristic,10,10,2,12,12,2,0.0,0.0,1.0,lc_nx_heuristic_graph_0872,1.100374460220337,31.53772735595703,1155.87939453125,12.29335880279541,50,48,12,12.0,12
873,0,nx_max_length_path_heuristic,10,10,2,12,12,0,1.0,0.0,0.0,lc_nx_heuristic_graph_0873,2.92989182472229,34.536643981933594,1232.779052734375,30.906024932861328,50,42,12,12.0,12
874,0,nx_max_length_path_heuristic,10,10,2,12,12,1,0.0,1.0,0.0,lc_nx_heuristic_graph_0874,3.078639507293701,41.940670013427734,1499.676513671875,13.794546127319336,50,48,12,12.0,12
875,0,nx_max_length_path_heuristic,10,10,2,12,12,2,0.0,0.0,1.0,lc_nx_heuristic_graph_0875,1.179579496383667,33.61344909667969,1121.466064453125,12.851333618164062,50,48,12,12.0,12
876,0,nx_max_length_path_heuristic,10,10,2,12,12,0,1.0,0.0,0.0,lc_nx_heuristic_graph_0876,2.0850911140441895,28.931514739990234,1149.2464599609375,19.69681739807129,50,46,12,12.0,12
877,0,nx_max_length_path_heuristic,10,10,2,12,12,1,0.0,1.0,0.0,lc_nx_heuristic_graph_0877,4.150465488433838,32.827022552490234,1151.510498046875,46.236019134521484,50,37,12,12.0,12
878,0,nx_max_length_path_heuristic,10,10,2,12,12,2,0.0,0.0,1.0,lc_nx_heuristic_graph_0878,1.4881818294525146,32.48645782470703,1080.2418212890625,18.429780960083008,50,46,12,12.0,12
879,0,nx_max_length_path_heuristic,10,10,2,12,12,0,1.0,0.0,0.0,lc_nx_heuristic_graph_0879,2.3068273067474365,34.69792175292969,1414.5870361328125,22.045223236083984,50,45,12,12.0,12
880,0,nx_max_length_path_heuristic,10,10,2,12,12,1,0.0,1.0,0.0,lc_nx_heuristic_graph_0880,2.95851993560791,23.894773483276367,827.648193359375,12.236794471740723,50,48,12,12.0,12
881,0,nx_max_length_path_heuristic,10,10,2,12,12,2,0.0,0.0,1.0,lc_nx_heuristic_graph_0881,1.1023210287094116,23.893327713012695,830.0043334960938,8.779495239257812,50,48,12,12.0,12
882,0,nx_max_length_path_heuristic,10,10,2,12,12,0,1.0,0.0,0.0,lc_nx_heuristic_graph_0882,1.3537569046020508,40.629676818847656,1594.525390625,11.117288589477539,50,49,12,12.0,12
883,0,nx_max_length_path_heuristic,10,10,2,12,12,1,0.0,1.0,0.0,lc_nx_heuristic_graph_0883,2.4357924461364746,35.67164993286133,1081.9439697265625,11.137528419494629,50,49,12,12.0,12
884,0,nx_max_length_path_heuristic,10,10,2,12,12,2,0.0,0.0,1.0,lc_nx_heuristic_graph_0884,1.4487099647521973,29.50768280029297,1014.703857421875,17.348947525024414,50,46,12,12.0,12
885,0,nx_max_length_path_heuristic,10,10,2,12,12,0,1.0,0.0,0.0,lc_nx_heuristic_graph_0885,1.388103723526001,35.611717224121094,1435.648193359375,8.910565376281738,50,49,12,12.0,12
886,0,nx_max_length_path_heuristic,10,10,2,12,12,1,0.0,1.0,0.0,lc_nx_heuristic_graph_0886,5.039211273193359,37.60405349731445,1553.4334716796875,41.06560516357422,50,39,12,12.0,12
887,0,nx_max_length_path_heuristic,10,10,2,12,12,2,0.0,0.0,1.0,lc_nx_heuristic_graph_0887,1.9400153160095215,32.48832321166992,883.474853515625,24.579662322998047,50,44,12,12.0,12
888,0,nx_max_length_path_heuristic,10,10,2,12,12,0,1.0,0.0,0.0,lc_nx_heuristic_graph_0888,2.2619552612304688,33.27448654174805,1195.6661376953125,20.719161987304688,50,45,12,12.0,12
889,0,nx_max_length_path_heuristic,10,10,2,12,12,1,0.0,1.0,0.0,lc_nx_heuristic_graph_0889,4.364715099334717,36.476280212402344,1270.238525390625,46.781044006347656,50,37,12,12.0,12
890,0,nx_max_length_path_heuristic,10,10,2,12,12,2,0.0,0.0,1.0,lc_nx_heuristic_graph_0890,1.471811056137085,30.129039764404297,1155.843017578125,17.13730239868164,50,46,12,12.0,12
891,0,nx_max_length_path_heuristic,10,10,2,12,12,0,1.0,0.0,0.0,lc_nx_heuristic_graph_0891,2.294894218444824,36.0490837097168,1059.9747314453125,24.35222625732422,50,45,12,12.0,12
892,0,nx_max_length_path_heuristic,10,10,2,12,12,1,0.0,1.0,0.0,lc_nx_heuristic_graph_0892,3.454117774963379,30.783653259277344,1084.7711181640625,25.218231201171875,50,45,12,12.0,12
893,0,nx_max_length_path_heuristic,10,10,2,12,12,2,0.0,0.0,1.0,lc_nx_heuristic_graph_0893,1.4920201301574707,35.69036865234375,1505.3043212890625,18.093612670898438,50,46,12,12.0,12
894,0,nx_max_length_path_heuristic,10,10,2,12,12,0,1.0,0.0,0.0,lc_nx_heuristic_graph_0894,4.150816917419434,32.98731231689453,1179.3819580078125,50.78409194946289,50,36,12,12.0,12
895,0,nx_max_length_path_heuristic,10,10,2,12,12,1,0.0,1.0,0.0,lc_nx_heuristic_graph_0895,4.968610763549805,29.15154266357422,1191.545654296875,44.25596237182617,50,38,12,12.0,12
896,0,nx_max_length_path_heuristic,10,10,2,12,12,2,0.0,0.0,1.0,lc_nx_heuristic_graph_0896,1.5161138772964478,33.20210266113281,1067.49560546875,19.232040405273438,50,46,12,12.0,12
897,0,nx_max_length_path_heuristic,10,10,2,12,12,0,1.0,0.0,0.0,lc_nx_heuristic_graph_0897,2.3125791549682617,37.230003356933594,1253.48583984375,23.74346160888672,50,45,12,12.0,12
898,0,nx_max_length_path_heuristic,10,10,2,12,12,1,0.0,1.0,0.0,lc_nx_heuristic_graph_0898,3.3575897216796875,27.91286849975586,811.3938598632812,21.024599075317383,50,45,12,12.0,12
899,0,nx_max_length_path_heuristic,10,10,2,12,12,2,0.0,0.0,1.0,lc_nx_heuristic_graph_0899,1.867188811302185,37.82805633544922,1548.2130126953125,24.7669734954834,50,44,12,12.0,12
900,0,nx_max_length_path_heuristic,10,10,2,12,12,0,1.0,0.0,0.0,lc_nx_heuristic_graph_0900,2.542266845703125,37.36233139038086,1460.12939453125,24.59832191467285,50,44,12,12.0,12
901,0,nx_max_length_path_heuristic,10,10,2,12,12,1,0.0,1.0,0.0,lc_nx_heuristic_graph_0901,2.990597724914551,35.32321548461914,1389.5823974609375,4.461650848388672,50,49,12,12.0,12
902,0,nx_max_length_path_heuristic,10,10,2,12,12,2,0.0,0.0,1.0,lc_nx_heuristic_graph_0902,1.7190428972244263,37.02336883544922,1340.69580078125,20.7286434173584,50,45,12,12.0,12
903,0,nx_max_length_path_heuristic,10,10,2,12,12,0,1.0,0.0,0.0,lc_nx_heuristic_graph_0903,2.3378796577453613,24.71513557434082,872.7357177734375,28.55190658569336,50,45,12,12.0,12
904,0,nx_max_length_path_heuristic,10,10,2,12,12,1,0.0,1.0,0.0,lc_nx_heuristic_graph_0904,3.107733964920044,23.278615951538086,777.4432373046875,23.86774253845215,50,45,12,12.0,12
905,0,nx_max_length_path_heuristic,10,10,2,12,12,2,0.0,0.0,1.0,lc_nx_heuristic_graph_0905,1.8305341005325317,29.12924575805664,1044.309814453125,25.676015853881836,50,44,12,12.0,12
906,0,nx_max_length_path_heuristic,10,10,2,12,12,0,1.0,0.0,0.0,lc_nx_heuristic_graph_0906,1.9178264141082764,32.54145812988281,1176.5404052734375,16.276805877685547,50,47,12,12.0,12
907,0,nx_max_length_path_heuristic,10,10,2,12,12,1,0.0,1.0,0.0,lc_nx_heuristic_graph_0907,2.4320735931396484,40.383968353271484,1100.1134033203125,13.389388084411621,50,47,12,12.0,12
908,0,nx_max_length_path_heuristic,10,10,2,12,12,2,0.0,0.0,1.0,lc_nx_heuristic_graph_0908,2.3147385120391846,37.254024505615234,1159.175048828125,37.751163482666016,50,41,12,12.0,12
909,0,nx_max_length_path_heuristic,10,10,2,12,12,0,1.0,0.0,0.0,lc_nx_heuristic_graph_0909,2.5348806381225586,35.199886322021484,1418.06787109375,24.277612686157227,50,44,12,12.0,12
910,0,nx_max_length_path_heuristic,10,10,2,12,12,1,0.0,1.0,0.0,lc_nx_heuristic_graph_0910,3.125499725341797,37.708251953125,1411.676513671875,13.463911056518555,50,48,12,12.0,12
911,0,nx_max_length_path_heuristic,10,10,2,12,12,2,0.0,0.0,1.0,lc_nx_heuristic_graph_0911,1.8923509120941162,49.2086296081543,1197.44140625,23.276187896728516,50,44,12,12.0,12
912,0,nx_max_length_path_heuristic,10,10,2,12,12,0,1.0,0.0,0.0,lc_nx_heuristic_graph_0912,3.0692005157470703,40.30038833618164,1225.3114013671875,34.140892028808594,50,41,12,12.0,12
913,0,nx_max_length_path_heuristic,10,10,2,12,12,1,0.0,1.0,0.0,lc_nx_heuristic_graph_0913,3.4291529655456543,35.93699264526367,1538.0570068359375,10.95523452758789,50,48,12,12.0,12
914,0,nx_max_length_path_heuristic,10,10,2,12,12,2,0.0,0.0,1.0,lc_nx_heuristic_graph_0914,2.0408239364624023,34.27152633666992,1430.9840087890625,28.053125381469727,50,43,12,12.0,12
915,0,nx_max_length_path_heuristic,10,10,2,12,12,0,1.0,0.0,0.0,lc_nx_heuristic_graph_0915,1.8659942150115967,26.292043685913086,883.6490478515625,12.933837890625,50,47,12,12.0,12
916,0,nx_max_length_path_heuristic,10,10,2,12,12,1,0.0,1.0,0.0,lc_nx_heuristic_graph_0916,3.1113386154174805,25.914867401123047,893.1122436523438,14.0108060836792,50,47,12,12.0,12
917,0,nx_max_length_path_heuristic,10,10,2,12,12,2,0.0,0.0,1.0,lc_nx_heuristic_graph_0917,2.8370072841644287,32.37773513793945,1091.163330078125,42.173011779785156,50,38,12,12.0,12
918,0,nx_max_length_path_heuristic,10,10,2,12,12,0,1.0,0.0,0.0,lc_nx_heuristic_graph_0918,2.824036121368408,37.06986999511719,1022.35546875,32.73051071166992,50,42,12,12.0,12
919,0,nx_max_length_path_heuristic,10,10,2,12,12,1,0.0,1.0,0.0,lc_nx_heuristic_graph_0919,3.4544544219970703,31.326637268066406,1210.3973388671875,9.70995807647705,50,48,12,12.0,12
920,0,nx_max_length_path_heuristic,10,10,2,12,12,2,0.0,0.0,1.0,lc_nx_heuristic_graph_0920,1.8535995483398438,29.623056411743164,1144.1917724609375,26.652244567871094,50,44,12,12.0,12
921,0,nx_max_length_path_heuristic,10,10,2,12,12,0,1.0,0.0,0.0,lc_nx_heuristic_graph_0921,3.097123146057129,33.67939376831055,1123.587646484375,35.53582000732422,50,41,12,12.0,12
922,0,nx_max_length_path_heuristic,10,10,2,12,12,1,0.0,1.0,0.0,lc_nx_heuristic_graph_0922,3.4058785438537598,29.7856502532959,1006.5806884765625,19.92728614807129,50,45,12,12.0,12
923,0,nx_max_length_path_heuristic,10,10,2,12,12,2,0.0,0.0,1.0,lc_nx_heuristic_graph_0923,1.0965923070907593,40.64175033569336,1263.9678955078125,9.224723815917969,50,48,12,12.0,12
924,0,nx_max_length_path_heuristic,10,10,2,12,12,0,1.0,0.0,0.0,lc_nx_heuristic_graph_0924,2.042095184326172,30.990678787231445,1130.0123291015625,16.347078323364258,50,46,12,12.0,12
925,0,nx_max_length_path_heuristic,10,10,2,12,12,1,0.0,1.0,0.0,lc_nx_heuristic_graph_0925,4.145591735839844,30.4598388671875,1097.3648681640625,31.74997901916504,50,43,12,12.0,12
926,0,nx_max_length_path_heuristic,10,10,2,12,12,2,0.0,0.0,1.0,lc_nx_heuristic_graph_0926,2.0299713611602783,24.718904495239258,846.1399536132812,28.039854049682617,50,43,12,12.0,12
927,0,nx_max_length_path_heuristic,10,10,2,12,12,0,1.0,0.0,0.0,lc_nx_heuristic_graph_0927,3.9404726028442383,32.05279541015625,1117.5914306640625,45.75186538696289,50,37,12,12.0,12
928,0,nx_max_length_path_heuristic,10,10,2,12,12,1,0.0,1.0,0.0,lc_nx_heuristic_graph_0928,3.454092502593994,31.217721939086914,1028.9752197265625,23.365283966064453,50,44,12,12.0,12
929,0,nx_max_length_path_heuristic,10,10,2,12,12,2,0.0,0.0,1.0,lc_nx_heuristic_graph_0929,1.0971474647521973,23.227867126464844,753.2802734375,10.47896957397461,50,48,12,12.0,12
930,0,nx_max_length_path_heuristic,10,10,2,12,12,0,1.0,0.0,0.0,lc_nx_heuristic_graph_0930,2.890885591506958,31.621379852294922,1137.9781494140625,29.946470260620117,50,42,12,12.0,12
931,0,nx_max_length_path_heuristic,10,10,2,12,12,1,0.0,1.0,0.0,lc_nx_heuristic_graph_0931,3.0598220825195312,36.08399200439453,1411.0223388671875,11.473276138305664,50,49,12,12.0,12
932,0,nx_max_length_path_heuristic,10,10,2,12,12,2,0.0,0.0,1.0,lc_nx_heuristic_graph_0932,1.7011348009109497,38.463863372802734,1450.461669921875,22.351402282714844,50,45,12,12.0,12
933,0,nx_max_length_path_heuristic,10,10,2,12,12,0,1.0,0.0,0.0,lc_nx_heuristic_graph_0933,1.406891107559204,27.954126358032227,898.0265502929688,6.472607612609863,50,49,12,12.0,12
934,0,nx_max_length_path_heuristic,10,10,2,12,12,1,0.0,1.0,0.0,lc_nx_heuristic_graph_0934,3.3809213638305664,32.41547775268555,1124.7340087890625,22.18231773376465,50,45,12,12.0,12
935,0,nx_max_length_path_heuristic,10,10,2,12,12,2,0.0,0.0,1.0,lc_nx_heuristic_graph_0935,1.2857279777526855,38.37830352783203,1164.7103271484375,14.4133882522583,50,47,12,12.0,12
936,0,nx_max_length_path_heuristic,10,10,2,12,12,0,1.0,0.0,0.0,lc_nx_heuristic_graph_0936,1.6262538433074951,27.24575424194336,833.5343627929688,7.773558139801025,50,48,12,12.0,12
937,0,nx_max_length_path_heuristic,10,10,2,12,12,1,0.0,1.0,0.0,lc_nx_heuristic_graph_0937,3.8359856605529785,35.04117202758789,1089.6163330078125,42.54695129394531,50,39,12,12.0,12
938,0,nx_max_length_path_heuristic,10,10,2,12,12,2,0.0,0.0,1.0,lc_nx_heuristic_graph_0938,1.320871114730835,27.808631896972656,866.282470703125,13.918131828308105,50,47,12,12.0,12
939,0,nx_max_length_path_heuristic,10,10,2,12,12,0,1.0,0.0,0.0,lc_nx_heuristic_graph_0939,2.6174850463867188,36.426143646240234,1247.3343505859375,26.506948471069336,50,43,12,12.0,12
940,0,nx_max_length_path_heuristic,10,10,2,12,12,1,0.0,1.0,0.0,lc_nx_heuristic_graph_0940,3.8525538444519043,23.13138771057129,838.9912719726562,29.030614852905273,50,42,12,12.0,12
941,0,nx_max_length_path_heuristic,10,10,2,12,12,2,0.0,0.0,1.0,lc_nx_heuristic_graph_0941,2.14982008934021,35.36836242675781,1101.292236328125,29.135360717773438,50,42,12,12.0,12
942,0,nx_max_length_path_heuristic,10,10,2,12,12,0,1.0,0.0,0.0,lc_nx_heuristic_graph_0942,2.250472068786621,37.1396369934082,1577.440673828125,19.311925888061523,50,45,12,12.0,12
943,0,nx_max_length_path_heuristic,10,10,2,12,12,1,0.0,1.0,0.0,lc_nx_heuristic_graph_0943,3.1268582344055176,30.546594619750977,1125.5780029296875,15.698088645935059,50,47,12,12.0,12
944,0,nx_max_length_path_heuristic,10,10,2,12,12,2,0.0,0.0,1.0,lc_nx_heuristic_graph_0944,1.1368911266326904,23.71491050720215,745.4378662109375,10.560471534729004,50,48,12,12.0,12
945,0,nx_max_length_path_heuristic,10,10,2,12,12,0,1.0,0.0,0.0,lc_nx_heuristic_graph_0945,2.647145986557007,43.84536361694336,1289.4598388671875,27.767589569091797,50,43,12,12.0,12
946,0,nx_max_length_path_heuristic,10,10,2,12,12,1,0.0,1.0,0.0,lc_nx_heuristic_graph_0946,3.01588773727417,38.5605583190918,1249.804443359375,16.569841384887695,50,46,12,12.0,12
947,0,nx_max_length_path_heuristic,10,10,2,12,12,2,0.0,0.0,1.0,lc_nx_heuristic_graph_0947,2.0319831371307373,33.54619598388672,1151.975341796875,30.088298797607422,50,43,12,12.0,12
948,0,nx_max_length_path_heuristic,10,10,2,12,12,0,1.0,0.0,0.0,lc_nx_heuristic_graph_0948,1.4788050651550293,42.87124252319336,1267.270751953125,9.724628448486328,50,48,12,12.0,12
949,0,nx_max_length_path_heuristic,10,10,2,12,12,1,0.0,1.0,0.0,lc_nx_heuristic_graph_0949,2.854121208190918,37.95380783081055,1265.570556640625,17.71458625793457,50,46,12,12.0,12
950,0,nx_max_length_path_heuristic,10,10,2,12,12,2,0.0,0.0,1.0,lc_nx_heuristic_graph_0950,1.8627510070800781,58.04943084716797,1332.093994140625,27.56974983215332,50,44,12,12.0,12
951,0,nx_max_length_path_heuristic,10,10,2,12,12,0,1.0,0.0,0.0,lc_nx_heuristic_graph_0951,3.3537182807922363,34.05760192871094,1117.422119140625,37.138797760009766,50,40,12,12.0,12
952,0,nx_max_length_path_heuristic,10,10,2,12,12,1,0.0,1.0,0.0,lc_nx_heuristic_graph_0952,3.422783374786377,26.209157943725586,737.8534545898438,26.619091033935547,50,44,12,12.0,12
953,0,nx_max_length_path_heuristic,10,10,2,12,12,2,0.0,0.0,1.0,lc_nx_heuristic_graph_0953,1.9771047830581665,48.86730194091797,1132.9888916015625,28.90326690673828,50,43,12,12.0,12
954,0,nx_max_length_path_heuristic,10,10,2,12,12,0,1.0,0.0,0.0,lc_nx_heuristic_graph_0954,2.285675525665283,31.7038631439209,1375.078857421875,22.52908706665039,50,45,12,12.0,12
955,0,nx_max_length_path_heuristic,10,10,2,12,12,1,0.0,1.0,0.0,lc_nx_heuristic_graph_0955,2.3727970123291016,49.11493682861328,1280.10205078125,16.579137802124023,50,47,12,12.0,12
956,0,nx_max_length_path_heuristic,10,10,2,12,12,2,0.0,0.0,1.0,lc_nx_heuristic_graph_0956,1.4916216135025024,23.849266052246094,807.6303100585938,19.285295486450195,50,46,12,12.0,12
957,0,nx_max_length_path_heuristic,10,10,2,12,12,0,1.0,0.0,0.0,lc_nx_heuristic_graph_0957,1.684781789779663,24.4503231048584,834.3729858398438,17.39051055908203,50,48,12,12.0,12
958,0,nx_max_length_path_heuristic,10,10,2,12,12,1,0.0,1.0,0.0,lc_nx_heuristic_graph_0958,3.287625312805176,23.568317413330078,801.3526000976562,21.046491622924805,50,45,12,12.0,12
959,0,nx_max_length_path_heuristic,10,10,2,12,12,2,0.0,0.0,1.0,lc_nx_heuristic_graph_0959,1.2880715131759644,45.93354797363281,1137.86669921875,18.079626083374023,50,47,12,12.0,12
960,0,nx_max_length_path_heuristic,10,10,2,12,12,0,1.0,0.0,0.0,lc_nx_heuristic_graph_0960,2.5440940856933594,34.94660949707031,1501.5294189453125,25.78594398498535,50,44,12,12.0,12
961,0,nx_max_length_path_heuristic,10,10,2,12,12,1,0.0,1.0,0.0,lc_nx_heuristic_graph_0961,4.070771217346191,38.16521072387695,1497.6607666015625,30.024045944213867,50,43,12,12.0,12
962,0,nx_max_length_path_heuristic,10,10,2,12,12,2,0.0,0.0,1.0,lc_nx_heuristic_graph_0962,1.5171936750411987,33.61295700073242,1123.2879638671875,22.833038330078125,50,46,12,12.0,12
963,0,nx_max_length_path_heuristic,10,10,2,12,12,0,1.0,0.0,0.0,lc_nx_heuristic_graph_0963,1.8315820693969727,23.252193450927734,840.0087280273438,13.223247528076172,50,47,12,12.0,12
964,0,nx_max_length_path_heuristic,10,10,2,12,12,1,0.0,1.0,0.0,lc_nx_heuristic_graph_0964,2.9200220108032227,33.54378128051758,983.5065307617188,20.09410858154297,50,45,12,12.0,12
965,0,nx_max_length_path_heuristic,10,10,2,12,12,2,0.0,0.0,1.0,lc_nx_heuristic_graph_0965,1.1363738775253296,37.401329040527344,1087.0699462890625,13.368025779724121,50,48,12,12.0,12
966,0,nx_max_length_path_heuristic,10,10,2,12,12,0,1.0,0.0,0.0,lc_nx_heuristic_graph_0966,0.6422192454338074,25.570768356323242,802.3731689453125,3.436965227127075,50,50,12,12.0,12
967,0,nx_max_length_path_heuristic,10,10,2,12,12,1,0.0,1.0,0.0,lc_nx_heuristic_graph_0967,3.413893699645996,38.90291213989258,1106.339599609375,33.945987701416016,50,41,12,12.0,12
968,0,nx_max_length_path_heuristic,10,10,2,12,12,2,0.0,0.0,1.0,lc_nx_heuristic_graph_0968,0.9222614765167236,24.82792854309082,764.7220458984375,5.73029088973999,50,49,12,12.0,12
969,0,nx_max_length_path_heuristic,10,10,2,12,12,0,1.0,0.0,0.0,lc_nx_heuristic_graph_0969,2.4727044105529785,28.912208557128906,975.6610717773438,21.801660537719727,50,44,12,12.0,12
970,0,nx_max_length_path_heuristic,10,10,2,12,12,1,0.0,1.0,0.0,lc_nx_heuristic_graph_0970,3.1181459426879883,30.50250244140625,1080.705322265625,14.581872940063477,50,47,12,12.0,12
971,0,nx_max_length_path_heuristic,10,10,2,12,12,2,0.0,0.0,1.0,lc_nx_heuristic_graph_0971,1.693342685699463,37.71058654785156,1527.617431640625,22.61124038696289,50,45,12,12.0,12
972,0,nx_max_length_path_heuristic,10,10,2,12,12,0,1.0,0.0,0.0,lc_nx_heuristic_graph_0972,1.4115713834762573,28.609844207763672,874.1704711914062,3.8543589115142822,50,49,12,12.0,12
973,0,nx_max_length_path_heuristic,10,10,2,12,12,1,0.0,1.0,0.0,lc_nx_heuristic_graph_0973,4.326433181762695,27.272716522216797,1121.6224365234375,30.3010196685791,50,42,12,12.0,12
974,0,nx_max_length_path_heuristic,10,10,2,12,12,2,0.0,0.0,1.0,lc_nx_heuristic_graph_0974,1.6776187419891357,35.084251403808594,1524.94287109375,20.490354537963867,50,45,12,12.0,12
975,0,nx_max_length_path_heuristic,10,10,2,12,12,0,1.0,0.0,0.0,lc_nx_heuristic_graph_0975,1.9708731174468994,35.27428436279297,1136.8692626953125,20.5521240234375,50,46,12,12.0,12
976,0,nx_max_length_path_heuristic,10,10,2,12,12,1,0.0,1.0,0.0,lc_nx_heuristic_graph_0976,3.212660312652588,35.794349670410156,1269.5906982421875,23.220577239990234,50,44,12,12.0,12
977,0,nx_max_length_path_heuristic,10,10,2,12,12,2,0.0,0.0,1.0,lc_nx_heuristic_graph_0977,1.4999574422836304,34.37926483154297,1103.4276123046875,16.728900909423828,50,46,12,12.0,12
978,0,nx_max_length_path_heuristic,10,10,2,12,12,0,1.0,0.0,0.0,lc_nx_heuristic_graph_0978,2.0847620964050293,39.34163284301758,1514.89208984375,16.667329788208008,50,46,12,12.0,12
979,0,nx_max_length_path_heuristic,10,10,2,12,12,1,0.0,1.0,0.0,lc_nx_heuristic_graph_0979,3.718339443206787,31.588825225830078,1138.61279296875,19.664220809936523,50,45,12,12.0,12
980,0,nx_max_length_path_heuristic,10,10,2,12,12,2,0.0,0.0,1.0,lc_nx_heuristic_graph_0980,1.6817705631256104,31.090375900268555,1192.6710205078125,20.664676666259766,50,45,12,12.0,12
981,0,nx_max_length_path_heuristic,10,10,2,12,12,0,1.0,0.0,0.0,lc_nx_heuristic_graph_0981,2.146697521209717,30.028879165649414,1217.1087646484375,17.515056610107422,50,46,12,12.0,12
982,0,nx_max_length_path_heuristic,10,10,2,12,12,1,0.0,1.0,0.0,lc_nx_heuristic_graph_0982,3.8784444332122803,30.97470474243164,1100.9132080078125,26.768667221069336,50,45,12,12.0,12
983,0,nx_max_length_path_heuristic,10,10,2,12,12,2,0.0,0.0,1.0,lc_nx_heuristic_graph_0983,1.8493350744247437,26.81538200378418,938.4791259765625,22.802961349487305,50,44,12,12.0,12
984,0,nx_max_length_path_heuristic,10,10,2,12,12,0,1.0,0.0,0.0,lc_nx_heuristic_graph_0984,1.954453468322754,36.488914489746094,1193.229248046875,17.242948532104492,50,46,12,12.0,12
985,0,nx_max_length_path_heuristic,10,10,2,12,12,1,0.0,1.0,0.0,lc_nx_heuristic_graph_0985,3.1598284244537354,31.29660987854004,992.2970581054688,27.871986389160156,50,43,12,12.0,12
986,0,nx_max_length_path_heuristic,10,10,2,12,12,2,0.0,0.0,1.0,lc_nx_heuristic_graph_0986,1.0697835683822632,44.95817565917969,1067.187255859375,23.833106994628906,50,48,12,12.0,12
987,0,nx_max_length_path_heuristic,10,10,2,12,12,0,1.0,0.0,0.0,lc_nx_heuristic_graph_0987,2.318817615509033,33.49948501586914,1358.63232421875,22.0727481842041,50,45,12,12.0,12
988,0,nx_max_length_path_heuristic,10,10,2,12,12,1,0.0,1.0,0.0,lc_nx_heuristic_graph_0988,2.552309036254883,25.971656799316406,780.9519653320312,4.331368446350098,50,49,12,12.0,12
989,0,nx_max_length_path_heuristic,10,10,2,12,12,2,0.0,0.0,1.0,lc_nx_heuristic_graph_0989,1.4884562492370605,34.60136795043945,1090.8763427734375,19.025400161743164,50,46,12,12.0,12
990,0,nx_max_length_path_heuristic,10,10,2,12,12,0,1.0,0.0,0.0,lc_nx_heuristic_graph_0990,2.7412972450256348,33.412227630615234,1176.946533203125,26.199308395385742,50,43,12,12.0,12
991,0,nx_max_length_path_heuristic,10,10,2,12,12,1,0.0,1.0,0.0,lc_nx_heuristic_graph_0991,3.8882641792297363,27.673458099365234,1103.9361572265625,28.379568099975586,50,42,12,12.0,12
992,0,nx_max_length_path_heuristic,10,10,2,12,12,2,0.0,0.0,1.0,lc_nx_heuristic_graph_0992,1.4593350887298584,40.073612213134766,1226.46337890625,17.535614013671875,50,46,12,12.0,12
993,0,nx_max_length_path_heuristic,10,10,2,12,12,0,1.0,0.0,0.0,lc_nx_heuristic_graph_0993,2.1542129516601562,45.09515380859375,1263.301025390625,24.585445404052734,50,45,12,12.0,12
994,0,nx_max_length_path_heuristic,10,10,2,12,12,1,0.0,1.0,0.0,lc_nx_heuristic_graph_0994,2.7968997955322266,40.32689666748047,1175.8914794921875,23.37675666809082,50,44,12,12.0,12
995,0,nx_max_length_path_heuristic,10,10,2,12,12,2,0.0,0.0,1.0,lc_nx_heuristic_graph_0995,1.2981970310211182,28.73522186279297,1018.5797119140625,15.356850624084473,50,47,12,12.0,12
996,0,nx_max_length_path_heuristic,10,10,2,12,12,0,1.0,0.0,0.0,lc_nx_heuristic_graph_0996,1.745908260345459,37.01347351074219,1193.98486328125,16.813308715820312,50,47,12,12.0,12
997,0,nx_max_length_path_heuristic,10,10,2,12,12,1,0.0,1.0,0.0,lc_nx_heuristic_graph_0997,4.223994731903076,36.106910705566406,1466.1019287109375,30.853939056396484,50,42,12,12.0,12
998,0,nx_max_length_path_heuristic,10,10,2,12,12,2,0.0,0.0,1.0,lc_nx_heuristic_graph_0998,1.956501841545105,49.54832458496094,1197.7264404296875,25.97874641418457,50,43,12,12.0,12
999,0,nx_max_length_path_heuristic,10,10,2,12,12,0,1.0,0.0,0.0,lc_nx_heuristic_graph_0999,3.595186710357666,32.45838928222656,1294.9805908203125,39.698585510253906,50,39,12,12.0,12
