graph_index,group,generation_method,n_routes,generated_n_routes,min_route_len,max_route_len,weight_combo_index,demand_time_weight,route_time_weight,median_connectivity_weight,run_name,cost,ATT,RTT,unserved_demand,n_nodes,covered_nodes,route_length_min,route_length_mean,route_length_max
0,0,nx_shortest_path_heuristic,10,10,2,12,0,1.0,0.0,0.0,lc_nx_heuristic_graph_0000,4.58331298828125,40.6240234375,657.1251831054688,56.53830337524414,50,39,3,7.0,12
1,0,nx_shortest_path_heuristic,10,10,2,12,1,0.0,1.0,0.0,lc_nx_heuristic_graph_0001,3.19785475730896,32.176856994628906,784.56640625,29.455148696899414,50,42,5,8.7,12
2,0,nx_shortest_path_heuristic,10,10,2,12,2,0.0,0.0,1.0,lc_nx_heuristic_graph_0002,3.657169818878174,40.37348175048828,611.0359497070312,59.215694427490234,50,34,2,6.1,11
3,0,nx_shortest_path_heuristic,10,10,2,12,0,1.0,0.0,0.0,lc_nx_heuristic_graph_0003,4.51375675201416,34.7353630065918,688.7936401367188,55.923004150390625,50,34,4,7.5,12
4,0,nx_shortest_path_heuristic,10,10,2,12,1,0.0,1.0,0.0,lc_nx_heuristic_graph_0004,3.880019426345825,38.55706024169922,714.718505859375,52.9815559387207,50,35,2,7.5,11
5,0,nx_shortest_path_heuristic,10,10,2,12,2,0.0,0.0,1.0,lc_nx_heuristic_graph_0005,1.3386390209197998,42.77545928955078,824.0973510742188,22.036481857299805,50,47,3,7.8,12
6,0,nx_shortest_path_heuristic,10,10,2,12,0,1.0,0.0,0.0,lc_nx_heuristic_graph_0006,3.7581567764282227,42.57127380371094,621.5360717773438,45.75223922729492,50,38,3,7.5,12
7,0,nx_shortest_path_heuristic,10,10,2,12,1,0.0,1.0,0.0,lc_nx_heuristic_graph_0007,2.7518913745880127,56.488338470458984,828.7320556640625,30.350393295288086,50,45,5,8.9,11
8,0,nx_shortest_path_heuristic,10,10,2,12,2,0.0,0.0,1.0,lc_nx_heuristic_graph_0008,3.053524971008301,46.46553421020508,801.001220703125,47.71506118774414,50,37,2,6.8,12
9,0,nx_shortest_path_heuristic,10,10,2,12,0,1.0,0.0,0.0,lc_nx_heuristic_graph_0009,3.9404947757720947,46.26736831665039,631.2655029296875,51.41745376586914,50,37,3,7.0,11
10,0,nx_shortest_path_heuristic,10,10,2,12,1,0.0,1.0,0.0,lc_nx_heuristic_graph_0010,3.4177463054656982,35.7109375,608.170166015625,38.535072326660156,50,40,2,6.5,12
11,0,nx_shortest_path_heuristic,10,10,2,12,2,0.0,0.0,1.0,lc_nx_heuristic_graph_0011,3.009169101715088,41.07685470581055,656.5905151367188,48.33565902709961,50,40,2,5.8,12
12,0,nx_shortest_path_heuristic,10,10,2,12,0,1.0,0.0,0.0,lc_nx_heuristic_graph_0012,2.2359251976013184,36.056129455566406,625.9578247070312,27.17391014099121,50,46,2,7.4,12
13,0,nx_shortest_path_heuristic,10,10,2,12,1,0.0,1.0,0.0,lc_nx_heuristic_graph_0013,4.143975734710693,38.950313568115234,729.9716186523438,48.95173645019531,50,38,2,6.8,12
14,0,nx_shortest_path_heuristic,10,10,2,12,2,0.0,0.0,1.0,lc_nx_heuristic_graph_0014,2.050096035003662,51.22105026245117,629.4521484375,43.631248474121094,50,44,3,6.8,12
15,0,nx_shortest_path_heuristic,10,10,2,12,0,1.0,0.0,0.0,lc_nx_heuristic_graph_0015,4.095097541809082,50.201839447021484,769.731201171875,53.11309814453125,50,39,2,6.5,12
16,0,nx_shortest_path_heuristic,10,10,2,12,1,0.0,1.0,0.0,lc_nx_heuristic_graph_0016,3.224243402481079,37.424861907958984,676.5271606445312,38.5856819152832,50,48,2,7.1,11
17,0,nx_shortest_path_heuristic,10,10,2,12,2,0.0,0.0,1.0,lc_nx_heuristic_graph_0017,2.4498581886291504,37.2907600402832,598.8694458007812,36.653907775878906,50,41,2,6.5,12
18,0,nx_shortest_path_heuristic,10,10,2,12,0,1.0,0.0,0.0,lc_nx_heuristic_graph_0018,5.870965003967285,30.92344093322754,568.0518188476562,75.21060943603516,50,31,2,5.7,10
19,0,nx_shortest_path_heuristic,10,10,2,12,1,0.0,1.0,0.0,lc_nx_heuristic_graph_0019,5.4976606369018555,17.58740997314453,421.10205078125,89.6690444946289,50,34,3,4.7,7
20,0,nx_shortest_path_heuristic,10,10,2,12,2,0.0,0.0,1.0,lc_nx_heuristic_graph_0020,1.907145380973816,44.882755279541016,736.7488403320312,28.843461990356445,50,44,3,6.4,10
21,0,nx_shortest_path_heuristic,10,10,2,12,0,1.0,0.0,0.0,lc_nx_heuristic_graph_0021,5.324401378631592,30.162464141845703,537.9263916015625,66.49464416503906,50,35,2,5.9,11
22,0,nx_shortest_path_heuristic,10,10,2,12,1,0.0,1.0,0.0,lc_nx_heuristic_graph_0022,4.102814197540283,32.98354721069336,535.240478515625,49.977134704589844,50,46,2,6.6,12
23,0,nx_shortest_path_heuristic,10,10,2,12,2,0.0,0.0,1.0,lc_nx_heuristic_graph_0023,3.3037350177764893,36.044334411621094,565.2977294921875,51.50667953491211,50,43,2,6.4,11
24,0,nx_shortest_path_heuristic,10,10,2,12,0,1.0,0.0,0.0,lc_nx_heuristic_graph_0024,4.580971717834473,28.596412658691406,547.3639526367188,54.53102111816406,50,34,4,8.0,12
25,0,nx_shortest_path_heuristic,10,10,2,12,1,0.0,1.0,0.0,lc_nx_heuristic_graph_0025,3.9667763710021973,42.94861602783203,801.356201171875,51.76127624511719,50,41,3,6.7,11
26,0,nx_shortest_path_heuristic,10,10,2,12,2,0.0,0.0,1.0,lc_nx_heuristic_graph_0026,3.138357639312744,21.96152114868164,445.05657958984375,48.89984893798828,50,36,5,7.9,10
27,0,nx_shortest_path_heuristic,10,10,2,12,0,1.0,0.0,0.0,lc_nx_heuristic_graph_0027,4.159171104431152,35.39970779418945,627.3983154296875,48.98120880126953,50,36,2,7.1,11
28,0,nx_shortest_path_heuristic,10,10,2,12,1,0.0,1.0,0.0,lc_nx_heuristic_graph_0028,4.251043796539307,21.36775016784668,443.24468994140625,54.719852447509766,50,34,2,7.6,11
29,0,nx_shortest_path_heuristic,10,10,2,12,2,0.0,0.0,1.0,lc_nx_heuristic_graph_0029,1.4058934450149536,38.621864318847656,694.448486328125,15.927945137023926,50,47,3,7.6,12
30,0,nx_shortest_path_heuristic,10,10,2,12,0,1.0,0.0,0.0,lc_nx_heuristic_graph_0030,5.121084213256836,28.70823097229004,502.1817932128906,63.75381851196289,50,45,3,6.4,12
31,0,nx_shortest_path_heuristic,10,10,2,12,1,0.0,1.0,0.0,lc_nx_heuristic_graph_0031,3.517322063446045,44.40792465209961,852.2058715820312,40.99843978881836,50,40,5,7.9,10
32,0,nx_shortest_path_heuristic,10,10,2,12,2,0.0,0.0,1.0,lc_nx_heuristic_graph_0032,3.4464476108551025,21.32498550415039,417.2331237792969,57.99053192138672,50,40,4,7.5,11
33,0,nx_shortest_path_heuristic,10,10,2,12,0,1.0,0.0,0.0,lc_nx_heuristic_graph_0033,1.5923584699630737,42.007530212402344,643.9425048828125,11.094322204589844,50,49,4,7.2,12
34,0,nx_shortest_path_heuristic,10,10,2,12,1,0.0,1.0,0.0,lc_nx_heuristic_graph_0034,4.665565490722656,29.868885040283203,302.1802062988281,75.68695831298828,50,38,2,5.0,10
35,0,nx_shortest_path_heuristic,10,10,2,12,2,0.0,0.0,1.0,lc_nx_heuristic_graph_0035,3.7802207469940186,19.975360870361328,368.12127685546875,62.06913757324219,50,31,5,7.2,11
36,0,nx_shortest_path_heuristic,10,10,2,12,0,1.0,0.0,0.0,lc_nx_heuristic_graph_0036,4.497642517089844,36.91222381591797,401.7767639160156,55.547088623046875,50,39,3,6.6,10
37,0,nx_shortest_path_heuristic,10,10,2,12,1,0.0,1.0,0.0,lc_nx_heuristic_graph_0037,3.9989941120147705,40.38929748535156,591.6311645507812,61.71242141723633,50,33,2,6.6,11
38,0,nx_shortest_path_heuristic,10,10,2,12,2,0.0,0.0,1.0,lc_nx_heuristic_graph_0038,3.6473758220672607,33.11860275268555,628.5557250976562,62.2658805847168,50,32,3,6.8,11
39,0,nx_shortest_path_heuristic,10,10,2,12,0,1.0,0.0,0.0,lc_nx_heuristic_graph_0039,4.715226173400879,40.64692687988281,604.115966796875,58.965118408203125,50,33,3,6.3,10
40,0,nx_shortest_path_heuristic,10,10,2,12,1,0.0,1.0,0.0,lc_nx_heuristic_graph_0040,4.733598709106445,30.15220832824707,682.6879272460938,58.9770393371582,50,32,3,7.6,12
41,0,nx_shortest_path_heuristic,10,10,2,12,2,0.0,0.0,1.0,lc_nx_heuristic_graph_0041,2.9071550369262695,48.79649353027344,668.9714965820312,50.37523651123047,50,38,3,5.7,12
42,0,nx_shortest_path_heuristic,10,10,2,12,0,1.0,0.0,0.0,lc_nx_heuristic_graph_0042,4.26647424697876,43.5544319152832,731.7416381835938,50.140445709228516,50,36,3,6.5,11
43,0,nx_shortest_path_heuristic,10,10,2,12,1,0.0,1.0,0.0,lc_nx_heuristic_graph_0043,3.393448829650879,32.284183502197266,806.9318237304688,25.766983032226562,50,43,7,8.9,12
44,0,nx_shortest_path_heuristic,10,10,2,12,2,0.0,0.0,1.0,lc_nx_heuristic_graph_0044,3.3192577362060547,39.88797378540039,708.3229370117188,54.73430633544922,50,41,2,6.2,12
45,0,nx_shortest_path_heuristic,10,10,2,12,0,1.0,0.0,0.0,lc_nx_heuristic_graph_0045,4.644245147705078,51.25387191772461,712.2901000976562,59.24156188964844,50,34,2,5.8,12
46,0,nx_shortest_path_heuristic,10,10,2,12,1,0.0,1.0,0.0,lc_nx_heuristic_graph_0046,3.9541258811950684,50.54750061035156,733.2337036132812,54.13969802856445,50,45,2,6.0,11
47,0,nx_shortest_path_heuristic,10,10,2,12,2,0.0,0.0,1.0,lc_nx_heuristic_graph_0047,2.4180495738983154,40.06285095214844,645.574462890625,34.16265869140625,50,41,3,7.4,12
48,0,nx_shortest_path_heuristic,10,10,2,12,0,1.0,0.0,0.0,lc_nx_heuristic_graph_0048,3.6221415996551514,30.6988582611084,584.54296875,40.083675384521484,50,41,2,7.5,11
49,0,nx_shortest_path_heuristic,10,10,2,12,1,0.0,1.0,0.0,lc_nx_heuristic_graph_0049,3.8905415534973145,39.4466438293457,689.7119750976562,53.39207458496094,50,35,3,7.2,11
50,0,nx_shortest_path_heuristic,10,10,2,12,2,0.0,0.0,1.0,lc_nx_heuristic_graph_0050,1.8566148281097412,32.638282775878906,661.5001831054688,25.426280975341797,50,44,3,8.1,12
51,0,nx_shortest_path_heuristic,10,10,2,12,0,1.0,0.0,0.0,lc_nx_heuristic_graph_0051,6.218351364135742,22.918537139892578,282.23388671875,81.0166015625,50,32,2,4.8,8
52,0,nx_shortest_path_heuristic,10,10,2,12,1,0.0,1.0,0.0,lc_nx_heuristic_graph_0052,3.1386873722076416,46.25115966796875,573.0467529296875,49.656585693359375,50,43,3,6.6,12
53,0,nx_shortest_path_heuristic,10,10,2,12,2,0.0,0.0,1.0,lc_nx_heuristic_graph_0053,2.8468949794769287,47.456199645996094,763.8800659179688,46.443824768066406,50,38,4,7.7,12
54,0,nx_shortest_path_heuristic,10,10,2,12,0,1.0,0.0,0.0,lc_nx_heuristic_graph_0054,4.966784477233887,38.31087112426758,756.2479858398438,61.881221771240234,50,33,2,7.4,12
55,0,nx_shortest_path_heuristic,10,10,2,12,1,0.0,1.0,0.0,lc_nx_heuristic_graph_0055,4.971670150756836,21.259044647216797,323.2607421875,73.8014907836914,50,35,3,5.4,10
56,0,nx_shortest_path_heuristic,10,10,2,12,2,0.0,0.0,1.0,lc_nx_heuristic_graph_0056,2.555058002471924,38.989662170410156,764.5562744140625,41.77496337890625,50,40,3,8.0,12
57,0,nx_shortest_path_heuristic,10,10,2,12,0,1.0,0.0,0.0,lc_nx_heuristic_graph_0057,3.5520248413085938,38.95980453491211,762.404296875,42.09360885620117,50,39,6,8.0,12
58,0,nx_shortest_path_heuristic,10,10,2,12,1,0.0,1.0,0.0,lc_nx_heuristic_graph_0058,2.4328646659851074,35.988643646240234,711.5301513671875,15.722899436950684,50,46,2,7.8,11
59,0,nx_shortest_path_heuristic,10,10,2,12,2,0.0,0.0,1.0,lc_nx_heuristic_graph_0059,3.5751447677612305,34.56252670288086,592.46875,57.276283264160156,50,37,3,8.1,12
60,0,nx_shortest_path_heuristic,10,10,2,12,0,1.0,0.0,0.0,lc_nx_heuristic_graph_0060,4.320535659790039,40.37740707397461,682.825927734375,52.912445068359375,50,37,2,7.6,12
61,0,nx_shortest_path_heuristic,10,10,2,12,1,0.0,1.0,0.0,lc_nx_heuristic_graph_0061,4.298996925354004,35.92818832397461,758.0628051757812,58.67457962036133,50,32,5,8.0,12
62,0,nx_shortest_path_heuristic,10,10,2,12,2,0.0,0.0,1.0,lc_nx_heuristic_graph_0062,1.0016510486602783,43.20915985107422,696.6895751953125,15.035126686096191,50,49,2,8.1,12
63,0,nx_shortest_path_heuristic,10,10,2,12,0,1.0,0.0,0.0,lc_nx_heuristic_graph_0063,3.6174254417419434,42.41429138183594,733.7108764648438,45.11296844482422,50,39,3,7.7,12
64,0,nx_shortest_path_heuristic,10,10,2,12,1,0.0,1.0,0.0,lc_nx_heuristic_graph_0064,3.4330263137817383,26.478878021240234,330.5448303222656,47.35810089111328,50,38,3,6.9,11
65,0,nx_shortest_path_heuristic,10,10,2,12,2,0.0,0.0,1.0,lc_nx_heuristic_graph_0065,1.893531084060669,44.188175201416016,786.6314697265625,33.571407318115234,50,44,3,7.0,12
66,0,nx_shortest_path_heuristic,10,10,2,12,0,1.0,0.0,0.0,lc_nx_heuristic_graph_0066,2.752796173095703,32.92176818847656,686.9746704101562,26.268741607666016,50,43,4,8.0,12
67,0,nx_shortest_path_heuristic,10,10,2,12,1,0.0,1.0,0.0,lc_nx_heuristic_graph_0067,4.68091344833374,42.44151306152344,719.8443603515625,68.93352508544922,50,40,3,6.6,12
68,0,nx_shortest_path_heuristic,10,10,2,12,2,0.0,0.0,1.0,lc_nx_heuristic_graph_0068,3.186737537384033,31.55086326599121,567.4462890625,50.610923767089844,50,36,4,7.1,12
69,0,nx_shortest_path_heuristic,10,10,2,12,0,1.0,0.0,0.0,lc_nx_heuristic_graph_0069,4.171298027038574,39.313899993896484,591.013916015625,55.99147033691406,50,37,2,6.6,12
70,0,nx_shortest_path_heuristic,10,10,2,12,1,0.0,1.0,0.0,lc_nx_heuristic_graph_0070,2.2348885536193848,39.072265625,618.3303833007812,23.734928131103516,50,48,5,7.1,10
71,0,nx_shortest_path_heuristic,10,10,2,12,2,0.0,0.0,1.0,lc_nx_heuristic_graph_0071,1.4960792064666748,39.68773651123047,774.6143798828125,18.346925735473633,50,46,3,8.2,12
72,0,nx_shortest_path_heuristic,10,10,2,12,0,1.0,0.0,0.0,lc_nx_heuristic_graph_0072,4.950222015380859,26.51715087890625,498.19866943359375,63.44978332519531,50,32,3,7.4,12
73,0,nx_shortest_path_heuristic,10,10,2,12,1,0.0,1.0,0.0,lc_nx_heuristic_graph_0073,4.084839820861816,38.54196548461914,732.6343383789062,54.451759338378906,50,34,4,8.0,12
74,0,nx_shortest_path_heuristic,10,10,2,12,2,0.0,0.0,1.0,lc_nx_heuristic_graph_0074,3.2212400436401367,45.16783142089844,781.6555786132812,50.09332275390625,50,42,2,6.6,12
75,0,nx_shortest_path_heuristic,10,10,2,12,0,1.0,0.0,0.0,lc_nx_heuristic_graph_0075,4.40321159362793,28.37571144104004,375.3909606933594,56.61826705932617,50,35,2,5.6,10
76,0,nx_shortest_path_heuristic,10,10,2,12,1,0.0,1.0,0.0,lc_nx_heuristic_graph_0076,2.366586923599243,42.2474479675293,810.4393920898438,18.68822479248047,50,47,4,7.3,12
77,0,nx_shortest_path_heuristic,10,10,2,12,2,0.0,0.0,1.0,lc_nx_heuristic_graph_0077,2.382603406906128,35.18587112426758,849.510498046875,38.04088592529297,50,41,2,8.1,12
78,0,nx_shortest_path_heuristic,10,10,2,12,0,1.0,0.0,0.0,lc_nx_heuristic_graph_0078,4.803610324859619,29.993154525756836,473.4968566894531,61.909664154052734,50,33,4,6.7,9
79,0,nx_shortest_path_heuristic,10,10,2,12,1,0.0,1.0,0.0,lc_nx_heuristic_graph_0079,4.315418720245361,37.80050277709961,747.0994262695312,57.262939453125,50,33,4,7.8,10
80,0,nx_shortest_path_heuristic,10,10,2,12,2,0.0,0.0,1.0,lc_nx_heuristic_graph_0080,3.7722177505493164,44.57514190673828,494.13818359375,65.3934326171875,50,31,2,5.7,11
81,0,nx_shortest_path_heuristic,10,10,2,12,0,1.0,0.0,0.0,lc_nx_heuristic_graph_0081,4.685465335845947,37.70853805541992,698.8703002929688,57.02479553222656,50,33,3,7.3,10
82,0,nx_shortest_path_heuristic,10,10,2,12,1,0.0,1.0,0.0,lc_nx_heuristic_graph_0082,3.719547986984253,35.04956817626953,621.8639526367188,44.17756652832031,50,38,3,6.8,10
83,0,nx_shortest_path_heuristic,10,10,2,12,2,0.0,0.0,1.0,lc_nx_heuristic_graph_0083,3.3962624073028564,23.717748641967773,565.5573120117188,55.790283203125,50,34,5,7.9,10
84,0,nx_shortest_path_heuristic,10,10,2,12,0,1.0,0.0,0.0,lc_nx_heuristic_graph_0084,3.8805031776428223,50.18235778808594,760.6694946289062,42.612457275390625,50,40,2,6.4,12
85,0,nx_shortest_path_heuristic,10,10,2,12,1,0.0,1.0,0.0,lc_nx_heuristic_graph_0085,2.5372471809387207,39.750404357910156,764.5853881835938,19.505172729492188,50,47,2,7.4,12
86,0,nx_shortest_path_heuristic,10,10,2,12,2,0.0,0.0,1.0,lc_nx_heuristic_graph_0086,3.536255121231079,38.78758239746094,495.1270446777344,62.145076751708984,50,33,2,5.6,8
87,0,nx_shortest_path_heuristic,10,10,2,12,0,1.0,0.0,0.0,lc_nx_heuristic_graph_0087,3.7739124298095703,38.81964874267578,700.4251708984375,45.09743881225586,50,38,3,7.8,10
88,0,nx_shortest_path_heuristic,10,10,2,12,1,0.0,1.0,0.0,lc_nx_heuristic_graph_0088,3.2465598583221436,35.04119873046875,628.5330200195312,39.07849884033203,50,49,2,7.6,12
89,0,nx_shortest_path_heuristic,10,10,2,12,2,0.0,0.0,1.0,lc_nx_heuristic_graph_0089,3.648926258087158,32.2755012512207,685.5387573242188,62.09001541137695,50,32,2,7.4,12
90,0,nx_shortest_path_heuristic,10,10,2,12,0,1.0,0.0,0.0,lc_nx_heuristic_graph_0090,3.3902149200439453,39.31007385253906,743.6953125,35.6779670715332,50,40,3,8.6,12
91,0,nx_shortest_path_heuristic,10,10,2,12,1,0.0,1.0,0.0,lc_nx_heuristic_graph_0091,2.040637969970703,46.807289123535156,708.3795776367188,14.7963228225708,50,48,3,7.9,12
92,0,nx_shortest_path_heuristic,10,10,2,12,2,0.0,0.0,1.0,lc_nx_heuristic_graph_0092,3.3295509815216064,26.406002044677734,419.33270263671875,52.42718505859375,50,35,3,7.1,11
93,0,nx_shortest_path_heuristic,10,10,2,12,0,1.0,0.0,0.0,lc_nx_heuristic_graph_0093,2.7787036895751953,25.717079162597656,538.95849609375,26.443588256835938,50,43,4,8.3,12
94,0,nx_shortest_path_heuristic,10,10,2,12,1,0.0,1.0,0.0,lc_nx_heuristic_graph_0094,3.3891139030456543,42.38105392456055,959.695068359375,40.02070617675781,50,39,4,9.2,12
95,0,nx_shortest_path_heuristic,10,10,2,12,2,0.0,0.0,1.0,lc_nx_heuristic_graph_0095,3.1612539291381836,43.8690071105957,609.3619995117188,55.36750030517578,50,41,3,5.8,11
96,0,nx_shortest_path_heuristic,10,10,2,12,0,1.0,0.0,0.0,lc_nx_heuristic_graph_0096,3.670257568359375,43.81446075439453,650.1387329101562,43.00053787231445,50,39,3,6.1,10
97,0,nx_shortest_path_heuristic,10,10,2,12,1,0.0,1.0,0.0,lc_nx_heuristic_graph_0097,3.959669828414917,36.12429428100586,735.2212524414062,51.310585021972656,50,35,4,8.1,11
98,0,nx_shortest_path_heuristic,10,10,2,12,2,0.0,0.0,1.0,lc_nx_heuristic_graph_0098,2.686828374862671,31.847898483276367,719.8363037109375,39.58611297607422,50,39,4,8.4,12
99,0,nx_shortest_path_heuristic,10,10,2,12,0,1.0,0.0,0.0,lc_nx_heuristic_graph_0099,5.076776504516602,36.65764617919922,474.3902893066406,65.92412567138672,50,31,2,5.4,10
100,0,nx_shortest_path_heuristic,10,10,2,12,1,0.0,1.0,0.0,lc_nx_heuristic_graph_0100,1.4202141761779785,37.67943572998047,678.4407958984375,7.721612453460693,50,50,3,7.7,11
101,0,nx_shortest_path_heuristic,10,10,2,12,2,0.0,0.0,1.0,lc_nx_heuristic_graph_0101,3.849353313446045,38.26528549194336,693.166015625,64.71299743652344,50,34,2,7.4,11
102,0,nx_shortest_path_heuristic,10,10,2,12,0,1.0,0.0,0.0,lc_nx_heuristic_graph_0102,4.509023666381836,45.54285430908203,634.5881958007812,55.12434768676758,50,34,2,7.0,12
103,0,nx_shortest_path_heuristic,10,10,2,12,1,0.0,1.0,0.0,lc_nx_heuristic_graph_0103,3.97894287109375,27.27727699279785,392.4895324707031,52.90757369995117,50,39,2,6.1,9
104,0,nx_shortest_path_heuristic,10,10,2,12,2,0.0,0.0,1.0,lc_nx_heuristic_graph_0104,2.60770320892334,42.80989074707031,704.8951416015625,46.666690826416016,50,40,2,6.8,12
105,0,nx_shortest_path_heuristic,10,10,2,12,0,1.0,0.0,0.0,lc_nx_heuristic_graph_0105,4.141689777374268,35.62053298950195,717.3899536132812,51.57340621948242,50,36,4,7.7,11
106,0,nx_shortest_path_heuristic,10,10,2,12,1,0.0,1.0,0.0,lc_nx_heuristic_graph_0106,3.710845708847046,48.199485778808594,803.1463623046875,38.924983978271484,50,39,2,6.5,12
107,0,nx_shortest_path_heuristic,10,10,2,12,2,0.0,0.0,1.0,lc_nx_heuristic_graph_0107,2.4859261512756348,36.26567840576172,722.0288696289062,36.801143646240234,50,42,2,8.2,12
108,0,nx_shortest_path_heuristic,10,10,2,12,0,1.0,0.0,0.0,lc_nx_heuristic_graph_0108,4.056962013244629,25.549976348876953,457.3315124511719,48.97990036010742,50,37,2,7.0,11
109,0,nx_shortest_path_heuristic,10,10,2,12,1,0.0,1.0,0.0,lc_nx_heuristic_graph_0109,3.0645134449005127,45.99781799316406,791.327392578125,42.48615264892578,50,40,4,7.7,11
110,0,nx_shortest_path_heuristic,10,10,2,12,2,0.0,0.0,1.0,lc_nx_heuristic_graph_0110,1.8701715469360352,43.48263931274414,734.7308349609375,30.710693359375,50,44,2,7.9,12
111,0,nx_shortest_path_heuristic,10,10,2,12,0,1.0,0.0,0.0,lc_nx_heuristic_graph_0111,5.293406009674072,33.28993225097656,601.2755737304688,67.7964096069336,50,31,2,6.5,11
112,0,nx_shortest_path_heuristic,10,10,2,12,1,0.0,1.0,0.0,lc_nx_heuristic_graph_0112,2.4211864471435547,34.97322082519531,714.312255859375,17.109088897705078,50,48,6,8.5,12
113,0,nx_shortest_path_heuristic,10,10,2,12,2,0.0,0.0,1.0,lc_nx_heuristic_graph_0113,1.3581842184066772,35.82209014892578,731.4208374023438,13.534106254577637,50,47,4,7.9,12
114,0,nx_shortest_path_heuristic,10,10,2,12,0,1.0,0.0,0.0,lc_nx_heuristic_graph_0114,5.061539649963379,52.298152923583984,540.5675048828125,67.5428466796875,50,37,3,5.3,9
115,0,nx_shortest_path_heuristic,10,10,2,12,1,0.0,1.0,0.0,lc_nx_heuristic_graph_0115,3.1321423053741455,42.4763069152832,950.5547485351562,38.01402282714844,50,41,6,9.3,12
116,0,nx_shortest_path_heuristic,10,10,2,12,2,0.0,0.0,1.0,lc_nx_heuristic_graph_0116,2.1047916412353516,43.98250198364258,610.5007934570312,44.06707763671875,50,43,5,6.6,10
117,0,nx_shortest_path_heuristic,10,10,2,12,0,1.0,0.0,0.0,lc_nx_heuristic_graph_0117,5.4193644523620605,33.05753707885742,541.541748046875,68.2004165649414,50,31,3,5.7,11
118,0,nx_shortest_path_heuristic,10,10,2,12,1,0.0,1.0,0.0,lc_nx_heuristic_graph_0118,3.9232637882232666,41.64825439453125,663.2886962890625,63.01924133300781,50,34,5,7.0,12
119,0,nx_shortest_path_heuristic,10,10,2,12,2,0.0,0.0,1.0,lc_nx_heuristic_graph_0119,2.0757105350494385,42.697303771972656,872.7011108398438,27.310094833374023,50,43,4,8.0,12
120,0,nx_shortest_path_heuristic,10,10,2,12,0,1.0,0.0,0.0,lc_nx_heuristic_graph_0120,5.149181365966797,40.62583541870117,801.8417358398438,63.859413146972656,50,30,2,7.8,12
121,0,nx_shortest_path_heuristic,10,10,2,12,1,0.0,1.0,0.0,lc_nx_heuristic_graph_0121,3.0084331035614014,41.470603942871094,620.9439086914062,47.29798126220703,50,45,3,7.1,12
122,0,nx_shortest_path_heuristic,10,10,2,12,2,0.0,0.0,1.0,lc_nx_heuristic_graph_0122,3.4919700622558594,37.968467712402344,665.8121337890625,55.71894836425781,50,36,3,7.6,12
123,0,nx_shortest_path_heuristic,10,10,2,12,0,1.0,0.0,0.0,lc_nx_heuristic_graph_0123,3.4381113052368164,37.18244552612305,737.0985107421875,37.98686981201172,50,40,2,6.5,12
124,0,nx_shortest_path_heuristic,10,10,2,12,1,0.0,1.0,0.0,lc_nx_heuristic_graph_0124,3.609675645828247,49.37200164794922,715.1181030273438,42.6654052734375,50,42,3,6.6,12
125,0,nx_shortest_path_heuristic,10,10,2,12,2,0.0,0.0,1.0,lc_nx_heuristic_graph_0125,3.6730213165283203,32.49171447753906,907.223388671875,58.37976837158203,50,32,6,9.1,12
126,0,nx_shortest_path_heuristic,10,10,2,12,0,1.0,0.0,0.0,lc_nx_heuristic_graph_0126,5.31975793838501,40.03262710571289,475.27362060546875,74.98394012451172,50,32,2,5.4,8
127,0,nx_shortest_path_heuristic,10,10,2,12,1,0.0,1.0,0.0,lc_nx_heuristic_graph_0127,5.2436957359313965,19.012910842895508,432.0931091308594,73.07536315917969,50,35,4,7.0,10
128,0,nx_shortest_path_heuristic,10,10,2,12,2,0.0,0.0,1.0,lc_nx_heuristic_graph_0128,1.7068101167678833,34.775516510009766,614.3632202148438,34.37135696411133,50,48,3,7.1,11
129,0,nx_shortest_path_heuristic,10,10,2,12,0,1.0,0.0,0.0,lc_nx_heuristic_graph_0129,4.585974216461182,24.192880630493164,343.3078918457031,58.392822265625,50,34,4,6.0,8
130,0,nx_shortest_path_heuristic,10,10,2,12,1,0.0,1.0,0.0,lc_nx_heuristic_graph_0130,4.059013366699219,37.1919059753418,609.576904296875,58.95982360839844,50,33,2,6.4,11
131,0,nx_shortest_path_heuristic,10,10,2,12,2,0.0,0.0,1.0,lc_nx_heuristic_graph_0131,3.612856149673462,44.7955207824707,770.0057373046875,58.675270080566406,50,33,3,7.5,12
132,0,nx_shortest_path_heuristic,10,10,2,12,0,1.0,0.0,0.0,lc_nx_heuristic_graph_0132,3.947185516357422,33.31637954711914,716.5650634765625,45.68284606933594,50,37,4,8.1,12
133,0,nx_shortest_path_heuristic,10,10,2,12,1,0.0,1.0,0.0,lc_nx_heuristic_graph_0133,4.51912784576416,27.286649703979492,454.2663269042969,59.73545455932617,50,35,2,6.7,12
134,0,nx_shortest_path_heuristic,10,10,2,12,2,0.0,0.0,1.0,lc_nx_heuristic_graph_0134,3.1667611598968506,32.217098236083984,638.8119506835938,50.417320251464844,50,36,4,7.2,12
135,0,nx_shortest_path_heuristic,10,10,2,12,0,1.0,0.0,0.0,lc_nx_heuristic_graph_0135,2.256056785583496,42.764244079589844,584.320068359375,25.610729217529297,50,45,2,7.5,12
136,0,nx_shortest_path_heuristic,10,10,2,12,1,0.0,1.0,0.0,lc_nx_heuristic_graph_0136,3.2716708183288574,27.43178939819336,416.3046875,37.42499923706055,50,40,3,7.5,11
137,0,nx_shortest_path_heuristic,10,10,2,12,2,0.0,0.0,1.0,lc_nx_heuristic_graph_0137,4.2920966148376465,25.596818923950195,355.6432189941406,73.10712432861328,50,27,3,5.6,8
138,0,nx_shortest_path_heuristic,10,10,2,12,0,1.0,0.0,0.0,lc_nx_heuristic_graph_0138,3.4430716037750244,40.45011901855469,723.0157470703125,35.864471435546875,50,43,3,6.6,12
139,0,nx_shortest_path_heuristic,10,10,2,12,1,0.0,1.0,0.0,lc_nx_heuristic_graph_0139,3.5701892375946045,39.84751510620117,685.125244140625,45.7949104309082,50,37,2,7.3,12
140,0,nx_shortest_path_heuristic,10,10,2,12,2,0.0,0.0,1.0,lc_nx_heuristic_graph_0140,2.7177536487579346,23.239187240600586,465.5054016113281,38.17324447631836,50,39,3,8.0,11
141,0,nx_shortest_path_heuristic,10,10,2,12,0,1.0,0.0,0.0,lc_nx_heuristic_graph_0141,2.080444574356079,39.776126861572266,518.7315673828125,18.788055419921875,50,47,2,6.3,12
142,0,nx_shortest_path_heuristic,10,10,2,12,1,0.0,1.0,0.0,lc_nx_heuristic_graph_0142,3.7173964977264404,41.939266204833984,643.9993286132812,53.741180419921875,50,38,3,6.6,12
143,0,nx_shortest_path_heuristic,10,10,2,12,2,0.0,0.0,1.0,lc_nx_heuristic_graph_0143,1.3477323055267334,31.6096248626709,726.0247802734375,12.751603126525879,50,47,5,8.9,12
144,0,nx_shortest_path_heuristic,10,10,2,12,0,1.0,0.0,0.0,lc_nx_heuristic_graph_0144,4.563869953155518,27.3829402923584,472.8264465332031,55.75044250488281,50,34,4,6.7,9
145,0,nx_shortest_path_heuristic,10,10,2,12,1,0.0,1.0,0.0,lc_nx_heuristic_graph_0145,4.304753303527832,36.47258758544922,502.39666748046875,65.77874755859375,50,34,2,6.5,12
146,0,nx_shortest_path_heuristic,10,10,2,12,2,0.0,0.0,1.0,lc_nx_heuristic_graph_0146,2.0292928218841553,42.68190383911133,812.7609252929688,26.19066619873047,50,43,4,8.7,12
147,0,nx_shortest_path_heuristic,10,10,2,12,0,1.0,0.0,0.0,lc_nx_heuristic_graph_0147,4.697102069854736,41.095760345458984,727.2579956054688,60.251487731933594,50,38,4,6.1,12
148,0,nx_shortest_path_heuristic,10,10,2,12,1,0.0,1.0,0.0,lc_nx_heuristic_graph_0148,3.59964919090271,40.59500503540039,586.1901245117188,52.25839614868164,50,36,3,6.7,12
149,0,nx_shortest_path_heuristic,10,10,2,12,2,0.0,0.0,1.0,lc_nx_heuristic_graph_0149,2.6721513271331787,37.95530319213867,904.8270874023438,43.86197280883789,50,39,4,8.7,12
150,0,nx_shortest_path_heuristic,10,10,2,12,0,1.0,0.0,0.0,lc_nx_heuristic_graph_0150,5.558426380157471,35.5352668762207,780.4090576171875,71.29300689697266,50,32,5,7.9,12
151,0,nx_shortest_path_heuristic,10,10,2,12,1,0.0,1.0,0.0,lc_nx_heuristic_graph_0151,3.9568676948547363,48.66624450683594,619.682861328125,62.781280517578125,50,34,3,6.5,12
152,0,nx_shortest_path_heuristic,10,10,2,12,2,0.0,0.0,1.0,lc_nx_heuristic_graph_0152,3.1479368209838867,32.062530517578125,599.114501953125,49.299617767333984,50,40,3,6.8,11
153,0,nx_shortest_path_heuristic,10,10,2,12,0,1.0,0.0,0.0,lc_nx_heuristic_graph_0153,4.9192118644714355,31.11903190612793,567.689208984375,60.05327224731445,50,37,2,7.1,12
154,0,nx_shortest_path_heuristic,10,10,2,12,1,0.0,1.0,0.0,lc_nx_heuristic_graph_0154,4.548016548156738,35.43564987182617,781.4267578125,58.95014572143555,50,32,5,8.5,11
155,0,nx_shortest_path_heuristic,10,10,2,12,2,0.0,0.0,1.0,lc_nx_heuristic_graph_0155,3.876892566680908,31.71636962890625,670.75390625,64.5076904296875,50,32,2,7.4,12
156,0,nx_shortest_path_heuristic,10,10,2,12,0,1.0,0.0,0.0,lc_nx_heuristic_graph_0156,3.1065454483032227,37.818931579589844,811.7935180664062,35.25392532348633,50,41,3,8.6,12
157,0,nx_shortest_path_heuristic,10,10,2,12,1,0.0,1.0,0.0,lc_nx_heuristic_graph_0157,3.9142637252807617,40.591209411621094,598.0747680664062,56.036521911621094,50,34,2,6.3,9
158,0,nx_shortest_path_heuristic,10,10,2,12,2,0.0,0.0,1.0,lc_nx_heuristic_graph_0158,2.3585777282714844,34.85879898071289,607.3917846679688,33.51119613647461,50,41,2,6.9,12
159,0,nx_shortest_path_heuristic,10,10,2,12,0,1.0,0.0,0.0,lc_nx_heuristic_graph_0159,4.266848087310791,43.85280227661133,832.8572998046875,50.66588592529297,50,35,5,8.4,12
160,0,nx_shortest_path_heuristic,10,10,2,12,1,0.0,1.0,0.0,lc_nx_heuristic_graph_0160,3.7786331176757812,26.484779357910156,371.39019775390625,52.13844299316406,50,36,4,6.7,9
161,0,nx_shortest_path_heuristic,10,10,2,12,2,0.0,0.0,1.0,lc_nx_heuristic_graph_0161,4.01808500289917,30.551279067993164,707.395263671875,66.97856140136719,50,36,4,7.7,12
162,0,nx_shortest_path_heuristic,10,10,2,12,0,1.0,0.0,0.0,lc_nx_heuristic_graph_0162,3.2125840187072754,26.002649307250977,447.03924560546875,35.984928131103516,50,44,3,7.1,11
163,0,nx_shortest_path_heuristic,10,10,2,12,1,0.0,1.0,0.0,lc_nx_heuristic_graph_0163,3.5517003536224365,35.69434356689453,820.6080322265625,42.54889678955078,50,39,5,9.2,12
164,0,nx_shortest_path_heuristic,10,10,2,12,2,0.0,0.0,1.0,lc_nx_heuristic_graph_0164,4.150288105010986,21.906599044799805,454.27490234375,69.20903015136719,50,28,3,8.1,12
165,0,nx_shortest_path_heuristic,10,10,2,12,0,1.0,0.0,0.0,lc_nx_heuristic_graph_0165,1.7285677194595337,40.747440338134766,527.2337036132812,35.776065826416016,50,48,4,6.7,12
166,0,nx_shortest_path_heuristic,10,10,2,12,1,0.0,1.0,0.0,lc_nx_heuristic_graph_0166,2.4517951011657715,37.925193786621094,593.793701171875,25.5129337310791,50,49,2,7.0,12
167,0,nx_shortest_path_heuristic,10,10,2,12,2,0.0,0.0,1.0,lc_nx_heuristic_graph_0167,3.758535146713257,34.409908294677734,784.3703002929688,62.02112579345703,50,31,4,7.8,12
168,0,nx_shortest_path_heuristic,10,10,2,12,0,1.0,0.0,0.0,lc_nx_heuristic_graph_0168,3.3851964473724365,55.70994567871094,893.779296875,47.20635223388672,50,41,3,6.9,11
169,0,nx_shortest_path_heuristic,10,10,2,12,1,0.0,1.0,0.0,lc_nx_heuristic_graph_0169,2.117255687713623,36.022804260253906,712.4107055664062,16.279190063476562,50,47,5,8.4,12
170,0,nx_shortest_path_heuristic,10,10,2,12,2,0.0,0.0,1.0,lc_nx_heuristic_graph_0170,3.312911033630371,32.676570892333984,915.9702758789062,52.18610763549805,50,41,4,8.4,12
171,0,nx_shortest_path_heuristic,10,10,2,12,0,1.0,0.0,0.0,lc_nx_heuristic_graph_0171,2.9185571670532227,44.7226448059082,764.194091796875,33.29904556274414,50,42,3,7.6,12
172,0,nx_shortest_path_heuristic,10,10,2,12,1,0.0,1.0,0.0,lc_nx_heuristic_graph_0172,3.4892630577087402,27.243732452392578,384.5514221191406,50.02958297729492,50,38,3,6.3,9
173,0,nx_shortest_path_heuristic,10,10,2,12,2,0.0,0.0,1.0,lc_nx_heuristic_graph_0173,3.498825788497925,36.947574615478516,739.1121215820312,57.85315704345703,50,33,4,7.6,12
174,0,nx_shortest_path_heuristic,10,10,2,12,0,1.0,0.0,0.0,lc_nx_heuristic_graph_0174,3.9197371006011963,35.25094223022461,658.0390625,44.4974250793457,50,37,2,7.4,12
175,0,nx_shortest_path_heuristic,10,10,2,12,1,0.0,1.0,0.0,lc_nx_heuristic_graph_0175,2.659904718399048,44.18263244628906,678.8995361328125,43.91521453857422,50,43,4,7.7,12
176,0,nx_shortest_path_heuristic,10,10,2,12,2,0.0,0.0,1.0,lc_nx_heuristic_graph_0176,3.8914897441864014,39.26354217529297,737.6057739257812,64.85356903076172,50,43,2,6.6,11
177,0,nx_shortest_path_heuristic,10,10,2,12,0,1.0,0.0,0.0,lc_nx_heuristic_graph_0177,5.1790618896484375,34.697696685791016,683.7888793945312,66.2786636352539,50,30,4,7.2,11
178,0,nx_shortest_path_heuristic,10,10,2,12,1,0.0,1.0,0.0,lc_nx_heuristic_graph_0178,3.7766406536102295,26.169225692749023,383.34295654296875,46.33214569091797,50,37,2,6.6,11
179,0,nx_shortest_path_heuristic,10,10,2,12,2,0.0,0.0,1.0,lc_nx_heuristic_graph_0179,2.7028372287750244,33.46375274658203,521.6246337890625,42.328243255615234,50,39,2,6.3,10
180,0,nx_shortest_path_heuristic,10,10,2,12,0,1.0,0.0,0.0,lc_nx_heuristic_graph_0180,3.678101062774658,53.05352783203125,588.3707275390625,60.74791717529297,50,40,4,6.9,11
181,0,nx_shortest_path_heuristic,10,10,2,12,1,0.0,1.0,0.0,lc_nx_heuristic_graph_0181,4.39454460144043,37.64444351196289,760.708251953125,65.08270263671875,50,32,5,7.4,12
182,0,nx_shortest_path_heuristic,10,10,2,12,2,0.0,0.0,1.0,lc_nx_heuristic_graph_0182,3.3638975620269775,39.715293884277344,633.7999877929688,54.55036163330078,50,34,3,7.3,12
183,0,nx_shortest_path_heuristic,10,10,2,12,0,1.0,0.0,0.0,lc_nx_heuristic_graph_0183,2.0702881813049316,44.8148193359375,633.2124633789062,18.821714401245117,50,47,2,6.9,12
184,0,nx_shortest_path_heuristic,10,10,2,12,1,0.0,1.0,0.0,lc_nx_heuristic_graph_0184,2.723567247390747,37.89270782470703,820.253173828125,22.09004783630371,50,45,2,8.6,12
185,0,nx_shortest_path_heuristic,10,10,2,12,2,0.0,0.0,1.0,lc_nx_heuristic_graph_0185,2.661314010620117,37.44153594970703,801.489501953125,40.68965530395508,50,39,5,8.6,12
186,0,nx_shortest_path_heuristic,10,10,2,12,0,1.0,0.0,0.0,lc_nx_heuristic_graph_0186,1.9588775634765625,35.84223937988281,581.5653686523438,20.526453018188477,50,49,2,7.2,12
187,0,nx_shortest_path_heuristic,10,10,2,12,1,0.0,1.0,0.0,lc_nx_heuristic_graph_0187,2.102463960647583,41.81800079345703,856.7905883789062,14.186079978942871,50,47,6,9.5,12
188,0,nx_shortest_path_heuristic,10,10,2,12,2,0.0,0.0,1.0,lc_nx_heuristic_graph_0188,3.6300811767578125,35.92887496948242,792.4779052734375,60.28706359863281,50,32,4,8.3,12
189,0,nx_shortest_path_heuristic,10,10,2,12,0,1.0,0.0,0.0,lc_nx_heuristic_graph_0189,2.813727855682373,50.89106369018555,860.799072265625,31.190326690673828,50,44,6,8.4,12
190,0,nx_shortest_path_heuristic,10,10,2,12,1,0.0,1.0,0.0,lc_nx_heuristic_graph_0190,3.817927360534668,34.5195198059082,880.73828125,37.73329544067383,50,40,4,7.2,10
191,0,nx_shortest_path_heuristic,10,10,2,12,2,0.0,0.0,1.0,lc_nx_heuristic_graph_0191,2.9128365516662598,37.57209396362305,650.8075561523438,44.23512649536133,50,38,3,7.1,11
192,0,nx_shortest_path_heuristic,10,10,2,12,0,1.0,0.0,0.0,lc_nx_heuristic_graph_0192,4.628664016723633,43.2022819519043,459.61114501953125,57.74913024902344,50,34,2,5.6,9
193,0,nx_shortest_path_heuristic,10,10,2,12,1,0.0,1.0,0.0,lc_nx_heuristic_graph_0193,4.435514450073242,29.47215461730957,387.6186218261719,68.31900024414062,50,31,3,5.8,9
194,0,nx_shortest_path_heuristic,10,10,2,12,2,0.0,0.0,1.0,lc_nx_heuristic_graph_0194,2.790661096572876,37.44568634033203,579.6640014648438,43.83259201049805,50,38,3,6.7,11
195,0,nx_shortest_path_heuristic,10,10,2,12,0,1.0,0.0,0.0,lc_nx_heuristic_graph_0195,3.317586898803711,45.757991790771484,567.5879516601562,49.81516647338867,50,47,3,6.8,11
196,0,nx_shortest_path_heuristic,10,10,2,12,1,0.0,1.0,0.0,lc_nx_heuristic_graph_0196,3.142831802368164,52.88728332519531,775.107421875,39.75676727294922,50,42,3,6.4,11
197,0,nx_shortest_path_heuristic,10,10,2,12,2,0.0,0.0,1.0,lc_nx_heuristic_graph_0197,3.9775772094726562,18.521907806396484,403.3004455566406,68.20085144042969,50,39,2,7.1,10
198,0,nx_shortest_path_heuristic,10,10,2,12,0,1.0,0.0,0.0,lc_nx_heuristic_graph_0198,2.386948585510254,42.662109375,601.9218139648438,33.286678314208984,50,46,4,6.6,10
199,0,nx_shortest_path_heuristic,10,10,2,12,1,0.0,1.0,0.0,lc_nx_heuristic_graph_0199,4.134274482727051,34.88728332519531,733.3079833984375,55.88511657714844,50,33,4,8.1,12
200,0,nx_shortest_path_heuristic,10,10,2,12,2,0.0,0.0,1.0,lc_nx_heuristic_graph_0200,2.6015639305114746,31.27659034729004,534.9378662109375,40.51329803466797,50,40,3,7.3,12
201,0,nx_shortest_path_heuristic,10,10,2,12,0,1.0,0.0,0.0,lc_nx_heuristic_graph_0201,2.5436038970947266,59.849185943603516,763.3943481445312,33.57631301879883,50,45,2,6.4,12
202,0,nx_shortest_path_heuristic,10,10,2,12,1,0.0,1.0,0.0,lc_nx_heuristic_graph_0202,3.9434711933135986,32.297908782958984,624.812255859375,48.235015869140625,50,46,3,7.2,12
203,0,nx_shortest_path_heuristic,10,10,2,12,2,0.0,0.0,1.0,lc_nx_heuristic_graph_0203,2.601344108581543,31.042638778686523,371.43853759765625,41.83489227294922,50,40,3,6.4,10
204,0,nx_shortest_path_heuristic,10,10,2,12,0,1.0,0.0,0.0,lc_nx_heuristic_graph_0204,3.8464317321777344,34.059139251708984,600.9393920898438,45.03218460083008,50,38,4,7.0,12
205,0,nx_shortest_path_heuristic,10,10,2,12,1,0.0,1.0,0.0,lc_nx_heuristic_graph_0205,4.002199172973633,27.824684143066406,422.54376220703125,54.32758331298828,50,35,3,6.8,10
206,0,nx_shortest_path_heuristic,10,10,2,12,2,0.0,0.0,1.0,lc_nx_heuristic_graph_0206,2.8009445667266846,45.98385238647461,659.7120971679688,45.8723258972168,50,38,3,7.1,10
207,0,nx_shortest_path_heuristic,10,10,2,12,0,1.0,0.0,0.0,lc_nx_heuristic_graph_0207,2.4418625831604004,38.10524368286133,622.4351806640625,30.763011932373047,50,48,3,7.4,11
208,0,nx_shortest_path_heuristic,10,10,2,12,1,0.0,1.0,0.0,lc_nx_heuristic_graph_0208,5.260781764984131,22.424257278442383,400.4456481933594,84.56098175048828,50,33,2,4.8,7
209,0,nx_shortest_path_heuristic,10,10,2,12,2,0.0,0.0,1.0,lc_nx_heuristic_graph_0209,1.9784965515136719,37.14049530029297,664.781005859375,27.483022689819336,50,44,3,6.8,10
210,0,nx_shortest_path_heuristic,10,10,2,12,0,1.0,0.0,0.0,lc_nx_heuristic_graph_0210,3.944347858428955,41.99646759033203,701.523681640625,49.97251510620117,50,37,5,8.0,12
211,0,nx_shortest_path_heuristic,10,10,2,12,1,0.0,1.0,0.0,lc_nx_heuristic_graph_0211,4.606534957885742,31.529964447021484,665.5615234375,61.36368942260742,50,38,3,6.2,12
212,0,nx_shortest_path_heuristic,10,10,2,12,2,0.0,0.0,1.0,lc_nx_heuristic_graph_0212,1.6823891401290894,30.94784927368164,674.1566772460938,23.469722747802734,50,45,2,7.7,12
213,0,nx_shortest_path_heuristic,10,10,2,12,0,1.0,0.0,0.0,lc_nx_heuristic_graph_0213,5.4416608810424805,35.24965286254883,505.4725341796875,67.98113250732422,50,34,2,5.6,11
214,0,nx_shortest_path_heuristic,10,10,2,12,1,0.0,1.0,0.0,lc_nx_heuristic_graph_0214,3.2627718448638916,53.2869873046875,664.2492065429688,53.90751266479492,50,39,4,7.3,11
215,0,nx_shortest_path_heuristic,10,10,2,12,2,0.0,0.0,1.0,lc_nx_heuristic_graph_0215,3.1391940116882324,42.622093200683594,678.0052490234375,51.22026824951172,50,38,2,5.8,12
216,0,nx_shortest_path_heuristic,10,10,2,12,0,1.0,0.0,0.0,lc_nx_heuristic_graph_0216,4.227464199066162,49.304832458496094,782.2101440429688,52.30473327636719,50,39,3,6.9,11
217,0,nx_shortest_path_heuristic,10,10,2,12,1,0.0,1.0,0.0,lc_nx_heuristic_graph_0217,3.2687408924102783,40.063961029052734,646.1355590820312,33.127845764160156,50,44,2,6.6,12
218,0,nx_shortest_path_heuristic,10,10,2,12,2,0.0,0.0,1.0,lc_nx_heuristic_graph_0218,2.0737853050231934,41.8019905090332,655.2885131835938,41.15751266479492,50,43,4,6.9,12
219,0,nx_shortest_path_heuristic,10,10,2,12,0,1.0,0.0,0.0,lc_nx_heuristic_graph_0219,1.9736970663070679,35.75115203857422,699.4148559570312,15.7671537399292,50,47,3,7.9,12
220,0,nx_shortest_path_heuristic,10,10,2,12,1,0.0,1.0,0.0,lc_nx_heuristic_graph_0220,3.4972033500671387,31.93486213684082,671.3721923828125,36.30347442626953,50,45,4,7.8,11
221,0,nx_shortest_path_heuristic,10,10,2,12,2,0.0,0.0,1.0,lc_nx_heuristic_graph_0221,1.2299871444702148,39.375606536865234,650.437744140625,16.648700714111328,50,48,2,7.4,12
222,0,nx_shortest_path_heuristic,10,10,2,12,0,1.0,0.0,0.0,lc_nx_heuristic_graph_0222,3.312892436981201,30.017948150634766,865.8231811523438,36.33747863769531,50,40,6,9.4,12
223,0,nx_shortest_path_heuristic,10,10,2,12,1,0.0,1.0,0.0,lc_nx_heuristic_graph_0223,3.8247482776641846,25.32328987121582,345.4437255859375,57.126502990722656,50,39,3,6.3,10
224,0,nx_shortest_path_heuristic,10,10,2,12,2,0.0,0.0,1.0,lc_nx_heuristic_graph_0224,2.6970152854919434,28.05696678161621,302.3843994140625,57.545654296875,50,39,3,6.4,12
225,0,nx_shortest_path_heuristic,10,10,2,12,0,1.0,0.0,0.0,lc_nx_heuristic_graph_0225,1.667616605758667,40.695350646972656,629.4710083007812,14.74887752532959,50,49,3,7.0,12
226,0,nx_shortest_path_heuristic,10,10,2,12,1,0.0,1.0,0.0,lc_nx_heuristic_graph_0226,3.7447688579559326,45.9731330871582,631.107421875,56.00617599487305,50,37,2,5.9,12
227,0,nx_shortest_path_heuristic,10,10,2,12,2,0.0,0.0,1.0,lc_nx_heuristic_graph_0227,2.9489455223083496,40.15035629272461,777.3375244140625,48.42059326171875,50,37,3,7.5,11
228,0,nx_shortest_path_heuristic,10,10,2,12,0,1.0,0.0,0.0,lc_nx_heuristic_graph_0228,5.835082054138184,36.48024368286133,375.1487731933594,80.07563018798828,50,36,2,4.9,12
229,0,nx_shortest_path_heuristic,10,10,2,12,1,0.0,1.0,0.0,lc_nx_heuristic_graph_0229,4.6894965171813965,49.11017990112305,826.164306640625,56.204933166503906,50,39,2,6.5,12
230,0,nx_shortest_path_heuristic,10,10,2,12,2,0.0,0.0,1.0,lc_nx_heuristic_graph_0230,3.517451524734497,36.88518142700195,775.1719360351562,56.50640106201172,50,33,4,8.0,12
231,0,nx_shortest_path_heuristic,10,10,2,12,0,1.0,0.0,0.0,lc_nx_heuristic_graph_0231,2.7162389755249023,45.02135467529297,562.8978881835938,35.560272216796875,50,44,3,6.4,9
232,0,nx_shortest_path_heuristic,10,10,2,12,1,0.0,1.0,0.0,lc_nx_heuristic_graph_0232,3.532593250274658,31.368310928344727,771.448974609375,38.036930084228516,50,40,3,8.3,12
233,0,nx_shortest_path_heuristic,10,10,2,12,2,0.0,0.0,1.0,lc_nx_heuristic_graph_0233,2.8491034507751465,24.242292404174805,459.9785461425781,42.566246032714844,50,38,2,7.2,11
234,0,nx_shortest_path_heuristic,10,10,2,12,0,1.0,0.0,0.0,lc_nx_heuristic_graph_0234,5.897922992706299,31.8037166595459,472.6361389160156,76.92561340332031,50,25,3,5.5,9
235,0,nx_shortest_path_heuristic,10,10,2,12,1,0.0,1.0,0.0,lc_nx_heuristic_graph_0235,4.296904563903809,22.44874382019043,301.09417724609375,64.8379135131836,50,32,2,5.6,9
236,0,nx_shortest_path_heuristic,10,10,2,12,2,0.0,0.0,1.0,lc_nx_heuristic_graph_0236,2.720555305480957,32.23318099975586,367.9496154785156,46.69619369506836,50,39,3,6.1,12
237,0,nx_shortest_path_heuristic,10,10,2,12,0,1.0,0.0,0.0,lc_nx_heuristic_graph_0237,3.920863151550293,49.57158660888672,768.1283569335938,50.5391960144043,50,37,2,7.5,12
238,0,nx_shortest_path_heuristic,10,10,2,12,1,0.0,1.0,0.0,lc_nx_heuristic_graph_0238,4.058760166168213,36.28628158569336,681.7035522460938,58.318172454833984,50,37,2,7.3,11
239,0,nx_shortest_path_heuristic,10,10,2,12,2,0.0,0.0,1.0,lc_nx_heuristic_graph_0239,1.5835148096084595,45.10332107543945,821.3219604492188,26.33612060546875,50,46,3,7.5,12
240,0,nx_shortest_path_heuristic,10,10,2,12,0,1.0,0.0,0.0,lc_nx_heuristic_graph_0240,4.140030860900879,36.369571685791016,463.0670166015625,51.347618103027344,50,37,3,6.3,11
241,0,nx_shortest_path_heuristic,10,10,2,12,1,0.0,1.0,0.0,lc_nx_heuristic_graph_0241,5.504971027374268,20.500394821166992,456.2608947753906,79.09030151367188,50,29,2,6.2,9
242,0,nx_shortest_path_heuristic,10,10,2,12,2,0.0,0.0,1.0,lc_nx_heuristic_graph_0242,1.7158809900283813,32.68203353881836,581.0032348632812,28.44304656982422,50,45,4,6.8,12
243,0,nx_shortest_path_heuristic,10,10,2,12,0,1.0,0.0,0.0,lc_nx_heuristic_graph_0243,2.9640390872955322,37.35573959350586,680.3680419921875,29.00619888305664,50,42,3,7.7,12
244,0,nx_shortest_path_heuristic,10,10,2,12,1,0.0,1.0,0.0,lc_nx_heuristic_graph_0244,3.573188304901123,38.12921905517578,705.6744995117188,46.1525764465332,50,38,4,7.6,10
245,0,nx_shortest_path_heuristic,10,10,2,12,2,0.0,0.0,1.0,lc_nx_heuristic_graph_0245,1.4446250200271606,43.94952392578125,582.552978515625,21.250335693359375,50,47,2,7.0,12
246,0,nx_shortest_path_heuristic,10,10,2,12,0,1.0,0.0,0.0,lc_nx_heuristic_graph_0246,4.4917144775390625,37.87766647338867,741.4676513671875,54.7535400390625,50,34,2,7.8,12
247,0,nx_shortest_path_heuristic,10,10,2,12,1,0.0,1.0,0.0,lc_nx_heuristic_graph_0247,2.7277746200561523,48.93782043457031,602.4712524414062,34.91650390625,50,45,3,6.6,12
248,0,nx_shortest_path_heuristic,10,10,2,12,2,0.0,0.0,1.0,lc_nx_heuristic_graph_0248,2.6912853717803955,64.56375885009766,614.3076171875,56.80158233642578,50,40,2,5.3,12
249,0,nx_shortest_path_heuristic,10,10,2,12,0,1.0,0.0,0.0,lc_nx_heuristic_graph_0249,4.626925468444824,34.686946868896484,352.0601501464844,58.983802795410156,50,38,2,6.0,10
250,0,nx_shortest_path_heuristic,10,10,2,12,1,0.0,1.0,0.0,lc_nx_heuristic_graph_0250,4.995312213897705,38.77902603149414,543.7864379882812,78.60861206054688,50,29,3,6.0,10
251,0,nx_shortest_path_heuristic,10,10,2,12,2,0.0,0.0,1.0,lc_nx_heuristic_graph_0251,2.236508369445801,32.27494812011719,780.3204345703125,32.73971939086914,50,42,5,8.7,11
252,0,nx_shortest_path_heuristic,10,10,2,12,0,1.0,0.0,0.0,lc_nx_heuristic_graph_0252,4.289276599884033,51.23887252807617,637.8946533203125,52.736473083496094,50,39,2,5.7,12
253,0,nx_shortest_path_heuristic,10,10,2,12,1,0.0,1.0,0.0,lc_nx_heuristic_graph_0253,3.4074089527130127,44.473388671875,727.9610595703125,39.74816131591797,50,40,3,6.3,10
254,0,nx_shortest_path_heuristic,10,10,2,12,2,0.0,0.0,1.0,lc_nx_heuristic_graph_0254,3.5584890842437744,27.191808700561523,457.04766845703125,58.74473571777344,50,35,2,7.5,11
255,0,nx_shortest_path_heuristic,10,10,2,12,0,1.0,0.0,0.0,lc_nx_heuristic_graph_0255,3.0937581062316895,30.007043838500977,425.2690124511719,38.15374755859375,50,42,3,6.8,10
256,0,nx_shortest_path_heuristic,10,10,2,12,1,0.0,1.0,0.0,lc_nx_heuristic_graph_0256,4.681797981262207,31.372495651245117,614.5746459960938,69.12730407714844,50,35,3,6.8,11
257,0,nx_shortest_path_heuristic,10,10,2,12,2,0.0,0.0,1.0,lc_nx_heuristic_graph_0257,1.8844833374023438,43.61299514770508,841.1201171875,26.766279220581055,50,44,2,7.1,12
258,0,nx_shortest_path_heuristic,10,10,2,12,0,1.0,0.0,0.0,lc_nx_heuristic_graph_0258,2.388744592666626,42.548038482666016,571.5975952148438,33.47188949584961,50,46,3,7.0,9
259,0,nx_shortest_path_heuristic,10,10,2,12,1,0.0,1.0,0.0,lc_nx_heuristic_graph_0259,4.046932220458984,34.541343688964844,749.5150756835938,50.120479583740234,50,36,5,8.1,12
260,0,nx_shortest_path_heuristic,10,10,2,12,2,0.0,0.0,1.0,lc_nx_heuristic_graph_0260,2.823364734649658,42.92757034301758,598.4895629882812,47.80127716064453,50,42,3,6.3,10
261,0,nx_shortest_path_heuristic,10,10,2,12,0,1.0,0.0,0.0,lc_nx_heuristic_graph_0261,2.6442060470581055,40.82648849487305,735.1826782226562,27.13589096069336,50,46,2,8.1,12
262,0,nx_shortest_path_heuristic,10,10,2,12,1,0.0,1.0,0.0,lc_nx_heuristic_graph_0262,3.4831645488739014,39.96712875366211,582.4694213867188,48.98902130126953,50,43,2,6.8,12
263,0,nx_shortest_path_heuristic,10,10,2,12,2,0.0,0.0,1.0,lc_nx_heuristic_graph_0263,2.481858491897583,42.448631286621094,636.669677734375,43.63837432861328,50,41,3,7.3,11
264,0,nx_shortest_path_heuristic,10,10,2,12,0,1.0,0.0,0.0,lc_nx_heuristic_graph_0264,3.1406495571136475,41.4040412902832,601.8359985351562,37.56680679321289,50,42,2,6.7,12
265,0,nx_shortest_path_heuristic,10,10,2,12,1,0.0,1.0,0.0,lc_nx_heuristic_graph_0265,3.2572124004364014,36.062355041503906,800.4553833007812,30.656333923339844,50,42,3,7.6,11
266,0,nx_shortest_path_heuristic,10,10,2,12,2,0.0,0.0,1.0,lc_nx_heuristic_graph_0266,2.5343775749206543,30.734060287475586,548.2510375976562,38.06426239013672,50,40,3,6.7,11
267,0,nx_shortest_path_heuristic,10,10,2,12,0,1.0,0.0,0.0,lc_nx_heuristic_graph_0267,2.6482033729553223,43.2981071472168,815.724853515625,35.709999084472656,50,44,4,6.9,12
268,0,nx_shortest_path_heuristic,10,10,2,12,1,0.0,1.0,0.0,lc_nx_heuristic_graph_0268,3.0109710693359375,31.307279586791992,816.0516967773438,22.473331451416016,50,44,4,9.2,12
269,0,nx_shortest_path_heuristic,10,10,2,12,2,0.0,0.0,1.0,lc_nx_heuristic_graph_0269,2.4425673484802246,37.14012908935547,687.7652587890625,33.67457580566406,50,41,3,7.2,12
270,0,nx_shortest_path_heuristic,10,10,2,12,0,1.0,0.0,0.0,lc_nx_heuristic_graph_0270,4.134662628173828,34.133907318115234,850.0654907226562,48.31107711791992,50,36,6,8.5,11
271,0,nx_shortest_path_heuristic,10,10,2,12,1,0.0,1.0,0.0,lc_nx_heuristic_graph_0271,4.695507049560547,42.18365478515625,614.9566650390625,66.30409240722656,50,30,2,5.5,8
272,0,nx_shortest_path_heuristic,10,10,2,12,2,0.0,0.0,1.0,lc_nx_heuristic_graph_0272,2.808773994445801,26.081830978393555,342.13726806640625,47.29507064819336,50,38,2,6.4,11
273,0,nx_shortest_path_heuristic,10,10,2,12,0,1.0,0.0,0.0,lc_nx_heuristic_graph_0273,4.525740623474121,32.46621322631836,488.65130615234375,53.41851043701172,50,34,3,6.4,10
274,0,nx_shortest_path_heuristic,10,10,2,12,1,0.0,1.0,0.0,lc_nx_heuristic_graph_0274,4.306122779846191,39.890743255615234,550.1000366210938,65.5396499633789,50,39,2,6.2,12
275,0,nx_shortest_path_heuristic,10,10,2,12,2,0.0,0.0,1.0,lc_nx_heuristic_graph_0275,2.783843994140625,33.257476806640625,567.8568725585938,39.54420852661133,50,39,3,7.0,12
276,0,nx_shortest_path_heuristic,10,10,2,12,0,1.0,0.0,0.0,lc_nx_heuristic_graph_0276,2.7282567024230957,40.263427734375,679.3125,28.304460525512695,50,44,3,7.6,12
277,0,nx_shortest_path_heuristic,10,10,2,12,1,0.0,1.0,0.0,lc_nx_heuristic_graph_0277,3.0299863815307617,37.589927673339844,700.5258178710938,26.74144172668457,50,46,3,7.7,11
278,0,nx_shortest_path_heuristic,10,10,2,12,2,0.0,0.0,1.0,lc_nx_heuristic_graph_0278,4.046964645385742,28.565011978149414,585.630126953125,69.68869018554688,50,33,4,6.6,9
279,0,nx_shortest_path_heuristic,10,10,2,12,0,1.0,0.0,0.0,lc_nx_heuristic_graph_0279,2.431602716445923,35.52749252319336,716.9639282226562,29.073657989501953,50,45,6,8.0,12
280,0,nx_shortest_path_heuristic,10,10,2,12,1,0.0,1.0,0.0,lc_nx_heuristic_graph_0280,4.146966934204102,29.329456329345703,369.3953857421875,56.577354431152344,50,33,2,5.8,12
281,0,nx_shortest_path_heuristic,10,10,2,12,2,0.0,0.0,1.0,lc_nx_heuristic_graph_0281,2.767476797103882,50.73480987548828,547.4822387695312,53.250038146972656,50,39,2,6.4,12
282,0,nx_shortest_path_heuristic,10,10,2,12,0,1.0,0.0,0.0,lc_nx_heuristic_graph_0282,3.624183177947998,41.84275817871094,666.9503784179688,44.290550231933594,50,50,2,6.7,12
283,0,nx_shortest_path_heuristic,10,10,2,12,1,0.0,1.0,0.0,lc_nx_heuristic_graph_0283,2.0995869636535645,50.346004486083984,568.4570922851562,35.82461929321289,50,48,3,6.6,12
284,0,nx_shortest_path_heuristic,10,10,2,12,2,0.0,0.0,1.0,lc_nx_heuristic_graph_0284,2.35048246383667,43.159507751464844,605.0966186523438,41.45157241821289,50,41,2,6.8,12
285,0,nx_shortest_path_heuristic,10,10,2,12,0,1.0,0.0,0.0,lc_nx_heuristic_graph_0285,3.070173740386963,43.10921096801758,753.240234375,40.141212463378906,50,42,3,6.6,12
286,0,nx_shortest_path_heuristic,10,10,2,12,1,0.0,1.0,0.0,lc_nx_heuristic_graph_0286,3.0672502517700195,41.14276885986328,530.6349487304688,42.8371467590332,50,46,3,6.4,12
287,0,nx_shortest_path_heuristic,10,10,2,12,2,0.0,0.0,1.0,lc_nx_heuristic_graph_0287,3.4660050868988037,38.764041900634766,651.2156372070312,58.8271484375,50,34,2,6.0,11
288,0,nx_shortest_path_heuristic,10,10,2,12,0,1.0,0.0,0.0,lc_nx_heuristic_graph_0288,1.810727834701538,42.611915588378906,571.920166015625,18.643566131591797,50,48,2,7.1,12
289,0,nx_shortest_path_heuristic,10,10,2,12,1,0.0,1.0,0.0,lc_nx_heuristic_graph_0289,4.341297149658203,27.03371810913086,654.978515625,52.39638137817383,50,36,6,8.5,11
290,0,nx_shortest_path_heuristic,10,10,2,12,2,0.0,0.0,1.0,lc_nx_heuristic_graph_0290,3.264274835586548,39.71302795410156,600.1665649414062,53.39179229736328,50,35,5,6.6,11
291,0,nx_shortest_path_heuristic,10,10,2,12,0,1.0,0.0,0.0,lc_nx_heuristic_graph_0291,4.7456440925598145,26.370161056518555,388.43743896484375,59.07027053833008,50,33,3,6.6,10
292,0,nx_shortest_path_heuristic,10,10,2,12,1,0.0,1.0,0.0,lc_nx_heuristic_graph_0292,4.237060546875,24.70319366455078,457.8799743652344,53.45646286010742,50,39,4,7.1,12
293,0,nx_shortest_path_heuristic,10,10,2,12,2,0.0,0.0,1.0,lc_nx_heuristic_graph_0293,2.510500431060791,39.94017028808594,707.254150390625,35.82511901855469,50,45,4,7.4,12
294,0,nx_shortest_path_heuristic,10,10,2,12,0,1.0,0.0,0.0,lc_nx_heuristic_graph_0294,5.70944356918335,28.079984664916992,656.2241821289062,71.88882446289062,50,36,4,5.7,7
295,0,nx_shortest_path_heuristic,10,10,2,12,1,0.0,1.0,0.0,lc_nx_heuristic_graph_0295,4.057485103607178,42.56380081176758,726.3162841796875,45.23105239868164,50,43,3,7.4,10
296,0,nx_shortest_path_heuristic,10,10,2,12,2,0.0,0.0,1.0,lc_nx_heuristic_graph_0296,3.049196720123291,33.469234466552734,400.25811767578125,57.14973831176758,50,37,3,6.1,10
297,0,nx_shortest_path_heuristic,10,10,2,12,0,1.0,0.0,0.0,lc_nx_heuristic_graph_0297,2.545340061187744,34.24265670776367,624.686279296875,23.598665237426758,50,44,3,7.3,11
298,0,nx_shortest_path_heuristic,10,10,2,12,1,0.0,1.0,0.0,lc_nx_heuristic_graph_0298,3.0876922607421875,40.2562141418457,707.9103393554688,24.15937614440918,50,44,4,7.5,12
299,0,nx_shortest_path_heuristic,10,10,2,12,2,0.0,0.0,1.0,lc_nx_heuristic_graph_0299,2.047999143600464,45.57499694824219,591.9022216796875,49.187843322753906,50,43,4,7.9,12
300,0,nx_shortest_path_heuristic,10,10,2,12,0,1.0,0.0,0.0,lc_nx_heuristic_graph_0300,3.4445900917053223,42.30563735961914,765.6202392578125,42.358428955078125,50,40,2,6.5,10
301,0,nx_shortest_path_heuristic,10,10,2,12,1,0.0,1.0,0.0,lc_nx_heuristic_graph_0301,4.771131992340088,37.04888916015625,621.3428955078125,64.2988052368164,50,37,3,5.5,8
302,0,nx_shortest_path_heuristic,10,10,2,12,2,0.0,0.0,1.0,lc_nx_heuristic_graph_0302,3.774420976638794,39.71709060668945,528.5218505859375,64.70126342773438,50,31,2,6.1,10
303,0,nx_shortest_path_heuristic,10,10,2,12,0,1.0,0.0,0.0,lc_nx_heuristic_graph_0303,4.209227561950684,25.670433044433594,365.7467956542969,48.59954071044922,50,36,3,6.6,12
304,0,nx_shortest_path_heuristic,10,10,2,12,1,0.0,1.0,0.0,lc_nx_heuristic_graph_0304,4.648978233337402,28.5508975982666,566.2174682617188,58.6972770690918,50,36,4,6.7,10
305,0,nx_shortest_path_heuristic,10,10,2,12,2,0.0,0.0,1.0,lc_nx_heuristic_graph_0305,2.0694000720977783,36.53684997558594,662.3757934570312,30.154565811157227,50,43,4,7.4,12
306,0,nx_shortest_path_heuristic,10,10,2,12,0,1.0,0.0,0.0,lc_nx_heuristic_graph_0306,3.051119089126587,43.988121032714844,476.44305419921875,48.79189682006836,50,43,2,5.7,12
307,0,nx_shortest_path_heuristic,10,10,2,12,1,0.0,1.0,0.0,lc_nx_heuristic_graph_0307,3.5955214500427246,26.238117218017578,432.9395446777344,46.094783782958984,50,38,3,6.7,12
308,0,nx_shortest_path_heuristic,10,10,2,12,2,0.0,0.0,1.0,lc_nx_heuristic_graph_0308,2.6479434967041016,48.002933502197266,586.1138916015625,53.020904541015625,50,41,2,6.2,12
309,0,nx_shortest_path_heuristic,10,10,2,12,0,1.0,0.0,0.0,lc_nx_heuristic_graph_0309,4.4385881423950195,39.317298889160156,671.8860473632812,55.05263900756836,50,37,2,7.0,10
310,0,nx_shortest_path_heuristic,10,10,2,12,1,0.0,1.0,0.0,lc_nx_heuristic_graph_0310,3.927168846130371,32.74299621582031,636.3363037109375,46.105499267578125,50,37,3,6.8,12
311,0,nx_shortest_path_heuristic,10,10,2,12,2,0.0,0.0,1.0,lc_nx_heuristic_graph_0311,1.893010139465332,38.26763153076172,721.273193359375,26.994476318359375,50,44,4,8.1,12
312,0,nx_shortest_path_heuristic,10,10,2,12,0,1.0,0.0,0.0,lc_nx_heuristic_graph_0312,3.253574848175049,40.022117614746094,885.4424438476562,35.37992477416992,50,41,3,7.3,12
313,0,nx_shortest_path_heuristic,10,10,2,12,1,0.0,1.0,0.0,lc_nx_heuristic_graph_0313,4.1404571533203125,34.030487060546875,398.16021728515625,63.33357238769531,50,34,3,5.7,10
314,0,nx_shortest_path_heuristic,10,10,2,12,2,0.0,0.0,1.0,lc_nx_heuristic_graph_0314,3.4076666831970215,28.307214736938477,401.1393127441406,56.33478927612305,50,34,3,6.2,10
315,0,nx_shortest_path_heuristic,10,10,2,12,0,1.0,0.0,0.0,lc_nx_heuristic_graph_0315,4.333183765411377,50.509464263916016,716.906005859375,61.83211135864258,50,36,3,6.2,11
316,0,nx_shortest_path_heuristic,10,10,2,12,1,0.0,1.0,0.0,lc_nx_heuristic_graph_0316,4.48322057723999,38.49100112915039,535.4365844726562,66.01555633544922,50,37,3,6.1,10
317,0,nx_shortest_path_heuristic,10,10,2,12,2,0.0,0.0,1.0,lc_nx_heuristic_graph_0317,3.8451590538024902,39.114036560058594,648.2716064453125,63.021270751953125,50,40,3,5.8,10
318,0,nx_shortest_path_heuristic,10,10,2,12,0,1.0,0.0,0.0,lc_nx_heuristic_graph_0318,3.697343587875366,46.983760833740234,649.7197875976562,49.824153900146484,50,44,3,5.9,10
319,0,nx_shortest_path_heuristic,10,10,2,12,1,0.0,1.0,0.0,lc_nx_heuristic_graph_0319,1.7901296615600586,56.5494270324707,602.6564331054688,22.601787567138672,50,49,2,6.9,12
320,0,nx_shortest_path_heuristic,10,10,2,12,2,0.0,0.0,1.0,lc_nx_heuristic_graph_0320,1.7140693664550781,35.73122787475586,723.3277587890625,18.673994064331055,50,45,5,8.1,12
321,0,nx_shortest_path_heuristic,10,10,2,12,0,1.0,0.0,0.0,lc_nx_heuristic_graph_0321,3.735922336578369,49.98228454589844,725.6489868164062,42.45425033569336,50,43,2,6.3,12
322,0,nx_shortest_path_heuristic,10,10,2,12,1,0.0,1.0,0.0,lc_nx_heuristic_graph_0322,4.112752914428711,35.84554672241211,495.2093200683594,63.286048889160156,50,36,2,5.5,10
323,0,nx_shortest_path_heuristic,10,10,2,12,2,0.0,0.0,1.0,lc_nx_heuristic_graph_0323,1.2653772830963135,37.18053436279297,659.4381103515625,17.376556396484375,50,47,4,8.1,12
324,0,nx_shortest_path_heuristic,10,10,2,12,0,1.0,0.0,0.0,lc_nx_heuristic_graph_0324,3.4882218837738037,28.63080406188965,453.36865234375,40.42280197143555,50,40,2,8.0,12
325,0,nx_shortest_path_heuristic,10,10,2,12,1,0.0,1.0,0.0,lc_nx_heuristic_graph_0325,3.554887294769287,50.818824768066406,783.9334716796875,35.291805267333984,50,40,5,7.0,10
326,0,nx_shortest_path_heuristic,10,10,2,12,2,0.0,0.0,1.0,lc_nx_heuristic_graph_0326,3.9256980419158936,22.564697265625,435.3490295410156,64.83837127685547,50,30,4,7.2,11
327,0,nx_shortest_path_heuristic,10,10,2,12,0,1.0,0.0,0.0,lc_nx_heuristic_graph_0327,5.28720235824585,34.51817321777344,722.562255859375,65.92936706542969,50,33,2,7.2,12
328,0,nx_shortest_path_heuristic,10,10,2,12,1,0.0,1.0,0.0,lc_nx_heuristic_graph_0328,4.265099048614502,36.882835388183594,803.6137084960938,59.40528106689453,50,36,3,8.3,12
329,0,nx_shortest_path_heuristic,10,10,2,12,2,0.0,0.0,1.0,lc_nx_heuristic_graph_0329,2.25014066696167,44.20619201660156,893.3502197265625,36.30358123779297,50,42,5,7.4,10
330,0,nx_shortest_path_heuristic,10,10,2,12,0,1.0,0.0,0.0,lc_nx_heuristic_graph_0330,4.499499320983887,26.851625442504883,473.94171142578125,55.89775848388672,50,40,3,7.5,10
331,0,nx_shortest_path_heuristic,10,10,2,12,1,0.0,1.0,0.0,lc_nx_heuristic_graph_0331,2.5946736335754395,50.55564498901367,707.0785522460938,35.046592712402344,50,43,2,6.8,10
332,0,nx_shortest_path_heuristic,10,10,2,12,2,0.0,0.0,1.0,lc_nx_heuristic_graph_0332,1.8886338472366333,35.18241500854492,829.4584350585938,25.036388397216797,50,44,3,9.2,12
333,0,nx_shortest_path_heuristic,10,10,2,12,0,1.0,0.0,0.0,lc_nx_heuristic_graph_0333,4.688068389892578,45.51272201538086,735.368896484375,57.49010467529297,50,33,3,7.6,12
334,0,nx_shortest_path_heuristic,10,10,2,12,1,0.0,1.0,0.0,lc_nx_heuristic_graph_0334,3.070744752883911,51.795799255371094,748.452392578125,44.66815185546875,50,43,3,6.6,10
335,0,nx_shortest_path_heuristic,10,10,2,12,2,0.0,0.0,1.0,lc_nx_heuristic_graph_0335,2.5945167541503906,38.477806091308594,713.3419189453125,37.24303436279297,50,40,2,6.5,10
336,0,nx_shortest_path_heuristic,10,10,2,12,0,1.0,0.0,0.0,lc_nx_heuristic_graph_0336,3.4184353351593018,41.42308807373047,941.4954223632812,37.98951721191406,50,40,5,7.8,12
337,0,nx_shortest_path_heuristic,10,10,2,12,1,0.0,1.0,0.0,lc_nx_heuristic_graph_0337,2.858612060546875,40.74783706665039,476.7590637207031,45.22811508178711,50,41,2,6.0,12
338,0,nx_shortest_path_heuristic,10,10,2,12,2,0.0,0.0,1.0,lc_nx_heuristic_graph_0338,2.0036659240722656,24.084321975708008,498.2613830566406,28.196086883544922,50,43,5,8.2,12
339,0,nx_shortest_path_heuristic,10,10,2,12,0,1.0,0.0,0.0,lc_nx_heuristic_graph_0339,2.2202694416046143,51.56417465209961,731.3087158203125,36.624855041503906,50,46,4,6.3,11
340,0,nx_shortest_path_heuristic,10,10,2,12,1,0.0,1.0,0.0,lc_nx_heuristic_graph_0340,4.083065986633301,39.65351104736328,620.7444458007812,56.013423919677734,50,35,2,7.5,12
341,0,nx_shortest_path_heuristic,10,10,2,12,2,0.0,0.0,1.0,lc_nx_heuristic_graph_0341,3.424858808517456,33.15346145629883,742.2767944335938,57.76133728027344,50,42,2,7.5,11
342,0,nx_shortest_path_heuristic,10,10,2,12,0,1.0,0.0,0.0,lc_nx_heuristic_graph_0342,4.5297465324401855,36.554969787597656,603.0131225585938,58.486175537109375,50,46,2,6.8,12
343,0,nx_shortest_path_heuristic,10,10,2,12,1,0.0,1.0,0.0,lc_nx_heuristic_graph_0343,2.4922282695770264,45.01197814941406,682.1156005859375,32.96818542480469,50,47,4,7.5,12
344,0,nx_shortest_path_heuristic,10,10,2,12,2,0.0,0.0,1.0,lc_nx_heuristic_graph_0344,3.917598247528076,36.67536544799805,528.417236328125,62.59928512573242,50,40,3,5.5,8
345,0,nx_shortest_path_heuristic,10,10,2,12,0,1.0,0.0,0.0,lc_nx_heuristic_graph_0345,4.690496444702148,39.92727279663086,455.09033203125,66.76757049560547,50,39,2,5.4,12
346,0,nx_shortest_path_heuristic,10,10,2,12,1,0.0,1.0,0.0,lc_nx_heuristic_graph_0346,3.788461208343506,37.25786590576172,664.1692504882812,52.36246109008789,50,35,3,7.4,12
347,0,nx_shortest_path_heuristic,10,10,2,12,2,0.0,0.0,1.0,lc_nx_heuristic_graph_0347,3.2223756313323975,45.86834716796875,624.3807983398438,53.713462829589844,50,43,2,5.4,10
348,0,nx_shortest_path_heuristic,10,10,2,12,0,1.0,0.0,0.0,lc_nx_heuristic_graph_0348,5.081457138061523,31.045148849487305,487.43707275390625,64.67585754394531,50,31,3,5.6,10
349,0,nx_shortest_path_heuristic,10,10,2,12,1,0.0,1.0,0.0,lc_nx_heuristic_graph_0349,2.1306419372558594,35.97308349609375,694.5512084960938,12.059207916259766,50,49,4,7.8,12
350,0,nx_shortest_path_heuristic,10,10,2,12,2,0.0,0.0,1.0,lc_nx_heuristic_graph_0350,2.9723830223083496,32.1913948059082,676.3621215820312,47.5804328918457,50,37,2,8.0,12
351,0,nx_shortest_path_heuristic,10,10,2,12,0,1.0,0.0,0.0,lc_nx_heuristic_graph_0351,3.464927911758423,28.139509201049805,500.67523193359375,40.35786819458008,50,40,3,7.7,12
352,0,nx_shortest_path_heuristic,10,10,2,12,1,0.0,1.0,0.0,lc_nx_heuristic_graph_0352,2.594038248062134,40.41737747192383,601.2914428710938,33.088069915771484,50,45,2,6.5,12
353,0,nx_shortest_path_heuristic,10,10,2,12,2,0.0,0.0,1.0,lc_nx_heuristic_graph_0353,3.2508068084716797,29.911470413208008,636.6045532226562,54.00959777832031,50,35,4,7.4,12
354,0,nx_shortest_path_heuristic,10,10,2,12,0,1.0,0.0,0.0,lc_nx_heuristic_graph_0354,4.238063812255859,47.004512786865234,711.216552734375,55.36981201171875,50,40,2,6.5,10
355,0,nx_shortest_path_heuristic,10,10,2,12,1,0.0,1.0,0.0,lc_nx_heuristic_graph_0355,4.329751014709473,33.98146057128906,557.4009399414062,62.82495880126953,50,32,2,6.2,10
356,0,nx_shortest_path_heuristic,10,10,2,12,2,0.0,0.0,1.0,lc_nx_heuristic_graph_0356,3.3171069622039795,40.8590202331543,502.689453125,60.701053619384766,50,37,2,4.8,10
357,0,nx_shortest_path_heuristic,10,10,2,12,0,1.0,0.0,0.0,lc_nx_heuristic_graph_0357,5.2996392250061035,31.646657943725586,741.4100952148438,66.0933609008789,50,36,5,8.0,10
358,0,nx_shortest_path_heuristic,10,10,2,12,1,0.0,1.0,0.0,lc_nx_heuristic_graph_0358,4.000234127044678,37.65766143798828,525.2472534179688,59.240238189697266,50,36,2,6.3,12
359,0,nx_shortest_path_heuristic,10,10,2,12,2,0.0,0.0,1.0,lc_nx_heuristic_graph_0359,2.8531410694122314,26.863643646240234,424.0291748046875,52.65734100341797,50,38,4,6.9,10
360,0,nx_shortest_path_heuristic,10,10,2,12,0,1.0,0.0,0.0,lc_nx_heuristic_graph_0360,4.172520160675049,41.76477813720703,792.027587890625,49.270774841308594,50,36,6,8.7,12
361,0,nx_shortest_path_heuristic,10,10,2,12,1,0.0,1.0,0.0,lc_nx_heuristic_graph_0361,3.4711012840270996,38.278892517089844,825.8679809570312,37.669857025146484,50,40,2,8.1,12
362,0,nx_shortest_path_heuristic,10,10,2,12,2,0.0,0.0,1.0,lc_nx_heuristic_graph_0362,3.682229518890381,23.132333755493164,474.73345947265625,60.15840148925781,50,32,4,7.7,11
363,0,nx_shortest_path_heuristic,10,10,2,12,0,1.0,0.0,0.0,lc_nx_heuristic_graph_0363,2.830231189727783,36.18577194213867,786.8798217773438,29.742753982543945,50,43,3,8.0,12
364,0,nx_shortest_path_heuristic,10,10,2,12,1,0.0,1.0,0.0,lc_nx_heuristic_graph_0364,3.6658952236175537,44.247554779052734,652.8419189453125,43.31961441040039,50,40,2,7.5,12
365,0,nx_shortest_path_heuristic,10,10,2,12,2,0.0,0.0,1.0,lc_nx_heuristic_graph_0365,1.94361412525177,45.04216384887695,823.5776977539062,22.762765884399414,50,44,3,7.1,12
366,0,nx_shortest_path_heuristic,10,10,2,12,0,1.0,0.0,0.0,lc_nx_heuristic_graph_0366,4.32253885269165,46.02101135253906,686.0459594726562,57.140262603759766,50,38,3,7.1,11
367,0,nx_shortest_path_heuristic,10,10,2,12,1,0.0,1.0,0.0,lc_nx_heuristic_graph_0367,3.512359142303467,37.529781341552734,530.8998413085938,46.703304290771484,50,37,3,6.5,12
368,0,nx_shortest_path_heuristic,10,10,2,12,2,0.0,0.0,1.0,lc_nx_heuristic_graph_0368,1.642879605293274,53.5350456237793,662.063232421875,39.34904098510742,50,46,4,7.3,12
369,0,nx_shortest_path_heuristic,10,10,2,12,0,1.0,0.0,0.0,lc_nx_heuristic_graph_0369,4.5023193359375,43.27892303466797,873.9007568359375,56.298614501953125,50,34,5,8.3,12
370,0,nx_shortest_path_heuristic,10,10,2,12,1,0.0,1.0,0.0,lc_nx_heuristic_graph_0370,3.5044989585876465,41.14509201049805,1149.4290771484375,33.04731369018555,50,41,7,10.6,12
371,0,nx_shortest_path_heuristic,10,10,2,12,2,0.0,0.0,1.0,lc_nx_heuristic_graph_0371,3.2781620025634766,26.448036193847656,431.6842346191406,55.965187072753906,50,35,3,6.8,9
372,0,nx_shortest_path_heuristic,10,10,2,12,0,1.0,0.0,0.0,lc_nx_heuristic_graph_0372,4.520448207855225,39.96238327026367,791.0015869140625,54.78322982788086,50,40,3,6.9,12
373,0,nx_shortest_path_heuristic,10,10,2,12,1,0.0,1.0,0.0,lc_nx_heuristic_graph_0373,4.066201686859131,37.85874557495117,768.3640747070312,54.58828353881836,50,35,2,6.8,12
374,0,nx_shortest_path_heuristic,10,10,2,12,2,0.0,0.0,1.0,lc_nx_heuristic_graph_0374,2.8968968391418457,46.88948059082031,672.8646850585938,52.954322814941406,50,38,3,5.9,9
375,0,nx_shortest_path_heuristic,10,10,2,12,0,1.0,0.0,0.0,lc_nx_heuristic_graph_0375,6.206477165222168,20.461559295654297,338.2393798828125,81.41362762451172,50,35,2,5.4,10
376,0,nx_shortest_path_heuristic,10,10,2,12,1,0.0,1.0,0.0,lc_nx_heuristic_graph_0376,5.080312728881836,31.11519432067871,428.53497314453125,79.70323944091797,50,34,2,5.1,11
377,0,nx_shortest_path_heuristic,10,10,2,12,2,0.0,0.0,1.0,lc_nx_heuristic_graph_0377,2.003877639770508,44.0487174987793,735.2158813476562,33.993255615234375,50,43,3,7.7,12
378,0,nx_shortest_path_heuristic,10,10,2,12,0,1.0,0.0,0.0,lc_nx_heuristic_graph_0378,1.8266829252243042,37.102699279785156,834.5057373046875,23.41543197631836,50,47,6,8.6,12
379,0,nx_shortest_path_heuristic,10,10,2,12,1,0.0,1.0,0.0,lc_nx_heuristic_graph_0379,3.662813901901245,32.73442077636719,556.644287109375,53.752685546875,50,42,4,6.4,10
380,0,nx_shortest_path_heuristic,10,10,2,12,2,0.0,0.0,1.0,lc_nx_heuristic_graph_0380,2.211616039276123,37.533935546875,665.5234375,32.26338577270508,50,46,2,7.2,12
381,0,nx_shortest_path_heuristic,10,10,2,12,0,1.0,0.0,0.0,lc_nx_heuristic_graph_0381,3.3962583541870117,36.99603271484375,813.6766357421875,38.461700439453125,50,42,2,7.6,12
382,0,nx_shortest_path_heuristic,10,10,2,12,1,0.0,1.0,0.0,lc_nx_heuristic_graph_0382,3.2574195861816406,41.675331115722656,661.8294067382812,32.29228591918945,50,42,4,7.5,11
383,0,nx_shortest_path_heuristic,10,10,2,12,2,0.0,0.0,1.0,lc_nx_heuristic_graph_0383,1.9601258039474487,53.524837493896484,661.3187866210938,44.77121353149414,50,44,2,5.9,11
384,0,nx_shortest_path_heuristic,10,10,2,12,0,1.0,0.0,0.0,lc_nx_heuristic_graph_0384,5.774317264556885,25.023893356323242,348.8421325683594,75.16767883300781,50,30,3,5.4,9
385,0,nx_shortest_path_heuristic,10,10,2,12,1,0.0,1.0,0.0,lc_nx_heuristic_graph_0385,4.148303985595703,45.161685943603516,679.9884033203125,56.07424545288086,50,34,3,7.4,12
386,0,nx_shortest_path_heuristic,10,10,2,12,2,0.0,0.0,1.0,lc_nx_heuristic_graph_0386,1.1189618110656738,53.078575134277344,612.7012939453125,26.53411865234375,50,49,2,7.1,12
387,0,nx_shortest_path_heuristic,10,10,2,12,0,1.0,0.0,0.0,lc_nx_heuristic_graph_0387,3.49153995513916,39.457523345947266,443.82757568359375,49.85030746459961,50,41,3,7.0,10
388,0,nx_shortest_path_heuristic,10,10,2,12,1,0.0,1.0,0.0,lc_nx_heuristic_graph_0388,3.336399793624878,32.09162139892578,521.73486328125,42.0641975402832,50,42,2,6.4,12
389,0,nx_shortest_path_heuristic,10,10,2,12,2,0.0,0.0,1.0,lc_nx_heuristic_graph_0389,1.992323875427246,36.74919891357422,769.8349609375,26.457965850830078,50,43,4,8.9,12
390,0,nx_shortest_path_heuristic,10,10,2,12,0,1.0,0.0,0.0,lc_nx_heuristic_graph_0390,6.210716724395752,22.33348274230957,417.43463134765625,79.78205108642578,50,32,2,6.1,12
391,0,nx_shortest_path_heuristic,10,10,2,12,1,0.0,1.0,0.0,lc_nx_heuristic_graph_0391,3.3286120891571045,37.63866424560547,549.3582763671875,44.2884407043457,50,38,3,6.8,12
392,0,nx_shortest_path_heuristic,10,10,2,12,2,0.0,0.0,1.0,lc_nx_heuristic_graph_0392,3.558640718460083,27.875429153442383,381.3614807128906,57.23563003540039,50,33,3,6.7,12
393,0,nx_shortest_path_heuristic,10,10,2,12,0,1.0,0.0,0.0,lc_nx_heuristic_graph_0393,4.551669120788574,41.46868133544922,627.2136840820312,57.589447021484375,50,34,4,7.2,11
394,0,nx_shortest_path_heuristic,10,10,2,12,1,0.0,1.0,0.0,lc_nx_heuristic_graph_0394,3.1165530681610107,44.002193450927734,813.0977783203125,31.51957130432129,50,43,5,6.9,11
395,0,nx_shortest_path_heuristic,10,10,2,12,2,0.0,0.0,1.0,lc_nx_heuristic_graph_0395,2.573525905609131,34.0548210144043,703.201416015625,35.947357177734375,50,40,4,7.7,12
396,0,nx_shortest_path_heuristic,10,10,2,12,0,1.0,0.0,0.0,lc_nx_heuristic_graph_0396,1.6149933338165283,41.57969665527344,576.5817260742188,20.241046905517578,50,49,3,6.8,12
397,0,nx_shortest_path_heuristic,10,10,2,12,1,0.0,1.0,0.0,lc_nx_heuristic_graph_0397,3.780768871307373,34.932777404785156,666.5619506835938,51.786293029785156,50,35,4,7.0,11
398,0,nx_shortest_path_heuristic,10,10,2,12,2,0.0,0.0,1.0,lc_nx_heuristic_graph_0398,2.8437273502349854,47.05418395996094,735.9840698242188,44.50379180908203,50,38,2,7.2,12
399,0,nx_shortest_path_heuristic,10,10,2,12,0,1.0,0.0,0.0,lc_nx_heuristic_graph_0399,5.461313247680664,33.96544647216797,644.481689453125,68.31311798095703,50,28,2,6.7,12
400,0,nx_shortest_path_heuristic,10,10,2,12,1,0.0,1.0,0.0,lc_nx_heuristic_graph_0400,4.418667316436768,31.575420379638672,563.5223999023438,67.19013214111328,50,38,4,6.2,9
401,0,nx_shortest_path_heuristic,10,10,2,12,2,0.0,0.0,1.0,lc_nx_heuristic_graph_0401,2.7990317344665527,32.23965835571289,694.4265747070312,43.0602912902832,50,38,2,7.7,12
402,0,nx_shortest_path_heuristic,10,10,2,12,0,1.0,0.0,0.0,lc_nx_heuristic_graph_0402,4.847883701324463,43.33369827270508,819.4060668945312,60.21621322631836,50,32,4,8.5,12
403,0,nx_shortest_path_heuristic,10,10,2,12,1,0.0,1.0,0.0,lc_nx_heuristic_graph_0403,5.570554256439209,28.671682357788086,558.3497314453125,80.67826843261719,50,38,2,5.5,12
404,0,nx_shortest_path_heuristic,10,10,2,12,2,0.0,0.0,1.0,lc_nx_heuristic_graph_0404,2.7018136978149414,37.229549407958984,602.5421752929688,43.43474197387695,50,42,3,7.2,12
405,0,nx_shortest_path_heuristic,10,10,2,12,0,1.0,0.0,0.0,lc_nx_heuristic_graph_0405,2.8412089347839355,39.28424835205078,740.3890380859375,36.932708740234375,50,43,4,8.1,12
406,0,nx_shortest_path_heuristic,10,10,2,12,1,0.0,1.0,0.0,lc_nx_heuristic_graph_0406,2.5129175186157227,37.52235794067383,534.9232788085938,43.806800842285156,50,44,3,6.3,9
407,0,nx_shortest_path_heuristic,10,10,2,12,2,0.0,0.0,1.0,lc_nx_heuristic_graph_0407,3.437225341796875,30.738107681274414,361.56549072265625,58.51410675048828,50,37,3,5.6,8
408,0,nx_shortest_path_heuristic,10,10,2,12,0,1.0,0.0,0.0,lc_nx_heuristic_graph_0408,2.4685399532318115,44.46495819091797,649.8692016601562,29.251399993896484,50,45,3,7.6,12
409,0,nx_shortest_path_heuristic,10,10,2,12,1,0.0,1.0,0.0,lc_nx_heuristic_graph_0409,4.097970485687256,38.21091842651367,613.4829711914062,59.835731506347656,50,35,3,5.7,10
410,0,nx_shortest_path_heuristic,10,10,2,12,2,0.0,0.0,1.0,lc_nx_heuristic_graph_0410,3.3137035369873047,32.30396270751953,576.0531005859375,54.664756774902344,50,40,4,7.3,12
411,0,nx_shortest_path_heuristic,10,10,2,12,0,1.0,0.0,0.0,lc_nx_heuristic_graph_0411,3.0881240367889404,33.989688873291016,560.4083862304688,32.78066635131836,50,44,2,6.6,9
412,0,nx_shortest_path_heuristic,10,10,2,12,1,0.0,1.0,0.0,lc_nx_heuristic_graph_0412,3.221778154373169,41.10499954223633,985.4058837890625,29.343685150146484,50,43,3,8.1,12
413,0,nx_shortest_path_heuristic,10,10,2,12,2,0.0,0.0,1.0,lc_nx_heuristic_graph_0413,2.6084067821502686,46.82630157470703,715.05859375,44.4413948059082,50,40,2,5.9,10
414,0,nx_shortest_path_heuristic,10,10,2,12,0,1.0,0.0,0.0,lc_nx_heuristic_graph_0414,4.863326072692871,38.12516403198242,498.89447021484375,63.17581558227539,50,32,2,5.5,12
415,0,nx_shortest_path_heuristic,10,10,2,12,1,0.0,1.0,0.0,lc_nx_heuristic_graph_0415,3.970339059829712,38.93852615356445,826.2595825195312,57.040889739990234,50,44,4,7.9,11
416,0,nx_shortest_path_heuristic,10,10,2,12,2,0.0,0.0,1.0,lc_nx_heuristic_graph_0416,2.9765594005584717,37.497520446777344,688.6712036132812,48.79642868041992,50,37,4,7.4,12
417,0,nx_shortest_path_heuristic,10,10,2,12,0,1.0,0.0,0.0,lc_nx_heuristic_graph_0417,4.126012325286865,35.89179992675781,543.3007202148438,50.71002960205078,50,38,2,6.8,12
418,0,nx_shortest_path_heuristic,10,10,2,12,1,0.0,1.0,0.0,lc_nx_heuristic_graph_0418,3.78275728225708,42.43440628051758,773.5787353515625,49.347869873046875,50,36,4,8.3,12
419,0,nx_shortest_path_heuristic,10,10,2,12,2,0.0,0.0,1.0,lc_nx_heuristic_graph_0419,2.086905002593994,39.045677185058594,593.4588623046875,50.057315826416016,50,43,3,7.1,12
420,0,nx_shortest_path_heuristic,10,10,2,12,0,1.0,0.0,0.0,lc_nx_heuristic_graph_0420,2.9135446548461914,31.74153709411621,748.0869750976562,30.20844078063965,50,42,3,8.8,12
421,0,nx_shortest_path_heuristic,10,10,2,12,1,0.0,1.0,0.0,lc_nx_heuristic_graph_0421,4.269904136657715,35.9736213684082,554.3410034179688,63.491119384765625,50,31,3,6.0,11
422,0,nx_shortest_path_heuristic,10,10,2,12,2,0.0,0.0,1.0,lc_nx_heuristic_graph_0422,2.1320667266845703,42.8889274597168,868.2117309570312,29.47218132019043,50,43,4,8.0,12
423,0,nx_shortest_path_heuristic,10,10,2,12,0,1.0,0.0,0.0,lc_nx_heuristic_graph_0423,4.647220611572266,49.48552322387695,835.4371948242188,57.8943977355957,50,33,3,8.1,12
424,0,nx_shortest_path_heuristic,10,10,2,12,1,0.0,1.0,0.0,lc_nx_heuristic_graph_0424,2.3137381076812744,39.98861312866211,564.595947265625,27.63347625732422,50,49,2,7.0,11
425,0,nx_shortest_path_heuristic,10,10,2,12,2,0.0,0.0,1.0,lc_nx_heuristic_graph_0425,3.7739884853363037,32.73527145385742,647.0859375,63.8233642578125,50,31,2,6.9,12
426,0,nx_shortest_path_heuristic,10,10,2,12,0,1.0,0.0,0.0,lc_nx_heuristic_graph_0426,2.225170373916626,47.135841369628906,638.5247192382812,30.25943946838379,50,46,3,7.2,11
427,0,nx_shortest_path_heuristic,10,10,2,12,1,0.0,1.0,0.0,lc_nx_heuristic_graph_0427,4.002412796020508,41.973899841308594,565.1132202148438,56.713748931884766,50,35,2,5.3,9
428,0,nx_shortest_path_heuristic,10,10,2,12,2,0.0,0.0,1.0,lc_nx_heuristic_graph_0428,3.7286338806152344,26.474830627441406,529.8895874023438,59.95798110961914,50,32,4,7.0,11
429,0,nx_shortest_path_heuristic,10,10,2,12,0,1.0,0.0,0.0,lc_nx_heuristic_graph_0429,2.5727598667144775,37.8101806640625,903.1503295898438,26.775175094604492,50,44,3,9.0,12
430,0,nx_shortest_path_heuristic,10,10,2,12,1,0.0,1.0,0.0,lc_nx_heuristic_graph_0430,4.868918418884277,24.444114685058594,453.0465393066406,69.21478271484375,50,30,4,6.9,10
431,0,nx_shortest_path_heuristic,10,10,2,12,2,0.0,0.0,1.0,lc_nx_heuristic_graph_0431,2.391221046447754,29.437578201293945,466.48846435546875,37.76277160644531,50,41,5,7.3,11
432,0,nx_shortest_path_heuristic,10,10,2,12,0,1.0,0.0,0.0,lc_nx_heuristic_graph_0432,4.171168327331543,36.86313247680664,710.1627807617188,51.48418045043945,50,36,4,7.5,12
433,0,nx_shortest_path_heuristic,10,10,2,12,1,0.0,1.0,0.0,lc_nx_heuristic_graph_0433,3.889777183532715,42.35628890991211,860.9992065429688,48.44272994995117,50,38,3,7.3,12
434,0,nx_shortest_path_heuristic,10,10,2,12,2,0.0,0.0,1.0,lc_nx_heuristic_graph_0434,3.1310930252075195,30.629560470581055,611.838134765625,48.49677658081055,50,36,3,7.2,12
435,0,nx_shortest_path_heuristic,10,10,2,12,0,1.0,0.0,0.0,lc_nx_heuristic_graph_0435,2.4093823432922363,27.38530921936035,672.9622192382812,21.064884185791016,50,48,4,8.6,12
436,0,nx_shortest_path_heuristic,10,10,2,12,1,0.0,1.0,0.0,lc_nx_heuristic_graph_0436,2.8031704425811768,55.40388488769531,686.4627685546875,48.800758361816406,50,43,3,5.9,9
437,0,nx_shortest_path_heuristic,10,10,2,12,2,0.0,0.0,1.0,lc_nx_heuristic_graph_0437,2.5286343097686768,31.629690170288086,803.0731811523438,36.340187072753906,50,47,5,8.9,12
438,0,nx_shortest_path_heuristic,10,10,2,12,0,1.0,0.0,0.0,lc_nx_heuristic_graph_0438,3.591700792312622,40.89737319946289,638.0159301757812,51.38400650024414,50,39,4,7.2,11
439,0,nx_shortest_path_heuristic,10,10,2,12,1,0.0,1.0,0.0,lc_nx_heuristic_graph_0439,3.8403797149658203,33.43633270263672,837.7220458984375,40.17655944824219,50,39,4,9.1,12
440,0,nx_shortest_path_heuristic,10,10,2,12,2,0.0,0.0,1.0,lc_nx_heuristic_graph_0440,2.525334119796753,32.441715240478516,589.8231811523438,42.14512252807617,50,40,5,7.6,12
441,0,nx_shortest_path_heuristic,10,10,2,12,0,1.0,0.0,0.0,lc_nx_heuristic_graph_0441,3.2420856952667236,29.02659034729004,352.74700927734375,49.803890228271484,50,41,4,6.1,9
442,0,nx_shortest_path_heuristic,10,10,2,12,1,0.0,1.0,0.0,lc_nx_heuristic_graph_0442,3.9526216983795166,29.492382049560547,356.35943603515625,55.08570861816406,50,35,2,6.3,11
443,0,nx_shortest_path_heuristic,10,10,2,12,2,0.0,0.0,1.0,lc_nx_heuristic_graph_0443,3.9185867309570312,25.19759750366211,439.0528869628906,64.88196563720703,50,30,3,6.8,11
444,0,nx_shortest_path_heuristic,10,10,2,12,0,1.0,0.0,0.0,lc_nx_heuristic_graph_0444,3.670619010925293,30.31781005859375,461.57598876953125,42.3418083190918,50,39,2,7.0,10
445,0,nx_shortest_path_heuristic,10,10,2,12,1,0.0,1.0,0.0,lc_nx_heuristic_graph_0445,4.8396501541137695,45.94709396362305,677.727294921875,67.9751968383789,50,37,3,5.6,12
446,0,nx_shortest_path_heuristic,10,10,2,12,2,0.0,0.0,1.0,lc_nx_heuristic_graph_0446,1.9774940013885498,53.76240921020508,640.0696411132812,36.998329162597656,50,44,2,6.0,10
447,0,nx_shortest_path_heuristic,10,10,2,12,0,1.0,0.0,0.0,lc_nx_heuristic_graph_0447,3.9399609565734863,48.26736068725586,712.2818603515625,46.03453826904297,50,38,2,6.0,12
448,0,nx_shortest_path_heuristic,10,10,2,12,1,0.0,1.0,0.0,lc_nx_heuristic_graph_0448,4.509084701538086,28.972684860229492,507.63763427734375,58.908660888671875,50,33,4,7.6,10
449,0,nx_shortest_path_heuristic,10,10,2,12,2,0.0,0.0,1.0,lc_nx_heuristic_graph_0449,4.070534706115723,25.02508544921875,476.9411926269531,68.3800277709961,50,29,3,7.9,12
450,0,nx_shortest_path_heuristic,10,10,2,12,0,1.0,0.0,0.0,lc_nx_heuristic_graph_0450,3.5581753253936768,45.322994232177734,687.8392944335938,48.09297561645508,50,40,2,6.7,12
451,0,nx_shortest_path_heuristic,10,10,2,12,1,0.0,1.0,0.0,lc_nx_heuristic_graph_0451,3.414996385574341,41.97821807861328,777.5780639648438,38.72919845581055,50,48,3,6.8,12
452,0,nx_shortest_path_heuristic,10,10,2,12,2,0.0,0.0,1.0,lc_nx_heuristic_graph_0452,3.787813663482666,35.3082160949707,717.7301025390625,63.63600540161133,50,36,5,7.3,12
453,0,nx_shortest_path_heuristic,10,10,2,12,0,1.0,0.0,0.0,lc_nx_heuristic_graph_0453,3.5337681770324707,47.7033805847168,635.4291381835938,41.64388656616211,50,40,2,6.0,12
454,0,nx_shortest_path_heuristic,10,10,2,12,1,0.0,1.0,0.0,lc_nx_heuristic_graph_0454,3.0350587368011475,36.17499542236328,649.5552978515625,25.092256546020508,50,48,2,7.5,12
455,0,nx_shortest_path_heuristic,10,10,2,12,2,0.0,0.0,1.0,lc_nx_heuristic_graph_0455,4.285651206970215,29.595863342285156,704.2461547851562,73.14087677001953,50,29,2,7.8,12
456,0,nx_shortest_path_heuristic,10,10,2,12,0,1.0,0.0,0.0,lc_nx_heuristic_graph_0456,1.5605863332748413,39.551353454589844,634.905029296875,18.957197189331055,50,49,5,7.2,10
457,0,nx_shortest_path_heuristic,10,10,2,12,1,0.0,1.0,0.0,lc_nx_heuristic_graph_0457,4.486114978790283,33.90879821777344,624.4769287109375,66.13732147216797,50,33,2,6.8,11
458,0,nx_shortest_path_heuristic,10,10,2,12,2,0.0,0.0,1.0,lc_nx_heuristic_graph_0458,3.1203243732452393,28.289073944091797,651.7454833984375,48.314945220947266,50,36,4,8.2,12
459,0,nx_shortest_path_heuristic,10,10,2,12,0,1.0,0.0,0.0,lc_nx_heuristic_graph_0459,6.2487711906433105,23.356952667236328,641.9105224609375,81.78663635253906,50,31,3,7.0,10
460,0,nx_shortest_path_heuristic,10,10,2,12,1,0.0,1.0,0.0,lc_nx_heuristic_graph_0460,3.9859957695007324,37.5106315612793,782.6253051757812,46.97676086425781,50,38,4,7.0,12
461,0,nx_shortest_path_heuristic,10,10,2,12,2,0.0,0.0,1.0,lc_nx_heuristic_graph_0461,3.9449968338012695,33.41938400268555,511.6112060546875,65.61149597167969,50,40,2,5.5,9
462,0,nx_shortest_path_heuristic,10,10,2,12,0,1.0,0.0,0.0,lc_nx_heuristic_graph_0462,3.696428060531616,38.48674392700195,704.244140625,43.56128692626953,50,39,4,7.4,12
463,0,nx_shortest_path_heuristic,10,10,2,12,1,0.0,1.0,0.0,lc_nx_heuristic_graph_0463,4.335916996002197,25.941621780395508,430.671875,59.73637008666992,50,34,4,6.9,12
464,0,nx_shortest_path_heuristic,10,10,2,12,2,0.0,0.0,1.0,lc_nx_heuristic_graph_0464,2.496140956878662,42.57150650024414,774.2677001953125,38.337013244628906,50,40,2,8.2,12
465,0,nx_shortest_path_heuristic,10,10,2,12,0,1.0,0.0,0.0,lc_nx_heuristic_graph_0465,2.458622932434082,45.3809700012207,726.3546142578125,28.90283203125,50,45,4,6.6,10
466,0,nx_shortest_path_heuristic,10,10,2,12,1,0.0,1.0,0.0,lc_nx_heuristic_graph_0466,4.665668964385986,42.87686538696289,655.6315307617188,70.18526458740234,50,38,3,5.8,11
467,0,nx_shortest_path_heuristic,10,10,2,12,2,0.0,0.0,1.0,lc_nx_heuristic_graph_0467,3.764730215072632,38.808555603027344,614.3391723632812,63.6406135559082,50,35,4,6.4,11
468,0,nx_shortest_path_heuristic,10,10,2,12,0,1.0,0.0,0.0,lc_nx_heuristic_graph_0468,6.023223400115967,25.61700439453125,562.9640502929688,77.64311218261719,50,40,2,5.4,12
469,0,nx_shortest_path_heuristic,10,10,2,12,1,0.0,1.0,0.0,lc_nx_heuristic_graph_0469,3.700986385345459,34.46059799194336,649.183837890625,49.1068229675293,50,36,2,8.0,12
470,0,nx_shortest_path_heuristic,10,10,2,12,2,0.0,0.0,1.0,lc_nx_heuristic_graph_0470,3.2594752311706543,46.761775970458984,626.220458984375,58.27190399169922,50,37,2,6.8,12
471,0,nx_shortest_path_heuristic,10,10,2,12,0,1.0,0.0,0.0,lc_nx_heuristic_graph_0471,4.575128078460693,35.33256530761719,602.0447387695312,60.323394775390625,50,34,4,6.1,9
472,0,nx_shortest_path_heuristic,10,10,2,12,1,0.0,1.0,0.0,lc_nx_heuristic_graph_0472,3.458315134048462,34.0699462890625,450.6671142578125,49.96470642089844,50,38,4,5.9,12
473,0,nx_shortest_path_heuristic,10,10,2,12,2,0.0,0.0,1.0,lc_nx_heuristic_graph_0473,1.8963332176208496,36.83085250854492,694.6657104492188,24.974868774414062,50,44,3,8.1,12
474,0,nx_shortest_path_heuristic,10,10,2,12,0,1.0,0.0,0.0,lc_nx_heuristic_graph_0474,4.095998287200928,40.23880386352539,657.4480590820312,52.49845504760742,50,38,2,7.0,12
475,0,nx_shortest_path_heuristic,10,10,2,12,1,0.0,1.0,0.0,lc_nx_heuristic_graph_0475,1.708466649055481,42.73932647705078,1015.8700561523438,6.010875225067139,50,50,4,8.7,12
476,0,nx_shortest_path_heuristic,10,10,2,12,2,0.0,0.0,1.0,lc_nx_heuristic_graph_0476,4.0771284103393555,42.87668228149414,597.7589111328125,69.23416900634766,50,41,2,5.2,11
477,0,nx_shortest_path_heuristic,10,10,2,12,0,1.0,0.0,0.0,lc_nx_heuristic_graph_0477,2.6294968128204346,34.67146301269531,552.9304809570312,35.06363296508789,50,44,3,6.5,12
478,0,nx_shortest_path_heuristic,10,10,2,12,1,0.0,1.0,0.0,lc_nx_heuristic_graph_0478,4.092990875244141,24.712406158447266,377.5659484863281,55.630828857421875,50,34,2,6.3,12
479,0,nx_shortest_path_heuristic,10,10,2,12,2,0.0,0.0,1.0,lc_nx_heuristic_graph_0479,3.208570718765259,41.51227569580078,471.5859680175781,52.53376770019531,50,36,3,6.5,8
480,0,nx_shortest_path_heuristic,10,10,2,12,0,1.0,0.0,0.0,lc_nx_heuristic_graph_0480,5.207640647888184,39.05391311645508,779.099609375,65.37027740478516,50,42,4,6.7,12
481,0,nx_shortest_path_heuristic,10,10,2,12,1,0.0,1.0,0.0,lc_nx_heuristic_graph_0481,4.492280960083008,27.671180725097656,429.3099670410156,64.27550506591797,50,35,2,6.4,10
482,0,nx_shortest_path_heuristic,10,10,2,12,2,0.0,0.0,1.0,lc_nx_heuristic_graph_0482,2.4081616401672363,42.29385757446289,683.6201171875,35.805484771728516,50,41,2,6.1,10
483,0,nx_shortest_path_heuristic,10,10,2,12,0,1.0,0.0,0.0,lc_nx_heuristic_graph_0483,4.297430992126465,49.46685028076172,352.8689270019531,65.7630615234375,50,37,2,5.7,11
484,0,nx_shortest_path_heuristic,10,10,2,12,1,0.0,1.0,0.0,lc_nx_heuristic_graph_0484,4.93258810043335,33.427127838134766,627.8780517578125,69.626220703125,50,36,3,5.5,8
485,0,nx_shortest_path_heuristic,10,10,2,12,2,0.0,0.0,1.0,lc_nx_heuristic_graph_0485,3.3045692443847656,50.25214767456055,549.1576538085938,58.35092544555664,50,39,2,5.2,10
486,0,nx_shortest_path_heuristic,10,10,2,12,0,1.0,0.0,0.0,lc_nx_heuristic_graph_0486,3.510967254638672,37.14323425292969,797.6149291992188,40.714237213134766,50,39,2,8.8,12
487,0,nx_shortest_path_heuristic,10,10,2,12,1,0.0,1.0,0.0,lc_nx_heuristic_graph_0487,4.1476240158081055,24.38022804260254,497.1824951171875,51.73302459716797,50,36,2,7.5,12
488,0,nx_shortest_path_heuristic,10,10,2,12,2,0.0,0.0,1.0,lc_nx_heuristic_graph_0488,4.572633266448975,31.831623077392578,489.5023498535156,78.78292846679688,50,32,2,5.3,9
489,0,nx_shortest_path_heuristic,10,10,2,12,0,1.0,0.0,0.0,lc_nx_heuristic_graph_0489,3.6092145442962646,32.66046905517578,639.218017578125,40.9146728515625,50,39,3,7.6,12
490,0,nx_shortest_path_heuristic,10,10,2,12,1,0.0,1.0,0.0,lc_nx_heuristic_graph_0490,1.6333472728729248,53.83649826049805,468.9447326660156,44.93147659301758,50,48,2,6.2,10
491,0,nx_shortest_path_heuristic,10,10,2,12,2,0.0,0.0,1.0,lc_nx_heuristic_graph_0491,3.2982656955718994,34.72596740722656,720.7798461914062,53.00740432739258,50,40,3,7.7,12
492,0,nx_shortest_path_heuristic,10,10,2,12,0,1.0,0.0,0.0,lc_nx_heuristic_graph_0492,5.834049701690674,32.86259460449219,511.1256408691406,75.42030334472656,50,39,3,6.0,11
493,0,nx_shortest_path_heuristic,10,10,2,12,1,0.0,1.0,0.0,lc_nx_heuristic_graph_0493,3.8903932571411133,29.181446075439453,509.7135009765625,50.994483947753906,50,37,3,7.8,12
494,0,nx_shortest_path_heuristic,10,10,2,12,2,0.0,0.0,1.0,lc_nx_heuristic_graph_0494,3.741713285446167,34.61393356323242,532.4218139648438,64.015869140625,50,33,2,5.6,11
495,0,nx_shortest_path_heuristic,10,10,2,12,0,1.0,0.0,0.0,lc_nx_heuristic_graph_0495,4.295751571655273,34.35179138183594,750.6821899414062,51.849849700927734,50,42,2,7.3,12
496,0,nx_shortest_path_heuristic,10,10,2,12,1,0.0,1.0,0.0,lc_nx_heuristic_graph_0496,3.2501325607299805,30.783456802368164,665.617919921875,41.08815383911133,50,48,2,7.7,12
497,0,nx_shortest_path_heuristic,10,10,2,12,2,0.0,0.0,1.0,lc_nx_heuristic_graph_0497,3.0373401641845703,42.19834899902344,460.11383056640625,58.18852615356445,50,38,2,6.6,9
498,0,nx_shortest_path_heuristic,10,10,2,12,0,1.0,0.0,0.0,lc_nx_heuristic_graph_0498,4.709481239318848,24.488290786743164,474.7373352050781,57.88533020019531,50,33,2,7.0,11
499,0,nx_shortest_path_heuristic,10,10,2,12,1,0.0,1.0,0.0,lc_nx_heuristic_graph_0499,2.5055506229400635,35.875465393066406,779.1434326171875,14.128698348999023,50,47,3,8.5,12
500,0,nx_shortest_path_heuristic,10,10,2,12,2,0.0,0.0,1.0,lc_nx_heuristic_graph_0500,3.8773410320281982,39.39071273803711,663.3629760742188,66.0227279663086,50,38,5,7.1,12
501,0,nx_shortest_path_heuristic,10,10,2,12,0,1.0,0.0,0.0,lc_nx_heuristic_graph_0501,2.951023578643799,34.22685623168945,596.458984375,34.238162994384766,50,47,2,6.9,10
502,0,nx_shortest_path_heuristic,10,10,2,12,1,0.0,1.0,0.0,lc_nx_heuristic_graph_0502,2.695557117462158,31.509002685546875,663.7399291992188,27.508501052856445,50,43,3,7.6,12
503,0,nx_shortest_path_heuristic,10,10,2,12,2,0.0,0.0,1.0,lc_nx_heuristic_graph_0503,3.7250077724456787,34.453426361083984,668.4675903320312,61.957698822021484,50,37,2,7.6,12
504,0,nx_shortest_path_heuristic,10,10,2,12,0,1.0,0.0,0.0,lc_nx_heuristic_graph_0504,3.5938057899475098,62.77546310424805,665.7285766601562,59.84016799926758,50,45,3,5.8,8
505,0,nx_shortest_path_heuristic,10,10,2,12,1,0.0,1.0,0.0,lc_nx_heuristic_graph_0505,2.624774217605591,41.73130416870117,614.6385498046875,28.70614242553711,50,43,2,7.1,12
506,0,nx_shortest_path_heuristic,10,10,2,12,2,0.0,0.0,1.0,lc_nx_heuristic_graph_0506,2.577150821685791,25.90816879272461,466.6016845703125,37.501216888427734,50,40,2,7.3,12
507,0,nx_shortest_path_heuristic,10,10,2,12,0,1.0,0.0,0.0,lc_nx_heuristic_graph_0507,5.409698009490967,30.92905616760254,411.1402587890625,69.78605651855469,50,32,3,6.7,12
508,0,nx_shortest_path_heuristic,10,10,2,12,1,0.0,1.0,0.0,lc_nx_heuristic_graph_0508,3.8056492805480957,39.00816345214844,618.0983276367188,52.43349075317383,50,35,4,6.9,10
509,0,nx_shortest_path_heuristic,10,10,2,12,2,0.0,0.0,1.0,lc_nx_heuristic_graph_0509,3.79136323928833,34.21800231933594,551.6419067382812,64.96633911132812,50,31,2,6.5,10
510,0,nx_shortest_path_heuristic,10,10,2,12,0,1.0,0.0,0.0,lc_nx_heuristic_graph_0510,3.3143978118896484,44.11642074584961,729.4786376953125,38.15414047241211,50,41,3,7.1,12
511,0,nx_shortest_path_heuristic,10,10,2,12,1,0.0,1.0,0.0,lc_nx_heuristic_graph_0511,3.7879202365875244,37.16307067871094,577.1583862304688,53.65314483642578,50,39,3,6.9,12
512,0,nx_shortest_path_heuristic,10,10,2,12,2,0.0,0.0,1.0,lc_nx_heuristic_graph_0512,3.947824478149414,30.473033905029297,424.0759582519531,67.0068130493164,50,34,2,5.6,10
513,0,nx_shortest_path_heuristic,10,10,2,12,0,1.0,0.0,0.0,lc_nx_heuristic_graph_0513,5.05251407623291,26.029407501220703,372.96881103515625,63.92287063598633,50,34,2,6.3,11
514,0,nx_shortest_path_heuristic,10,10,2,12,1,0.0,1.0,0.0,lc_nx_heuristic_graph_0514,2.9826478958129883,37.21025848388672,591.1812744140625,35.19488525390625,50,41,4,7.0,12
515,0,nx_shortest_path_heuristic,10,10,2,12,2,0.0,0.0,1.0,lc_nx_heuristic_graph_0515,2.691915988922119,26.108877182006836,386.96319580078125,45.75911331176758,50,39,3,6.6,11
516,0,nx_shortest_path_heuristic,10,10,2,12,0,1.0,0.0,0.0,lc_nx_heuristic_graph_0516,2.9681546688079834,23.981962203979492,507.9867858886719,28.882732391357422,50,42,4,8.6,12
517,0,nx_shortest_path_heuristic,10,10,2,12,1,0.0,1.0,0.0,lc_nx_heuristic_graph_0517,3.8902482986450195,32.18706512451172,544.0239868164062,53.89851760864258,50,36,2,6.9,12
518,0,nx_shortest_path_heuristic,10,10,2,12,2,0.0,0.0,1.0,lc_nx_heuristic_graph_0518,2.8773722648620605,34.576595306396484,715.98828125,42.284481048583984,50,38,4,7.5,12
519,0,nx_shortest_path_heuristic,10,10,2,12,0,1.0,0.0,0.0,lc_nx_heuristic_graph_0519,4.475865840911865,42.31529235839844,728.8548583984375,54.64533996582031,50,34,4,7.1,12
520,0,nx_shortest_path_heuristic,10,10,2,12,1,0.0,1.0,0.0,lc_nx_heuristic_graph_0520,4.070132255554199,31.98673439025879,412.2088317871094,59.776424407958984,50,35,4,7.0,12
521,0,nx_shortest_path_heuristic,10,10,2,12,2,0.0,0.0,1.0,lc_nx_heuristic_graph_0521,1.1572096347808838,34.28032302856445,727.9483642578125,8.972573280334473,50,48,5,8.0,12
522,0,nx_shortest_path_heuristic,10,10,2,12,0,1.0,0.0,0.0,lc_nx_heuristic_graph_0522,3.950227737426758,46.687381744384766,655.7000122070312,47.8948974609375,50,37,3,6.7,9
523,0,nx_shortest_path_heuristic,10,10,2,12,1,0.0,1.0,0.0,lc_nx_heuristic_graph_0523,3.79842472076416,37.871944427490234,610.545654296875,44.34123229980469,50,50,2,7.5,12
524,0,nx_shortest_path_heuristic,10,10,2,12,2,0.0,0.0,1.0,lc_nx_heuristic_graph_0524,1.5656805038452148,43.869102478027344,826.0687255859375,16.937660217285156,50,46,2,7.5,12
525,0,nx_shortest_path_heuristic,10,10,2,12,0,1.0,0.0,0.0,lc_nx_heuristic_graph_0525,2.6726856231689453,41.343162536621094,799.2589111328125,27.559398651123047,50,44,5,7.1,12
526,0,nx_shortest_path_heuristic,10,10,2,12,1,0.0,1.0,0.0,lc_nx_heuristic_graph_0526,3.5926401615142822,34.75738525390625,751.1187133789062,46.53856658935547,50,37,5,8.3,11
527,0,nx_shortest_path_heuristic,10,10,2,12,2,0.0,0.0,1.0,lc_nx_heuristic_graph_0527,2.0399725437164307,32.834739685058594,676.2774047851562,30.336177825927734,50,43,4,8.0,11
528,0,nx_shortest_path_heuristic,10,10,2,12,0,1.0,0.0,0.0,lc_nx_heuristic_graph_0528,5.842986106872559,30.422595977783203,559.630615234375,74.99259948730469,50,29,2,6.0,10
529,0,nx_shortest_path_heuristic,10,10,2,12,1,0.0,1.0,0.0,lc_nx_heuristic_graph_0529,2.8932652473449707,41.53196716308594,763.8635864257812,26.52123260498047,50,44,3,8.1,12
530,0,nx_shortest_path_heuristic,10,10,2,12,2,0.0,0.0,1.0,lc_nx_heuristic_graph_0530,2.196183919906616,38.670108795166016,548.3558349609375,45.825645446777344,50,42,2,6.0,12
531,0,nx_shortest_path_heuristic,10,10,2,12,0,1.0,0.0,0.0,lc_nx_heuristic_graph_0531,4.0019683837890625,39.98755645751953,816.1006469726562,48.17310333251953,50,37,4,6.8,11
532,0,nx_shortest_path_heuristic,10,10,2,12,1,0.0,1.0,0.0,lc_nx_heuristic_graph_0532,4.145452976226807,39.53553009033203,567.2272338867188,60.29372787475586,50,39,3,6.9,12
533,0,nx_shortest_path_heuristic,10,10,2,12,2,0.0,0.0,1.0,lc_nx_heuristic_graph_0533,2.2858853340148926,47.09486389160156,776.5213012695312,40.457183837890625,50,42,4,6.7,12
534,0,nx_shortest_path_heuristic,10,10,2,12,0,1.0,0.0,0.0,lc_nx_heuristic_graph_0534,4.881307601928711,39.15219497680664,779.76171875,59.63872528076172,50,36,3,6.1,11
535,0,nx_shortest_path_heuristic,10,10,2,12,1,0.0,1.0,0.0,lc_nx_heuristic_graph_0535,3.056002616882324,37.12203598022461,690.8851318359375,29.925621032714844,50,42,4,7.9,12
536,0,nx_shortest_path_heuristic,10,10,2,12,2,0.0,0.0,1.0,lc_nx_heuristic_graph_0536,4.023697853088379,25.884775161743164,287.58868408203125,73.98020935058594,50,31,2,5.5,9
537,0,nx_shortest_path_heuristic,10,10,2,12,0,1.0,0.0,0.0,lc_nx_heuristic_graph_0537,4.639186859130859,36.077144622802734,808.522705078125,56.62885284423828,50,37,4,8.2,12
538,0,nx_shortest_path_heuristic,10,10,2,12,1,0.0,1.0,0.0,lc_nx_heuristic_graph_0538,3.79556941986084,46.56913375854492,684.0028686523438,53.025882720947266,50,44,2,5.9,12
539,0,nx_shortest_path_heuristic,10,10,2,12,2,0.0,0.0,1.0,lc_nx_heuristic_graph_0539,2.9272141456604004,38.95120620727539,698.0169677734375,42.74965286254883,50,41,2,8.4,12
540,0,nx_shortest_path_heuristic,10,10,2,12,0,1.0,0.0,0.0,lc_nx_heuristic_graph_0540,5.766021728515625,29.065834045410156,449.43927001953125,73.28916931152344,50,48,2,5.6,12
541,0,nx_shortest_path_heuristic,10,10,2,12,1,0.0,1.0,0.0,lc_nx_heuristic_graph_0541,3.6332850456237793,31.742145538330078,723.1971435546875,41.87086486816406,50,43,3,8.5,12
542,0,nx_shortest_path_heuristic,10,10,2,12,2,0.0,0.0,1.0,lc_nx_heuristic_graph_0542,1.3085626363754272,43.709083557128906,775.3406372070312,11.84270191192627,50,47,5,9.0,12
543,0,nx_shortest_path_heuristic,10,10,2,12,0,1.0,0.0,0.0,lc_nx_heuristic_graph_0543,4.6621294021606445,32.1208610534668,699.0010375976562,57.17778015136719,50,33,2,7.6,12
544,0,nx_shortest_path_heuristic,10,10,2,12,1,0.0,1.0,0.0,lc_nx_heuristic_graph_0544,3.393620014190674,30.88237190246582,713.882568359375,34.39171600341797,50,41,2,8.2,12
545,0,nx_shortest_path_heuristic,10,10,2,12,2,0.0,0.0,1.0,lc_nx_heuristic_graph_0545,3.3790907859802246,42.7178840637207,561.4096069335938,64.87206268310547,50,34,3,6.1,12
546,0,nx_shortest_path_heuristic,10,10,2,12,0,1.0,0.0,0.0,lc_nx_heuristic_graph_0546,4.127190113067627,39.92155838012695,783.5199584960938,47.79700469970703,50,36,2,8.0,12
547,0,nx_shortest_path_heuristic,10,10,2,12,1,0.0,1.0,0.0,lc_nx_heuristic_graph_0547,2.267911672592163,35.87145233154297,724.8488159179688,6.96849250793457,50,49,4,7.7,11
548,0,nx_shortest_path_heuristic,10,10,2,12,2,0.0,0.0,1.0,lc_nx_heuristic_graph_0548,1.5808746814727783,39.95244598388672,595.4508666992188,27.518718719482422,50,49,3,6.8,12
549,0,nx_shortest_path_heuristic,10,10,2,12,0,1.0,0.0,0.0,lc_nx_heuristic_graph_0549,2.0825035572052,36.72652816772461,755.5286865234375,21.39276695251465,50,46,3,7.9,12
550,0,nx_shortest_path_heuristic,10,10,2,12,1,0.0,1.0,0.0,lc_nx_heuristic_graph_0550,4.48502254486084,43.58515930175781,618.9673461914062,69.11050415039062,50,30,4,6.3,11
551,0,nx_shortest_path_heuristic,10,10,2,12,2,0.0,0.0,1.0,lc_nx_heuristic_graph_0551,3.7317590713500977,25.623065948486328,464.2692565917969,60.45508575439453,50,32,3,6.8,10
552,0,nx_shortest_path_heuristic,10,10,2,12,0,1.0,0.0,0.0,lc_nx_heuristic_graph_0552,2.955004930496216,34.667396545410156,760.423095703125,29.307804107666016,50,44,2,8.1,12
553,0,nx_shortest_path_heuristic,10,10,2,12,1,0.0,1.0,0.0,lc_nx_heuristic_graph_0553,3.730409622192383,54.81916809082031,569.0186157226562,65.56998443603516,50,37,3,5.4,12
554,0,nx_shortest_path_heuristic,10,10,2,12,2,0.0,0.0,1.0,lc_nx_heuristic_graph_0554,2.397153854370117,35.977928161621094,625.8533935546875,34.44104766845703,50,41,3,7.1,12
555,0,nx_shortest_path_heuristic,10,10,2,12,0,1.0,0.0,0.0,lc_nx_heuristic_graph_0555,5.134804725646973,31.077449798583984,637.783203125,64.63777160644531,50,43,3,7.1,12
556,0,nx_shortest_path_heuristic,10,10,2,12,1,0.0,1.0,0.0,lc_nx_heuristic_graph_0556,4.096514701843262,38.60569381713867,763.0267944335938,62.10589599609375,50,33,4,8.1,12
557,0,nx_shortest_path_heuristic,10,10,2,12,2,0.0,0.0,1.0,lc_nx_heuristic_graph_0557,2.5466108322143555,45.864173889160156,711.1768188476562,47.851837158203125,50,43,3,5.9,11
558,0,nx_shortest_path_heuristic,10,10,2,12,0,1.0,0.0,0.0,lc_nx_heuristic_graph_0558,4.212924003601074,26.919248580932617,442.76824951171875,49.558250427246094,50,38,2,6.5,10
559,0,nx_shortest_path_heuristic,10,10,2,12,1,0.0,1.0,0.0,lc_nx_heuristic_graph_0559,3.7294726371765137,55.23846435546875,528.215576171875,72.6185531616211,50,34,3,5.9,12
560,0,nx_shortest_path_heuristic,10,10,2,12,2,0.0,0.0,1.0,lc_nx_heuristic_graph_0560,1.4856666326522827,42.132381439208984,727.9164428710938,21.28639030456543,50,49,3,7.8,12
561,0,nx_shortest_path_heuristic,10,10,2,12,0,1.0,0.0,0.0,lc_nx_heuristic_graph_0561,3.3819375038146973,45.275882720947266,675.546875,43.141685485839844,50,40,3,7.8,12
562,0,nx_shortest_path_heuristic,10,10,2,12,1,0.0,1.0,0.0,lc_nx_heuristic_graph_0562,2.823683738708496,33.22864532470703,602.3026123046875,23.70835304260254,50,45,3,6.8,12
563,0,nx_shortest_path_heuristic,10,10,2,12,2,0.0,0.0,1.0,lc_nx_heuristic_graph_0563,4.363584995269775,28.54192352294922,629.5036010742188,74.80205535888672,50,35,3,7.2,11
564,0,nx_shortest_path_heuristic,10,10,2,12,0,1.0,0.0,0.0,lc_nx_heuristic_graph_0564,5.00830602645874,35.069557189941406,467.8856201171875,64.95032501220703,50,35,2,5.5,10
565,0,nx_shortest_path_heuristic,10,10,2,12,1,0.0,1.0,0.0,lc_nx_heuristic_graph_0565,1.8482372760772705,37.777809143066406,772.0421752929688,14.825175285339355,50,49,3,8.7,12
566,0,nx_shortest_path_heuristic,10,10,2,12,2,0.0,0.0,1.0,lc_nx_heuristic_graph_0566,1.3229272365570068,36.45766830444336,741.4818115234375,14.429342269897461,50,47,4,8.7,12
567,0,nx_shortest_path_heuristic,10,10,2,12,0,1.0,0.0,0.0,lc_nx_heuristic_graph_0567,4.1094160079956055,40.094356536865234,586.270263671875,43.819366455078125,50,49,2,6.6,12
568,0,nx_shortest_path_heuristic,10,10,2,12,1,0.0,1.0,0.0,lc_nx_heuristic_graph_0568,3.4387311935424805,50.6457405090332,790.3839721679688,53.44123840332031,50,41,4,6.9,12
569,0,nx_shortest_path_heuristic,10,10,2,12,2,0.0,0.0,1.0,lc_nx_heuristic_graph_0569,2.0628154277801514,38.9677619934082,756.478271484375,27.22829818725586,50,43,4,6.7,12
570,0,nx_shortest_path_heuristic,10,10,2,12,0,1.0,0.0,0.0,lc_nx_heuristic_graph_0570,1.8611538410186768,39.62936019897461,660.6287841796875,32.49632263183594,50,47,3,7.5,12
571,0,nx_shortest_path_heuristic,10,10,2,12,1,0.0,1.0,0.0,lc_nx_heuristic_graph_0571,2.561882495880127,50.759273529052734,827.3238525390625,20.98246955871582,50,46,4,6.9,11
572,0,nx_shortest_path_heuristic,10,10,2,12,2,0.0,0.0,1.0,lc_nx_heuristic_graph_0572,0.9226312637329102,35.338443756103516,797.8988647460938,5.315999507904053,50,49,5,8.9,12
573,0,nx_shortest_path_heuristic,10,10,2,12,0,1.0,0.0,0.0,lc_nx_heuristic_graph_0573,4.34525203704834,37.24081039428711,654.9584350585938,51.825340270996094,50,35,3,7.1,12
574,0,nx_shortest_path_heuristic,10,10,2,12,1,0.0,1.0,0.0,lc_nx_heuristic_graph_0574,4.6594414710998535,29.742403030395508,734.4857788085938,58.62372970581055,50,33,4,7.5,12
575,0,nx_shortest_path_heuristic,10,10,2,12,2,0.0,0.0,1.0,lc_nx_heuristic_graph_0575,3.7823288440704346,39.08540344238281,636.0720825195312,62.180179595947266,50,31,3,7.1,12
576,0,nx_shortest_path_heuristic,10,10,2,12,0,1.0,0.0,0.0,lc_nx_heuristic_graph_0576,4.244320869445801,43.28252410888672,376.39080810546875,60.70404815673828,50,37,2,6.1,10
577,0,nx_shortest_path_heuristic,10,10,2,12,1,0.0,1.0,0.0,lc_nx_heuristic_graph_0577,4.946047306060791,22.266050338745117,377.2579345703125,74.26805114746094,50,37,3,5.8,11
578,0,nx_shortest_path_heuristic,10,10,2,12,2,0.0,0.0,1.0,lc_nx_heuristic_graph_0578,1.3306386470794678,35.219459533691406,700.5588989257812,11.640233993530273,50,47,2,7.9,12
579,0,nx_shortest_path_heuristic,10,10,2,12,0,1.0,0.0,0.0,lc_nx_heuristic_graph_0579,2.6850390434265137,40.5806770324707,655.364501953125,36.891353607177734,50,43,2,7.6,12
580,0,nx_shortest_path_heuristic,10,10,2,12,1,0.0,1.0,0.0,lc_nx_heuristic_graph_0580,3.915130615234375,33.79140853881836,604.901611328125,56.801841735839844,50,33,3,7.0,12
581,0,nx_shortest_path_heuristic,10,10,2,12,2,0.0,0.0,1.0,lc_nx_heuristic_graph_0581,4.137681007385254,22.753721237182617,348.2991027832031,69.21455383300781,50,32,3,6.1,11
582,0,nx_shortest_path_heuristic,10,10,2,12,0,1.0,0.0,0.0,lc_nx_heuristic_graph_0582,5.211101055145264,48.8675422668457,518.02392578125,70.51471710205078,50,30,2,5.2,10
583,0,nx_shortest_path_heuristic,10,10,2,12,1,0.0,1.0,0.0,lc_nx_heuristic_graph_0583,4.323978424072266,31.06467628479004,393.2915954589844,62.3306999206543,50,38,4,6.6,10
584,0,nx_shortest_path_heuristic,10,10,2,12,2,0.0,0.0,1.0,lc_nx_heuristic_graph_0584,3.4855105876922607,47.02289962768555,690.3325805664062,61.852455139160156,50,36,2,5.8,11
585,0,nx_shortest_path_heuristic,10,10,2,12,0,1.0,0.0,0.0,lc_nx_heuristic_graph_0585,4.6578369140625,36.37060546875,676.324951171875,57.15147399902344,50,33,4,7.3,11
586,0,nx_shortest_path_heuristic,10,10,2,12,1,0.0,1.0,0.0,lc_nx_heuristic_graph_0586,2.8566999435424805,56.55886459350586,791.0841064453125,39.34433364868164,50,44,4,6.8,10
587,0,nx_shortest_path_heuristic,10,10,2,12,2,0.0,0.0,1.0,lc_nx_heuristic_graph_0587,2.7030773162841797,35.19972229003906,590.4097290039062,46.68558883666992,50,39,2,6.8,12
588,0,nx_shortest_path_heuristic,10,10,2,12,0,1.0,0.0,0.0,lc_nx_heuristic_graph_0588,3.957995891571045,45.62758255004883,754.4320068359375,48.302921295166016,50,37,5,7.9,12
589,0,nx_shortest_path_heuristic,10,10,2,12,1,0.0,1.0,0.0,lc_nx_heuristic_graph_0589,4.16438627243042,30.884145736694336,397.35162353515625,67.21454620361328,50,40,3,6.0,8
590,0,nx_shortest_path_heuristic,10,10,2,12,2,0.0,0.0,1.0,lc_nx_heuristic_graph_0590,4.098062515258789,27.372209548950195,354.2017517089844,71.82415771484375,50,28,2,4.8,8
591,0,nx_shortest_path_heuristic,10,10,2,12,0,1.0,0.0,0.0,lc_nx_heuristic_graph_0591,4.407904624938965,29.050243377685547,506.3052978515625,51.89390182495117,50,35,3,7.7,11
592,0,nx_shortest_path_heuristic,10,10,2,12,1,0.0,1.0,0.0,lc_nx_heuristic_graph_0592,3.2045483589172363,34.85322189331055,611.2067260742188,42.05387496948242,50,41,6,7.3,8
593,0,nx_shortest_path_heuristic,10,10,2,12,2,0.0,0.0,1.0,lc_nx_heuristic_graph_0593,2.843104600906372,50.1609992980957,753.445068359375,48.254695892333984,50,38,5,7.4,12
594,0,nx_shortest_path_heuristic,10,10,2,12,0,1.0,0.0,0.0,lc_nx_heuristic_graph_0594,5.951106071472168,33.08291244506836,439.3743896484375,76.15436553955078,50,33,2,5.3,9
595,0,nx_shortest_path_heuristic,10,10,2,12,1,0.0,1.0,0.0,lc_nx_heuristic_graph_0595,1.833395004272461,43.000064849853516,721.7440185546875,11.585020065307617,50,49,2,7.7,12
596,0,nx_shortest_path_heuristic,10,10,2,12,2,0.0,0.0,1.0,lc_nx_heuristic_graph_0596,4.619222640991211,18.64626693725586,468.8692321777344,78.9568862915039,50,46,2,5.9,11
597,0,nx_shortest_path_heuristic,10,10,2,12,0,1.0,0.0,0.0,lc_nx_heuristic_graph_0597,3.9430534839630127,37.90211868286133,748.4058227539062,45.994354248046875,50,37,3,7.7,11
598,0,nx_shortest_path_heuristic,10,10,2,12,1,0.0,1.0,0.0,lc_nx_heuristic_graph_0598,4.669613838195801,27.24628448486328,513.9174194335938,60.10258102416992,50,33,5,8.3,11
599,0,nx_shortest_path_heuristic,10,10,2,12,2,0.0,0.0,1.0,lc_nx_heuristic_graph_0599,3.110703229904175,38.44850540161133,600.6323852539062,51.41022872924805,50,38,2,6.6,12
600,0,nx_shortest_path_heuristic,10,10,2,12,0,1.0,0.0,0.0,lc_nx_heuristic_graph_0600,3.6718220710754395,36.737770080566406,814.2400512695312,49.399169921875,50,39,4,8.4,11
601,0,nx_shortest_path_heuristic,10,10,2,12,1,0.0,1.0,0.0,lc_nx_heuristic_graph_0601,3.5572028160095215,39.77065658569336,584.841064453125,40.44277572631836,50,47,3,6.7,12
602,0,nx_shortest_path_heuristic,10,10,2,12,2,0.0,0.0,1.0,lc_nx_heuristic_graph_0602,2.0351123809814453,39.52314758300781,706.5319213867188,27.37790870666504,50,43,2,8.2,12
603,0,nx_shortest_path_heuristic,10,10,2,12,0,1.0,0.0,0.0,lc_nx_heuristic_graph_0603,5.20712947845459,37.02178192138672,530.6589965820312,65.37033081054688,50,30,2,6.0,12
604,0,nx_shortest_path_heuristic,10,10,2,12,1,0.0,1.0,0.0,lc_nx_heuristic_graph_0604,3.56173038482666,45.73869705200195,642.7208251953125,47.42812728881836,50,39,4,6.1,12
605,0,nx_shortest_path_heuristic,10,10,2,12,2,0.0,0.0,1.0,lc_nx_heuristic_graph_0605,2.6578500270843506,33.151607513427734,826.4127197265625,40.48004913330078,50,39,3,9.5,12
606,0,nx_shortest_path_heuristic,10,10,2,12,0,1.0,0.0,0.0,lc_nx_heuristic_graph_0606,4.957574844360352,37.56356430053711,495.9682922363281,62.103416442871094,50,32,2,6.0,12
607,0,nx_shortest_path_heuristic,10,10,2,12,1,0.0,1.0,0.0,lc_nx_heuristic_graph_0607,3.186150550842285,34.149051666259766,774.3800659179688,32.175697326660156,50,42,7,8.7,12
608,0,nx_shortest_path_heuristic,10,10,2,12,2,0.0,0.0,1.0,lc_nx_heuristic_graph_0608,4.115996360778809,30.823835372924805,583.590576171875,68.98866271972656,50,30,2,6.8,12
609,0,nx_shortest_path_heuristic,10,10,2,12,0,1.0,0.0,0.0,lc_nx_heuristic_graph_0609,2.168407440185547,34.23763656616211,641.4581909179688,20.097923278808594,50,46,3,7.1,12
610,0,nx_shortest_path_heuristic,10,10,2,12,1,0.0,1.0,0.0,lc_nx_heuristic_graph_0610,4.493060111999512,33.42919158935547,897.0935668945312,59.5639762878418,50,32,4,9.2,12
611,0,nx_shortest_path_heuristic,10,10,2,12,2,0.0,0.0,1.0,lc_nx_heuristic_graph_0611,3.4459009170532227,31.964397430419922,327.36907958984375,66.190673828125,50,36,2,6.1,8
612,0,nx_shortest_path_heuristic,10,10,2,12,0,1.0,0.0,0.0,lc_nx_heuristic_graph_0612,3.1282880306243896,34.80615997314453,621.3212890625,30.547588348388672,50,42,2,7.3,12
613,0,nx_shortest_path_heuristic,10,10,2,12,1,0.0,1.0,0.0,lc_nx_heuristic_graph_0613,4.161933898925781,43.52665328979492,780.7832641601562,62.24681854248047,50,33,2,7.9,12
614,0,nx_shortest_path_heuristic,10,10,2,12,2,0.0,0.0,1.0,lc_nx_heuristic_graph_0614,3.7523655891418457,27.125593185424805,512.4363403320312,61.919212341308594,50,31,3,6.8,12
615,0,nx_shortest_path_heuristic,10,10,2,12,0,1.0,0.0,0.0,lc_nx_heuristic_graph_0615,4.8393168449401855,36.18654251098633,817.5276489257812,58.95090103149414,50,32,3,8.2,11
616,0,nx_shortest_path_heuristic,10,10,2,12,1,0.0,1.0,0.0,lc_nx_heuristic_graph_0616,3.8618626594543457,39.965721130371094,670.082763671875,53.44691467285156,50,42,2,7.5,12
617,0,nx_shortest_path_heuristic,10,10,2,12,2,0.0,0.0,1.0,lc_nx_heuristic_graph_0617,3.479294538497925,34.8537483215332,621.0116577148438,56.57794952392578,50,42,3,6.0,10
618,0,nx_shortest_path_heuristic,10,10,2,12,0,1.0,0.0,0.0,lc_nx_heuristic_graph_0618,2.7438809871673584,35.80657958984375,641.6506958007812,27.805376052856445,50,43,2,7.2,12
619,0,nx_shortest_path_heuristic,10,10,2,12,1,0.0,1.0,0.0,lc_nx_heuristic_graph_0619,3.5458896160125732,30.39535903930664,748.2099609375,44.96943664550781,50,38,4,8.3,12
620,0,nx_shortest_path_heuristic,10,10,2,12,2,0.0,0.0,1.0,lc_nx_heuristic_graph_0620,2.6416454315185547,50.74045944213867,567.8326416015625,54.329002380371094,50,45,3,6.5,12
621,0,nx_shortest_path_heuristic,10,10,2,12,0,1.0,0.0,0.0,lc_nx_heuristic_graph_0621,1.3906662464141846,34.34099197387695,674.4412841796875,7.7829718589782715,50,49,5,7.5,12
622,0,nx_shortest_path_heuristic,10,10,2,12,1,0.0,1.0,0.0,lc_nx_heuristic_graph_0622,4.0003461837768555,37.690589904785156,692.0860595703125,52.72378158569336,50,35,2,7.5,12
623,0,nx_shortest_path_heuristic,10,10,2,12,2,0.0,0.0,1.0,lc_nx_heuristic_graph_0623,2.0204010009765625,37.4610595703125,722.328857421875,34.78725814819336,50,43,5,7.9,12
624,0,nx_shortest_path_heuristic,10,10,2,12,0,1.0,0.0,0.0,lc_nx_heuristic_graph_0624,4.1601667404174805,38.71354293823242,567.8260498046875,51.5129280090332,50,39,3,6.0,11
625,0,nx_shortest_path_heuristic,10,10,2,12,1,0.0,1.0,0.0,lc_nx_heuristic_graph_0625,3.941828727722168,45.97116470336914,564.307373046875,64.41049194335938,50,36,2,6.0,11
626,0,nx_shortest_path_heuristic,10,10,2,12,2,0.0,0.0,1.0,lc_nx_heuristic_graph_0626,2.869894504547119,31.49909019470215,421.78173828125,49.61899948120117,50,40,2,6.9,12
627,0,nx_shortest_path_heuristic,10,10,2,12,0,1.0,0.0,0.0,lc_nx_heuristic_graph_0627,2.623765468597412,33.35698318481445,622.0255126953125,26.094743728637695,50,44,3,7.1,12
628,0,nx_shortest_path_heuristic,10,10,2,12,1,0.0,1.0,0.0,lc_nx_heuristic_graph_0628,3.8382253646850586,44.40226364135742,747.217041015625,46.74003219604492,50,37,4,6.2,11
629,0,nx_shortest_path_heuristic,10,10,2,12,2,0.0,0.0,1.0,lc_nx_heuristic_graph_0629,4.041522026062012,35.964820861816406,662.709716796875,65.16925048828125,50,34,4,6.2,11
630,0,nx_shortest_path_heuristic,10,10,2,12,0,1.0,0.0,0.0,lc_nx_heuristic_graph_0630,4.8797287940979,22.89952278137207,360.57403564453125,59.153099060058594,50,35,2,6.4,10
631,0,nx_shortest_path_heuristic,10,10,2,12,1,0.0,1.0,0.0,lc_nx_heuristic_graph_0631,4.398022651672363,36.27732467651367,812.5812377929688,54.40827560424805,50,34,2,8.2,12
632,0,nx_shortest_path_heuristic,10,10,2,12,2,0.0,0.0,1.0,lc_nx_heuristic_graph_0632,3.784078598022461,36.40122985839844,478.30255126953125,61.206321716308594,50,32,2,6.6,12
633,0,nx_shortest_path_heuristic,10,10,2,12,0,1.0,0.0,0.0,lc_nx_heuristic_graph_0633,4.191210746765137,37.106178283691406,788.2857055664062,48.41600036621094,50,50,5,8.4,12
634,0,nx_shortest_path_heuristic,10,10,2,12,1,0.0,1.0,0.0,lc_nx_heuristic_graph_0634,3.2854249477386475,45.19069290161133,658.958984375,49.047386169433594,50,38,2,7.4,12
635,0,nx_shortest_path_heuristic,10,10,2,12,2,0.0,0.0,1.0,lc_nx_heuristic_graph_0635,2.8632583618164062,35.91640090942383,682.6932373046875,47.60454177856445,50,38,3,7.4,10
636,0,nx_shortest_path_heuristic,10,10,2,12,0,1.0,0.0,0.0,lc_nx_heuristic_graph_0636,4.1479692459106445,44.301639556884766,771.3515014648438,51.00576400756836,50,36,4,7.5,10
637,0,nx_shortest_path_heuristic,10,10,2,12,1,0.0,1.0,0.0,lc_nx_heuristic_graph_0637,2.8234264850616455,49.57212829589844,812.8668823242188,31.21485137939453,50,44,3,6.9,12
638,0,nx_shortest_path_heuristic,10,10,2,12,2,0.0,0.0,1.0,lc_nx_heuristic_graph_0638,2.188281774520874,31.601661682128906,755.3937377929688,31.44641876220703,50,42,4,8.3,12
639,0,nx_shortest_path_heuristic,10,10,2,12,0,1.0,0.0,0.0,lc_nx_heuristic_graph_0639,2.0291221141815186,39.79608917236328,686.3557739257812,18.37392234802246,50,46,2,7.5,12
640,0,nx_shortest_path_heuristic,10,10,2,12,1,0.0,1.0,0.0,lc_nx_heuristic_graph_0640,3.515007495880127,34.2000617980957,537.4484252929688,45.28803634643555,50,38,3,6.7,12
641,0,nx_shortest_path_heuristic,10,10,2,12,2,0.0,0.0,1.0,lc_nx_heuristic_graph_0641,3.2541885375976562,30.562843322753906,541.0604248046875,60.65241241455078,50,35,2,6.7,12
642,0,nx_shortest_path_heuristic,10,10,2,12,0,1.0,0.0,0.0,lc_nx_heuristic_graph_0642,2.0240960121154785,40.11321258544922,696.4442749023438,25.355297088623047,50,46,4,7.6,12
643,0,nx_shortest_path_heuristic,10,10,2,12,1,0.0,1.0,0.0,lc_nx_heuristic_graph_0643,5.357248783111572,32.32078170776367,469.8114929199219,81.50279235839844,50,36,2,4.8,8
644,0,nx_shortest_path_heuristic,10,10,2,12,2,0.0,0.0,1.0,lc_nx_heuristic_graph_0644,3.8976635932922363,25.965354919433594,327.5210266113281,64.52034759521484,50,35,2,5.5,12
645,0,nx_shortest_path_heuristic,10,10,2,12,0,1.0,0.0,0.0,lc_nx_heuristic_graph_0645,3.805607318878174,46.16539001464844,638.4696044921875,50.401031494140625,50,38,2,6.9,12
646,0,nx_shortest_path_heuristic,10,10,2,12,1,0.0,1.0,0.0,lc_nx_heuristic_graph_0646,3.5627024173736572,40.614906311035156,769.2596435546875,32.52457809448242,50,41,3,7.0,11
647,0,nx_shortest_path_heuristic,10,10,2,12,2,0.0,0.0,1.0,lc_nx_heuristic_graph_0647,3.6523807048797607,34.71039581298828,571.1589965820312,59.64622497558594,50,32,2,6.5,10
648,0,nx_shortest_path_heuristic,10,10,2,12,0,1.0,0.0,0.0,lc_nx_heuristic_graph_0648,1.6022601127624512,35.89548110961914,826.9453125,10.913727760314941,50,48,3,8.6,12
649,0,nx_shortest_path_heuristic,10,10,2,12,1,0.0,1.0,0.0,lc_nx_heuristic_graph_0649,5.197878837585449,27.3762264251709,402.1481018066406,83.0599365234375,50,28,3,4.8,9
650,0,nx_shortest_path_heuristic,10,10,2,12,2,0.0,0.0,1.0,lc_nx_heuristic_graph_0650,4.417741775512695,29.337060928344727,597.9606323242188,76.27652740478516,50,33,2,6.6,11
651,0,nx_shortest_path_heuristic,10,10,2,12,0,1.0,0.0,0.0,lc_nx_heuristic_graph_0651,2.349484443664551,35.08081817626953,545.0718383789062,28.251821517944336,50,50,3,7.1,12
652,0,nx_shortest_path_heuristic,10,10,2,12,1,0.0,1.0,0.0,lc_nx_heuristic_graph_0652,4.47970724105835,37.80590057373047,660.3577270507812,65.24751281738281,50,30,3,6.9,12
653,0,nx_shortest_path_heuristic,10,10,2,12,2,0.0,0.0,1.0,lc_nx_heuristic_graph_0653,3.6489474773406982,37.31991958618164,754.3289794921875,60.98824691772461,50,38,5,6.8,12
654,0,nx_shortest_path_heuristic,10,10,2,12,0,1.0,0.0,0.0,lc_nx_heuristic_graph_0654,1.739983081817627,49.963375091552734,575.6177368164062,22.888050079345703,50,49,2,7.3,11
655,0,nx_shortest_path_heuristic,10,10,2,12,1,0.0,1.0,0.0,lc_nx_heuristic_graph_0655,3.5588035583496094,45.9911994934082,789.638916015625,45.49068832397461,50,41,2,6.7,11
656,0,nx_shortest_path_heuristic,10,10,2,12,2,0.0,0.0,1.0,lc_nx_heuristic_graph_0656,2.621324300765991,36.86240768432617,744.573486328125,39.85166931152344,50,39,4,7.6,12
657,0,nx_shortest_path_heuristic,10,10,2,12,0,1.0,0.0,0.0,lc_nx_heuristic_graph_0657,4.79341459274292,32.288211822509766,698.413330078125,58.951507568359375,50,32,4,7.6,12
658,0,nx_shortest_path_heuristic,10,10,2,12,1,0.0,1.0,0.0,lc_nx_heuristic_graph_0658,3.113430976867676,42.18051528930664,552.2605590820312,45.16551208496094,50,39,2,7.0,12
659,0,nx_shortest_path_heuristic,10,10,2,12,2,0.0,0.0,1.0,lc_nx_heuristic_graph_0659,3.148030996322632,36.13704299926758,515.5499877929688,56.872581481933594,50,42,2,6.3,8
660,0,nx_shortest_path_heuristic,10,10,2,12,0,1.0,0.0,0.0,lc_nx_heuristic_graph_0660,4.975610733032227,29.635684967041016,503.9215393066406,60.118473052978516,50,41,2,6.1,11
661,0,nx_shortest_path_heuristic,10,10,2,12,1,0.0,1.0,0.0,lc_nx_heuristic_graph_0661,3.892610549926758,32.665794372558594,490.3319091796875,53.704612731933594,50,37,3,7.4,12
662,0,nx_shortest_path_heuristic,10,10,2,12,2,0.0,0.0,1.0,lc_nx_heuristic_graph_0662,3.0062201023101807,35.5252571105957,515.1705322265625,46.77517318725586,50,42,3,6.6,11
663,0,nx_shortest_path_heuristic,10,10,2,12,0,1.0,0.0,0.0,lc_nx_heuristic_graph_0663,4.554365158081055,43.665225982666016,693.9950561523438,58.13487243652344,50,40,3,6.0,9
664,0,nx_shortest_path_heuristic,10,10,2,12,1,0.0,1.0,0.0,lc_nx_heuristic_graph_0664,3.2445080280303955,49.55092239379883,715.1089477539062,43.56270980834961,50,41,3,6.1,10
665,0,nx_shortest_path_heuristic,10,10,2,12,2,0.0,0.0,1.0,lc_nx_heuristic_graph_0665,2.8050804138183594,37.487281799316406,693.3421630859375,42.124603271484375,50,38,3,7.5,11
666,0,nx_shortest_path_heuristic,10,10,2,12,0,1.0,0.0,0.0,lc_nx_heuristic_graph_0666,2.9502177238464355,33.25494384765625,739.6331176757812,30.39966583251953,50,42,4,6.9,11
667,0,nx_shortest_path_heuristic,10,10,2,12,1,0.0,1.0,0.0,lc_nx_heuristic_graph_0667,3.842681407928467,24.766136169433594,419.2008361816406,51.16532516479492,50,36,3,7.2,11
668,0,nx_shortest_path_heuristic,10,10,2,12,2,0.0,0.0,1.0,lc_nx_heuristic_graph_0668,2.50065279006958,42.74374771118164,532.6550903320312,49.20039749145508,50,48,3,6.7,12
669,0,nx_shortest_path_heuristic,10,10,2,12,0,1.0,0.0,0.0,lc_nx_heuristic_graph_0669,3.7004432678222656,40.02943801879883,537.926513671875,48.58087158203125,50,39,3,6.1,8
670,0,nx_shortest_path_heuristic,10,10,2,12,1,0.0,1.0,0.0,lc_nx_heuristic_graph_0670,5.092690944671631,22.911203384399414,395.0420837402344,75.67291259765625,50,26,3,6.7,9
671,0,nx_shortest_path_heuristic,10,10,2,12,2,0.0,0.0,1.0,lc_nx_heuristic_graph_0671,4.248223781585693,31.2101993560791,631.7633666992188,70.55921173095703,50,34,3,5.5,10
672,0,nx_shortest_path_heuristic,10,10,2,12,0,1.0,0.0,0.0,lc_nx_heuristic_graph_0672,4.119769096374512,31.509084701538086,449.11810302734375,49.2453498840332,50,37,2,6.9,11
673,0,nx_shortest_path_heuristic,10,10,2,12,1,0.0,1.0,0.0,lc_nx_heuristic_graph_0673,5.264954566955566,25.090242385864258,608.0254516601562,80.0156021118164,50,32,4,6.6,12
674,0,nx_shortest_path_heuristic,10,10,2,12,2,0.0,0.0,1.0,lc_nx_heuristic_graph_0674,4.314248085021973,20.080339431762695,231.2910614013672,74.61854553222656,50,28,2,4.9,8
675,0,nx_shortest_path_heuristic,10,10,2,12,0,1.0,0.0,0.0,lc_nx_heuristic_graph_0675,4.354397773742676,33.84300994873047,417.1800842285156,53.527122497558594,50,36,3,6.5,11
676,0,nx_shortest_path_heuristic,10,10,2,12,1,0.0,1.0,0.0,lc_nx_heuristic_graph_0676,5.364245891571045,27.23914337158203,602.096435546875,77.62191009521484,50,45,3,5.5,8
677,0,nx_shortest_path_heuristic,10,10,2,12,2,0.0,0.0,1.0,lc_nx_heuristic_graph_0677,2.6665542125701904,62.57135772705078,524.1950073242188,62.654693603515625,50,40,2,5.3,11
678,0,nx_shortest_path_heuristic,10,10,2,12,0,1.0,0.0,0.0,lc_nx_heuristic_graph_0678,3.8063807487487793,34.47965621948242,648.9066772460938,50.5992546081543,50,38,2,7.2,12
679,0,nx_shortest_path_heuristic,10,10,2,12,1,0.0,1.0,0.0,lc_nx_heuristic_graph_0679,3.204148530960083,43.185184478759766,797.5630493164062,35.82611846923828,50,40,3,8.1,12
680,0,nx_shortest_path_heuristic,10,10,2,12,2,0.0,0.0,1.0,lc_nx_heuristic_graph_0680,1.3791409730911255,37.4632682800293,665.5670776367188,19.79119110107422,50,47,2,7.5,12
681,0,nx_shortest_path_heuristic,10,10,2,12,0,1.0,0.0,0.0,lc_nx_heuristic_graph_0681,2.2468838691711426,44.626136779785156,720.6988525390625,20.676179885864258,50,46,3,7.6,11
682,0,nx_shortest_path_heuristic,10,10,2,12,1,0.0,1.0,0.0,lc_nx_heuristic_graph_0682,3.415292739868164,46.36643981933594,587.1729125976562,57.57638168334961,50,37,2,6.0,9
683,0,nx_shortest_path_heuristic,10,10,2,12,2,0.0,0.0,1.0,lc_nx_heuristic_graph_0683,1.5523788928985596,41.96599197387695,891.014892578125,24.64019775390625,50,46,4,7.4,12
684,0,nx_shortest_path_heuristic,10,10,2,12,0,1.0,0.0,0.0,lc_nx_heuristic_graph_0684,4.239074230194092,63.9051399230957,810.741455078125,57.614158630371094,50,37,3,6.8,9
685,0,nx_shortest_path_heuristic,10,10,2,12,1,0.0,1.0,0.0,lc_nx_heuristic_graph_0685,3.3642895221710205,54.12955856323242,629.490234375,48.38268280029297,50,40,2,6.0,10
686,0,nx_shortest_path_heuristic,10,10,2,12,2,0.0,0.0,1.0,lc_nx_heuristic_graph_0686,1.761758804321289,48.51569366455078,661.0755004882812,36.126243591308594,50,45,2,7.9,12
687,0,nx_shortest_path_heuristic,10,10,2,12,0,1.0,0.0,0.0,lc_nx_heuristic_graph_0687,4.614386081695557,37.393760681152344,707.401123046875,57.0944709777832,50,38,5,7.3,11
688,0,nx_shortest_path_heuristic,10,10,2,12,1,0.0,1.0,0.0,lc_nx_heuristic_graph_0688,4.671885013580322,28.962642669677734,507.9813232421875,70.9959945678711,50,38,2,5.8,10
689,0,nx_shortest_path_heuristic,10,10,2,12,2,0.0,0.0,1.0,lc_nx_heuristic_graph_0689,1.2231206893920898,45.46276092529297,632.47265625,27.967796325683594,50,48,4,6.9,12
690,0,nx_shortest_path_heuristic,10,10,2,12,0,1.0,0.0,0.0,lc_nx_heuristic_graph_0690,1.8514702320098877,41.089195251464844,854.7644653320312,18.059852600097656,50,47,4,8.4,12
691,0,nx_shortest_path_heuristic,10,10,2,12,1,0.0,1.0,0.0,lc_nx_heuristic_graph_0691,2.9595470428466797,37.54978942871094,515.3815307617188,34.50202560424805,50,49,4,6.7,12
692,0,nx_shortest_path_heuristic,10,10,2,12,2,0.0,0.0,1.0,lc_nx_heuristic_graph_0692,1.5818209648132324,37.30405044555664,643.8591918945312,25.365272521972656,50,46,4,7.2,12
693,0,nx_shortest_path_heuristic,10,10,2,12,0,1.0,0.0,0.0,lc_nx_heuristic_graph_0693,4.996068954467773,38.04705810546875,632.9426879882812,62.31907653808594,50,31,2,7.2,12
694,0,nx_shortest_path_heuristic,10,10,2,12,1,0.0,1.0,0.0,lc_nx_heuristic_graph_0694,4.052751541137695,32.91341018676758,577.1767578125,49.75682830810547,50,36,2,6.0,12
695,0,nx_shortest_path_heuristic,10,10,2,12,2,0.0,0.0,1.0,lc_nx_heuristic_graph_0695,2.827174425125122,48.07393264770508,718.5814208984375,46.40776824951172,50,38,2,7.4,11
696,0,nx_shortest_path_heuristic,10,10,2,12,0,1.0,0.0,0.0,lc_nx_heuristic_graph_0696,4.802511215209961,35.99323272705078,728.4776000976562,59.17584991455078,50,32,2,7.5,11
697,0,nx_shortest_path_heuristic,10,10,2,12,1,0.0,1.0,0.0,lc_nx_heuristic_graph_0697,4.141385078430176,38.82787322998047,515.3173217773438,58.83216094970703,50,34,2,6.3,11
698,0,nx_shortest_path_heuristic,10,10,2,12,2,0.0,0.0,1.0,lc_nx_heuristic_graph_0698,4.053267478942871,47.347530364990234,554.988525390625,68.46575927734375,50,35,2,4.8,8
699,0,nx_shortest_path_heuristic,10,10,2,12,0,1.0,0.0,0.0,lc_nx_heuristic_graph_0699,5.571395397186279,19.92443084716797,410.9008483886719,70.07559204101562,50,38,3,6.7,11
700,0,nx_shortest_path_heuristic,10,10,2,12,1,0.0,1.0,0.0,lc_nx_heuristic_graph_0700,4.188874244689941,40.992332458496094,633.4000854492188,61.74537658691406,50,34,2,6.7,11
701,0,nx_shortest_path_heuristic,10,10,2,12,2,0.0,0.0,1.0,lc_nx_heuristic_graph_0701,3.1646909713745117,27.42888641357422,345.78948974609375,51.39542770385742,50,36,2,6.2,11
702,0,nx_shortest_path_heuristic,10,10,2,12,0,1.0,0.0,0.0,lc_nx_heuristic_graph_0702,4.714960098266602,42.81366729736328,677.8001098632812,57.459251403808594,50,33,2,7.1,11
703,0,nx_shortest_path_heuristic,10,10,2,12,1,0.0,1.0,0.0,lc_nx_heuristic_graph_0703,4.320046901702881,39.21128845214844,667.8367919921875,55.690704345703125,50,39,2,6.4,11
704,0,nx_shortest_path_heuristic,10,10,2,12,2,0.0,0.0,1.0,lc_nx_heuristic_graph_0704,3.7962820529937744,40.88023376464844,543.571533203125,68.85406494140625,50,33,2,6.1,10
705,0,nx_shortest_path_heuristic,10,10,2,12,0,1.0,0.0,0.0,lc_nx_heuristic_graph_0705,3.232670783996582,26.704784393310547,511.1910095214844,33.983009338378906,50,41,5,7.6,10
706,0,nx_shortest_path_heuristic,10,10,2,12,1,0.0,1.0,0.0,lc_nx_heuristic_graph_0706,3.260680675506592,34.67074203491211,645.8414306640625,34.681190490722656,50,40,3,8.2,12
707,0,nx_shortest_path_heuristic,10,10,2,12,2,0.0,0.0,1.0,lc_nx_heuristic_graph_0707,3.6842877864837646,28.738264083862305,408.0005798339844,62.791847229003906,50,34,2,6.6,11
708,0,nx_shortest_path_heuristic,10,10,2,12,0,1.0,0.0,0.0,lc_nx_heuristic_graph_0708,5.140804767608643,24.32054328918457,424.1529846191406,64.58911895751953,50,35,3,7.1,11
709,0,nx_shortest_path_heuristic,10,10,2,12,1,0.0,1.0,0.0,lc_nx_heuristic_graph_0709,2.8389108180999756,37.08837127685547,638.1012573242188,29.674821853637695,50,43,4,7.2,12
710,0,nx_shortest_path_heuristic,10,10,2,12,2,0.0,0.0,1.0,lc_nx_heuristic_graph_0710,2.37833571434021,26.958961486816406,478.7469177246094,36.861183166503906,50,41,4,7.8,10
711,0,nx_shortest_path_heuristic,10,10,2,12,0,1.0,0.0,0.0,lc_nx_heuristic_graph_0711,2.814663887023926,30.140567779541016,511.6216125488281,27.561260223388672,50,43,5,8.1,12
712,0,nx_shortest_path_heuristic,10,10,2,12,1,0.0,1.0,0.0,lc_nx_heuristic_graph_0712,4.284977912902832,35.35624694824219,654.5382080078125,60.929466247558594,50,32,3,7.0,11
713,0,nx_shortest_path_heuristic,10,10,2,12,2,0.0,0.0,1.0,lc_nx_heuristic_graph_0713,3.443423271179199,39.235023498535156,690.9713745117188,54.698516845703125,50,37,2,6.5,10
714,0,nx_shortest_path_heuristic,10,10,2,12,0,1.0,0.0,0.0,lc_nx_heuristic_graph_0714,3.989244222640991,50.12470626831055,714.5980224609375,49.87255096435547,50,39,2,7.3,12
715,0,nx_shortest_path_heuristic,10,10,2,12,1,0.0,1.0,0.0,lc_nx_heuristic_graph_0715,2.948556423187256,30.550535202026367,495.30950927734375,29.743925094604492,50,43,4,7.6,12
716,0,nx_shortest_path_heuristic,10,10,2,12,2,0.0,0.0,1.0,lc_nx_heuristic_graph_0716,2.7097697257995605,26.301563262939453,493.3260803222656,40.093162536621094,50,39,2,8.1,11
717,0,nx_shortest_path_heuristic,10,10,2,12,0,1.0,0.0,0.0,lc_nx_heuristic_graph_0717,4.431653022766113,29.447546005249023,577.0476684570312,53.68901062011719,50,46,3,7.1,11
718,0,nx_shortest_path_heuristic,10,10,2,12,1,0.0,1.0,0.0,lc_nx_heuristic_graph_0718,4.662044525146484,19.010000228881836,248.70901489257812,70.98270416259766,50,27,3,5.5,7
719,0,nx_shortest_path_heuristic,10,10,2,12,2,0.0,0.0,1.0,lc_nx_heuristic_graph_0719,2.494206428527832,39.69890594482422,713.0847778320312,44.374717712402344,50,40,3,7.1,10
720,0,nx_shortest_path_heuristic,10,10,2,12,0,1.0,0.0,0.0,lc_nx_heuristic_graph_0720,4.294497966766357,49.935054779052734,657.6060791015625,59.92155838012695,50,39,2,5.9,11
721,0,nx_shortest_path_heuristic,10,10,2,12,1,0.0,1.0,0.0,lc_nx_heuristic_graph_0721,3.7092971801757812,30.503660202026367,604.7763061523438,46.05234146118164,50,37,3,7.8,12
722,0,nx_shortest_path_heuristic,10,10,2,12,2,0.0,0.0,1.0,lc_nx_heuristic_graph_0722,2.1645305156707764,37.41136169433594,568.2249755859375,33.94122314453125,50,43,2,6.8,10
723,0,nx_shortest_path_heuristic,10,10,2,12,0,1.0,0.0,0.0,lc_nx_heuristic_graph_0723,1.2971255779266357,48.45903015136719,652.1550903320312,9.977770805358887,50,49,2,8.1,12
724,0,nx_shortest_path_heuristic,10,10,2,12,1,0.0,1.0,0.0,lc_nx_heuristic_graph_0724,3.7167344093322754,30.304046630859375,866.1755981445312,39.10973358154297,50,44,5,9.3,12
725,0,nx_shortest_path_heuristic,10,10,2,12,2,0.0,0.0,1.0,lc_nx_heuristic_graph_0725,4.147618770599365,29.81273651123047,387.3379211425781,69.13674926757812,50,34,2,6.5,10
726,0,nx_shortest_path_heuristic,10,10,2,12,0,1.0,0.0,0.0,lc_nx_heuristic_graph_0726,4.974359512329102,22.091712951660156,436.2744140625,61.67515563964844,50,40,4,7.3,11
727,0,nx_shortest_path_heuristic,10,10,2,12,1,0.0,1.0,0.0,lc_nx_heuristic_graph_0727,3.7473795413970947,36.49250030517578,630.7034301757812,49.33704376220703,50,36,3,6.9,12
728,0,nx_shortest_path_heuristic,10,10,2,12,2,0.0,0.0,1.0,lc_nx_heuristic_graph_0728,3.9094958305358887,36.68592834472656,592.5829467773438,70.37728118896484,50,35,2,5.2,12
729,0,nx_shortest_path_heuristic,10,10,2,12,0,1.0,0.0,0.0,lc_nx_heuristic_graph_0729,3.499924659729004,41.07354736328125,657.1075439453125,43.39232635498047,50,40,3,7.5,11
730,0,nx_shortest_path_heuristic,10,10,2,12,1,0.0,1.0,0.0,lc_nx_heuristic_graph_0730,2.3369078636169434,43.587947845458984,717.4671630859375,12.773321151733398,50,47,2,7.2,12
731,0,nx_shortest_path_heuristic,10,10,2,12,2,0.0,0.0,1.0,lc_nx_heuristic_graph_0731,2.540930986404419,34.232261657714844,607.3649291992188,47.117401123046875,50,40,6,7.0,9
732,0,nx_shortest_path_heuristic,10,10,2,12,0,1.0,0.0,0.0,lc_nx_heuristic_graph_0732,2.822997570037842,39.77478790283203,736.9175415039062,39.817283630371094,50,43,3,6.8,10
733,0,nx_shortest_path_heuristic,10,10,2,12,1,0.0,1.0,0.0,lc_nx_heuristic_graph_0733,2.380049705505371,43.91156768798828,529.527099609375,35.852142333984375,50,46,2,6.4,11
734,0,nx_shortest_path_heuristic,10,10,2,12,2,0.0,0.0,1.0,lc_nx_heuristic_graph_0734,3.1233720779418945,35.047725677490234,579.6647338867188,47.782745361328125,50,36,2,6.5,12
735,0,nx_shortest_path_heuristic,10,10,2,12,0,1.0,0.0,0.0,lc_nx_heuristic_graph_0735,5.312628746032715,34.441246032714844,715.716064453125,66.68231964111328,50,29,5,7.8,11
736,0,nx_shortest_path_heuristic,10,10,2,12,1,0.0,1.0,0.0,lc_nx_heuristic_graph_0736,4.289066314697266,41.16663360595703,864.1062622070312,54.81290817260742,50,34,5,8.5,11
737,0,nx_shortest_path_heuristic,10,10,2,12,2,0.0,0.0,1.0,lc_nx_heuristic_graph_0737,2.9520394802093506,36.4910774230957,777.3945922851562,47.03937530517578,50,37,4,7.7,10
738,0,nx_shortest_path_heuristic,10,10,2,12,0,1.0,0.0,0.0,lc_nx_heuristic_graph_0738,3.756235122680664,37.152896881103516,700.2811279296875,41.988609313964844,50,38,3,7.5,12
739,0,nx_shortest_path_heuristic,10,10,2,12,1,0.0,1.0,0.0,lc_nx_heuristic_graph_0739,3.4435741901397705,39.88533020019531,552.2152709960938,46.61026382446289,50,45,3,6.6,12
740,0,nx_shortest_path_heuristic,10,10,2,12,2,0.0,0.0,1.0,lc_nx_heuristic_graph_0740,3.829469680786133,34.04503631591797,788.3480834960938,62.968719482421875,50,35,5,8.0,12
741,0,nx_shortest_path_heuristic,10,10,2,12,0,1.0,0.0,0.0,lc_nx_heuristic_graph_0741,5.052509784698486,41.73786544799805,713.05859375,61.3706169128418,50,36,2,7.1,12
742,0,nx_shortest_path_heuristic,10,10,2,12,1,0.0,1.0,0.0,lc_nx_heuristic_graph_0742,3.9740285873413086,38.30849075317383,625.2451171875,56.65061950683594,50,41,2,5.8,12
743,0,nx_shortest_path_heuristic,10,10,2,12,2,0.0,0.0,1.0,lc_nx_heuristic_graph_0743,3.4622108936309814,40.8150634765625,804.8441772460938,55.055641174316406,50,43,3,7.0,11
744,0,nx_shortest_path_heuristic,10,10,2,12,0,1.0,0.0,0.0,lc_nx_heuristic_graph_0744,6.044879913330078,33.18035888671875,536.4601440429688,77.87754821777344,50,29,3,6.0,9
745,0,nx_shortest_path_heuristic,10,10,2,12,1,0.0,1.0,0.0,lc_nx_heuristic_graph_0745,4.28867244720459,39.8149528503418,786.2811889648438,62.01303482055664,50,31,5,8.2,12
746,0,nx_shortest_path_heuristic,10,10,2,12,2,0.0,0.0,1.0,lc_nx_heuristic_graph_0746,3.660155773162842,31.948204040527344,866.0191650390625,58.190834045410156,50,32,6,9.3,11
747,0,nx_shortest_path_heuristic,10,10,2,12,0,1.0,0.0,0.0,lc_nx_heuristic_graph_0747,3.624403953552246,33.88391876220703,715.1871948242188,42.780338287353516,50,39,3,7.8,12
748,0,nx_shortest_path_heuristic,10,10,2,12,1,0.0,1.0,0.0,lc_nx_heuristic_graph_0748,3.9676690101623535,34.866092681884766,829.4711303710938,42.843753814697266,50,38,6,9.0,12
749,0,nx_shortest_path_heuristic,10,10,2,12,2,0.0,0.0,1.0,lc_nx_heuristic_graph_0749,2.6854288578033447,25.469221115112305,427.5226135253906,44.618797302246094,50,39,6,7.3,11
750,0,nx_shortest_path_heuristic,10,10,2,12,0,1.0,0.0,0.0,lc_nx_heuristic_graph_0750,3.341686248779297,40.12910079956055,604.072021484375,42.383724212646484,50,40,3,6.7,9
751,0,nx_shortest_path_heuristic,10,10,2,12,1,0.0,1.0,0.0,lc_nx_heuristic_graph_0751,3.6818013191223145,31.88770866394043,644.4630737304688,42.444087982177734,50,45,4,7.9,12
752,0,nx_shortest_path_heuristic,10,10,2,12,2,0.0,0.0,1.0,lc_nx_heuristic_graph_0752,2.6882009506225586,46.84217071533203,755.309326171875,42.87584686279297,50,39,4,7.8,12
753,0,nx_shortest_path_heuristic,10,10,2,12,0,1.0,0.0,0.0,lc_nx_heuristic_graph_0753,5.294235706329346,33.914676666259766,570.3002319335938,67.63104248046875,50,36,4,6.0,11
754,0,nx_shortest_path_heuristic,10,10,2,12,1,0.0,1.0,0.0,lc_nx_heuristic_graph_0754,3.4662060737609863,39.358829498291016,850.8202514648438,45.55121994018555,50,39,4,8.5,12
755,0,nx_shortest_path_heuristic,10,10,2,12,2,0.0,0.0,1.0,lc_nx_heuristic_graph_0755,2.7130837440490723,33.96363830566406,553.156494140625,45.49187469482422,50,41,2,6.8,11
756,0,nx_shortest_path_heuristic,10,10,2,12,0,1.0,0.0,0.0,lc_nx_heuristic_graph_0756,5.0555925369262695,22.485441207885742,421.1791687011719,63.69305419921875,50,31,2,6.3,10
757,0,nx_shortest_path_heuristic,10,10,2,12,1,0.0,1.0,0.0,lc_nx_heuristic_graph_0757,3.008598804473877,46.30275344848633,641.3473510742188,44.96577072143555,50,40,4,7.4,12
758,0,nx_shortest_path_heuristic,10,10,2,12,2,0.0,0.0,1.0,lc_nx_heuristic_graph_0758,1.8185222148895264,38.71084976196289,611.0106201171875,32.72700500488281,50,46,2,7.1,12
759,0,nx_shortest_path_heuristic,10,10,2,12,0,1.0,0.0,0.0,lc_nx_heuristic_graph_0759,4.043976783752441,35.585350036621094,666.226806640625,49.1738395690918,50,46,4,7.7,10
760,0,nx_shortest_path_heuristic,10,10,2,12,1,0.0,1.0,0.0,lc_nx_heuristic_graph_0760,4.699796199798584,33.25004959106445,428.58428955078125,63.5249137878418,50,35,4,6.6,12
761,0,nx_shortest_path_heuristic,10,10,2,12,2,0.0,0.0,1.0,lc_nx_heuristic_graph_0761,1.7785158157348633,46.58646774291992,627.4696044921875,35.06108093261719,50,45,2,7.3,12
762,0,nx_shortest_path_heuristic,10,10,2,12,0,1.0,0.0,0.0,lc_nx_heuristic_graph_0762,5.296429634094238,30.87498664855957,733.7469482421875,66.25591278076172,50,40,3,7.8,12
763,0,nx_shortest_path_heuristic,10,10,2,12,1,0.0,1.0,0.0,lc_nx_heuristic_graph_0763,4.592874526977539,24.661319732666016,422.7113952636719,65.27635192871094,50,31,3,6.6,9
764,0,nx_shortest_path_heuristic,10,10,2,12,2,0.0,0.0,1.0,lc_nx_heuristic_graph_0764,3.7709474563598633,32.556610107421875,313.30255126953125,68.88880920410156,50,32,3,5.4,10
765,0,nx_shortest_path_heuristic,10,10,2,12,0,1.0,0.0,0.0,lc_nx_heuristic_graph_0765,3.915771245956421,41.3638801574707,826.3629150390625,48.65858459472656,50,37,2,7.8,12
766,0,nx_shortest_path_heuristic,10,10,2,12,1,0.0,1.0,0.0,lc_nx_heuristic_graph_0766,2.8309755325317383,28.1042537689209,515.5525512695312,24.23618507385254,50,44,3,7.9,12
767,0,nx_shortest_path_heuristic,10,10,2,12,2,0.0,0.0,1.0,lc_nx_heuristic_graph_0767,2.591747283935547,48.328853607177734,669.4894409179688,44.26436996459961,50,40,2,5.9,9
768,0,nx_shortest_path_heuristic,10,10,2,12,0,1.0,0.0,0.0,lc_nx_heuristic_graph_0768,5.267335414886475,31.925762176513672,414.38232421875,65.72187805175781,50,37,2,6.3,9
769,0,nx_shortest_path_heuristic,10,10,2,12,1,0.0,1.0,0.0,lc_nx_heuristic_graph_0769,3.0163991451263428,44.335472106933594,681.5042724609375,36.398834228515625,50,42,5,7.8,12
770,0,nx_shortest_path_heuristic,10,10,2,12,2,0.0,0.0,1.0,lc_nx_heuristic_graph_0770,3.4622459411621094,23.910457611083984,350.6352233886719,56.3866081237793,50,42,2,6.2,12
771,0,nx_shortest_path_heuristic,10,10,2,12,0,1.0,0.0,0.0,lc_nx_heuristic_graph_0771,4.503305912017822,36.867942810058594,670.2389526367188,55.833351135253906,50,34,4,7.1,12
772,0,nx_shortest_path_heuristic,10,10,2,12,1,0.0,1.0,0.0,lc_nx_heuristic_graph_0772,4.1557393074035645,43.077049255371094,732.0315551757812,56.78104019165039,50,33,3,7.9,11
773,0,nx_shortest_path_heuristic,10,10,2,12,2,0.0,0.0,1.0,lc_nx_heuristic_graph_0773,1.7260007858276367,53.476318359375,576.511474609375,26.477319717407227,50,46,2,6.8,12
774,0,nx_shortest_path_heuristic,10,10,2,12,0,1.0,0.0,0.0,lc_nx_heuristic_graph_0774,4.609782695770264,44.99455261230469,687.8482055664062,57.9798469543457,50,34,3,5.9,12
775,0,nx_shortest_path_heuristic,10,10,2,12,1,0.0,1.0,0.0,lc_nx_heuristic_graph_0775,4.738032817840576,37.61330795288086,792.7787475585938,60.267086029052734,50,32,5,6.9,10
776,0,nx_shortest_path_heuristic,10,10,2,12,2,0.0,0.0,1.0,lc_nx_heuristic_graph_0776,3.275583028793335,29.591350555419922,629.7521362304688,53.69804382324219,50,48,2,7.8,12
777,0,nx_shortest_path_heuristic,10,10,2,12,0,1.0,0.0,0.0,lc_nx_heuristic_graph_0777,5.048899173736572,37.01482391357422,516.5130004882812,63.351173400878906,50,31,2,5.7,10
778,0,nx_shortest_path_heuristic,10,10,2,12,1,0.0,1.0,0.0,lc_nx_heuristic_graph_0778,4.339021682739258,25.380847930908203,313.8727722167969,62.14900588989258,50,31,2,5.7,10
779,0,nx_shortest_path_heuristic,10,10,2,12,2,0.0,0.0,1.0,lc_nx_heuristic_graph_0779,3.666381359100342,43.92588424682617,508.9437255859375,63.68201446533203,50,32,2,5.5,8
780,0,nx_shortest_path_heuristic,10,10,2,12,0,1.0,0.0,0.0,lc_nx_heuristic_graph_0780,3.722794532775879,41.19612121582031,738.8331298828125,41.94697570800781,50,38,2,7.8,12
781,0,nx_shortest_path_heuristic,10,10,2,12,1,0.0,1.0,0.0,lc_nx_heuristic_graph_0781,3.432372570037842,38.79568862915039,571.2932739257812,47.48440933227539,50,38,3,6.4,12
782,0,nx_shortest_path_heuristic,10,10,2,12,2,0.0,0.0,1.0,lc_nx_heuristic_graph_0782,1.3424900770187378,33.541404724121094,872.5243530273438,13.55622386932373,50,47,6,9.1,12
783,0,nx_shortest_path_heuristic,10,10,2,12,0,1.0,0.0,0.0,lc_nx_heuristic_graph_0783,3.907371997833252,26.41845703125,393.0741271972656,55.441898345947266,50,38,2,6.5,10
784,0,nx_shortest_path_heuristic,10,10,2,12,1,0.0,1.0,0.0,lc_nx_heuristic_graph_0784,2.765590190887451,31.1412353515625,791.2847900390625,20.663623809814453,50,45,3,8.8,12
785,0,nx_shortest_path_heuristic,10,10,2,12,2,0.0,0.0,1.0,lc_nx_heuristic_graph_0785,3.2966554164886475,35.50779724121094,658.5763549804688,53.6916389465332,50,35,2,6.7,12
786,0,nx_shortest_path_heuristic,10,10,2,12,0,1.0,0.0,0.0,lc_nx_heuristic_graph_0786,4.119412899017334,31.676958084106445,585.3676147460938,51.81172561645508,50,47,2,7.2,12
787,0,nx_shortest_path_heuristic,10,10,2,12,1,0.0,1.0,0.0,lc_nx_heuristic_graph_0787,3.936041831970215,24.499309539794922,403.17840576171875,54.75740432739258,50,36,3,7.0,11
788,0,nx_shortest_path_heuristic,10,10,2,12,2,0.0,0.0,1.0,lc_nx_heuristic_graph_0788,2.2310988903045654,41.081581115722656,668.0670776367188,32.07709884643555,50,46,3,7.6,12
789,0,nx_shortest_path_heuristic,10,10,2,12,0,1.0,0.0,0.0,lc_nx_heuristic_graph_0789,5.321008682250977,42.6572265625,805.8551025390625,67.47322082519531,50,31,2,7.8,12
790,0,nx_shortest_path_heuristic,10,10,2,12,1,0.0,1.0,0.0,lc_nx_heuristic_graph_0790,4.355563640594482,42.180965423583984,652.6542358398438,65.06900024414062,50,34,4,6.9,12
791,0,nx_shortest_path_heuristic,10,10,2,12,2,0.0,0.0,1.0,lc_nx_heuristic_graph_0791,2.918193817138672,39.762290954589844,699.743896484375,41.97740173339844,50,38,3,6.3,11
792,0,nx_shortest_path_heuristic,10,10,2,12,0,1.0,0.0,0.0,lc_nx_heuristic_graph_0792,4.637721061706543,31.957887649536133,455.51953125,57.731449127197266,50,34,4,7.4,11
793,0,nx_shortest_path_heuristic,10,10,2,12,1,0.0,1.0,0.0,lc_nx_heuristic_graph_0793,1.703824520111084,45.00922775268555,554.0098876953125,39.186824798583984,50,49,2,7.1,12
794,0,nx_shortest_path_heuristic,10,10,2,12,2,0.0,0.0,1.0,lc_nx_heuristic_graph_0794,1.6409484148025513,44.15631866455078,701.900390625,26.137266159057617,50,45,5,8.1,12
795,0,nx_shortest_path_heuristic,10,10,2,12,0,1.0,0.0,0.0,lc_nx_heuristic_graph_0795,3.6468544006347656,43.18054962158203,700.386474609375,39.27397918701172,50,39,3,6.1,12
796,0,nx_shortest_path_heuristic,10,10,2,12,1,0.0,1.0,0.0,lc_nx_heuristic_graph_0796,3.8635506629943848,56.1605339050293,626.1698608398438,62.63723373413086,50,38,2,5.4,11
797,0,nx_shortest_path_heuristic,10,10,2,12,2,0.0,0.0,1.0,lc_nx_heuristic_graph_0797,2.3453009128570557,30.804996490478516,689.2865600585938,33.79531478881836,50,41,2,7.8,12
798,0,nx_shortest_path_heuristic,10,10,2,12,0,1.0,0.0,0.0,lc_nx_heuristic_graph_0798,2.214761734008789,35.16148376464844,698.8573608398438,21.881322860717773,50,46,4,7.7,12
799,0,nx_shortest_path_heuristic,10,10,2,12,1,0.0,1.0,0.0,lc_nx_heuristic_graph_0799,3.441295623779297,40.86725616455078,891.9469604492188,35.31336975097656,50,41,3,7.7,12
800,0,nx_shortest_path_heuristic,10,10,2,12,2,0.0,0.0,1.0,lc_nx_heuristic_graph_0800,3.6701581478118896,24.70867347717285,462.5056457519531,61.75102615356445,50,32,3,6.3,10
801,0,nx_shortest_path_heuristic,10,10,2,12,0,1.0,0.0,0.0,lc_nx_heuristic_graph_0801,3.1203348636627197,44.611167907714844,563.4871215820312,51.15727233886719,50,46,4,6.8,11
802,0,nx_shortest_path_heuristic,10,10,2,12,1,0.0,1.0,0.0,lc_nx_heuristic_graph_0802,4.811625957489014,33.3503303527832,794.827880859375,70.32774353027344,50,37,2,7.7,12
803,0,nx_shortest_path_heuristic,10,10,2,12,2,0.0,0.0,1.0,lc_nx_heuristic_graph_0803,1.6818299293518066,66.82316589355469,742.8416137695312,34.51668167114258,50,46,3,6.3,12
804,0,nx_shortest_path_heuristic,10,10,2,12,0,1.0,0.0,0.0,lc_nx_heuristic_graph_0804,4.355311393737793,49.4871940612793,581.6902465820312,57.41889572143555,50,36,3,5.5,9
805,0,nx_shortest_path_heuristic,10,10,2,12,1,0.0,1.0,0.0,lc_nx_heuristic_graph_0805,3.0942816734313965,36.924869537353516,729.5648803710938,33.0807991027832,50,42,5,7.9,12
806,0,nx_shortest_path_heuristic,10,10,2,12,2,0.0,0.0,1.0,lc_nx_heuristic_graph_0806,3.00508975982666,30.037574768066406,537.2901611328125,50.24016571044922,50,37,2,6.4,11
807,0,nx_shortest_path_heuristic,10,10,2,12,0,1.0,0.0,0.0,lc_nx_heuristic_graph_0807,6.844030380249023,15.139461517333984,321.6358642578125,89.93416595458984,50,26,2,4.7,9
808,0,nx_shortest_path_heuristic,10,10,2,12,1,0.0,1.0,0.0,lc_nx_heuristic_graph_0808,2.978996992111206,42.85313415527344,723.9166259765625,36.52368927001953,50,41,5,7.4,12
809,0,nx_shortest_path_heuristic,10,10,2,12,2,0.0,0.0,1.0,lc_nx_heuristic_graph_0809,3.05816388130188,34.293514251708984,635.5941162109375,49.30238723754883,50,36,2,7.2,12
810,0,nx_shortest_path_heuristic,10,10,2,12,0,1.0,0.0,0.0,lc_nx_heuristic_graph_0810,4.73225212097168,23.947423934936523,462.234375,56.95043182373047,50,33,2,7.3,12
811,0,nx_shortest_path_heuristic,10,10,2,12,1,0.0,1.0,0.0,lc_nx_heuristic_graph_0811,3.3221540451049805,29.170738220214844,778.2578125,29.20720863342285,50,46,4,8.9,12
812,0,nx_shortest_path_heuristic,10,10,2,12,2,0.0,0.0,1.0,lc_nx_heuristic_graph_0812,3.7140347957611084,29.1312255859375,411.5653381347656,63.86547088623047,50,35,3,5.5,8
813,0,nx_shortest_path_heuristic,10,10,2,12,0,1.0,0.0,0.0,lc_nx_heuristic_graph_0813,4.617365837097168,31.258596420288086,344.3819580078125,62.59599304199219,50,34,2,6.1,11
814,0,nx_shortest_path_heuristic,10,10,2,12,1,0.0,1.0,0.0,lc_nx_heuristic_graph_0814,3.743264675140381,40.89346694946289,557.1914672851562,51.98019790649414,50,37,3,6.8,11
815,0,nx_shortest_path_heuristic,10,10,2,12,2,0.0,0.0,1.0,lc_nx_heuristic_graph_0815,2.9464035034179688,38.041255950927734,784.4993286132812,45.92013168334961,50,42,4,6.6,11
816,0,nx_shortest_path_heuristic,10,10,2,12,0,1.0,0.0,0.0,lc_nx_heuristic_graph_0816,3.303262233734131,42.45819854736328,918.1830444335938,36.858192443847656,50,47,4,7.7,12
817,0,nx_shortest_path_heuristic,10,10,2,12,1,0.0,1.0,0.0,lc_nx_heuristic_graph_0817,3.4744224548339844,37.127193450927734,637.2313232421875,44.3786506652832,50,40,3,6.8,12
818,0,nx_shortest_path_heuristic,10,10,2,12,2,0.0,0.0,1.0,lc_nx_heuristic_graph_0818,3.1108720302581787,31.39345932006836,620.337646484375,55.24005889892578,50,36,3,6.5,10
819,0,nx_shortest_path_heuristic,10,10,2,12,0,1.0,0.0,0.0,lc_nx_heuristic_graph_0819,4.3585124015808105,38.71573257446289,604.009521484375,56.273277282714844,50,35,3,6.3,12
820,0,nx_shortest_path_heuristic,10,10,2,12,1,0.0,1.0,0.0,lc_nx_heuristic_graph_0820,2.8800058364868164,42.290889739990234,674.7970581054688,28.876907348632812,50,44,2,6.4,10
821,0,nx_shortest_path_heuristic,10,10,2,12,2,0.0,0.0,1.0,lc_nx_heuristic_graph_0821,3.952116012573242,29.366504669189453,339.9518737792969,70.8616714477539,50,30,2,5.5,10
822,0,nx_shortest_path_heuristic,10,10,2,12,0,1.0,0.0,0.0,lc_nx_heuristic_graph_0822,3.543933153152466,39.827125549316406,650.4617309570312,41.93998718261719,50,39,2,7.0,12
823,0,nx_shortest_path_heuristic,10,10,2,12,1,0.0,1.0,0.0,lc_nx_heuristic_graph_0823,5.060673713684082,22.412187576293945,263.7120056152344,81.17829132080078,50,29,2,4.8,10
824,0,nx_shortest_path_heuristic,10,10,2,12,2,0.0,0.0,1.0,lc_nx_heuristic_graph_0824,3.3849563598632812,32.903404235839844,628.6766357421875,54.88106155395508,50,34,2,6.9,11
825,0,nx_shortest_path_heuristic,10,10,2,12,0,1.0,0.0,0.0,lc_nx_heuristic_graph_0825,3.9090213775634766,38.76686477661133,859.1721801757812,45.7852668762207,50,37,2,8.4,12
826,0,nx_shortest_path_heuristic,10,10,2,12,1,0.0,1.0,0.0,lc_nx_heuristic_graph_0826,4.6078643798828125,24.13108253479004,502.3800048828125,59.758522033691406,50,32,3,7.4,11
827,0,nx_shortest_path_heuristic,10,10,2,12,2,0.0,0.0,1.0,lc_nx_heuristic_graph_0827,3.886845350265503,20.599973678588867,276.0297546386719,65.16754913330078,50,33,3,5.9,9
828,0,nx_shortest_path_heuristic,10,10,2,12,0,1.0,0.0,0.0,lc_nx_heuristic_graph_0828,3.3764867782592773,35.114681243896484,395.08575439453125,45.13611602783203,50,44,3,6.8,11
829,0,nx_shortest_path_heuristic,10,10,2,12,1,0.0,1.0,0.0,lc_nx_heuristic_graph_0829,4.908061981201172,26.37552261352539,514.1809692382812,68.98933410644531,50,49,2,6.2,11
830,0,nx_shortest_path_heuristic,10,10,2,12,2,0.0,0.0,1.0,lc_nx_heuristic_graph_0830,2.2605392932891846,38.39265441894531,967.2618408203125,30.928855895996094,50,42,4,7.9,12
831,0,nx_shortest_path_heuristic,10,10,2,12,0,1.0,0.0,0.0,lc_nx_heuristic_graph_0831,4.608252048492432,58.78280258178711,477.06201171875,71.52305603027344,50,35,3,5.6,12
832,0,nx_shortest_path_heuristic,10,10,2,12,1,0.0,1.0,0.0,lc_nx_heuristic_graph_0832,3.709256172180176,40.60272216796875,663.920166015625,48.275794982910156,50,44,2,6.4,12
833,0,nx_shortest_path_heuristic,10,10,2,12,2,0.0,0.0,1.0,lc_nx_heuristic_graph_0833,3.633016347885132,38.08771896362305,636.2920532226562,63.628299713134766,50,32,2,7.1,10
834,0,nx_shortest_path_heuristic,10,10,2,12,0,1.0,0.0,0.0,lc_nx_heuristic_graph_0834,2.654669761657715,46.98017501831055,881.2699584960938,24.039480209350586,50,44,4,7.2,11
835,0,nx_shortest_path_heuristic,10,10,2,12,1,0.0,1.0,0.0,lc_nx_heuristic_graph_0835,4.9654622077941895,26.533803939819336,238.64308166503906,82.21725463867188,50,28,2,4.7,8
836,0,nx_shortest_path_heuristic,10,10,2,12,2,0.0,0.0,1.0,lc_nx_heuristic_graph_0836,3.1819393634796143,28.281984329223633,478.1075439453125,49.448768615722656,50,36,3,6.9,11
837,0,nx_shortest_path_heuristic,10,10,2,12,0,1.0,0.0,0.0,lc_nx_heuristic_graph_0837,1.4634312391281128,37.38547134399414,627.6331787109375,8.671671867370605,50,49,2,7.6,12
838,0,nx_shortest_path_heuristic,10,10,2,12,1,0.0,1.0,0.0,lc_nx_heuristic_graph_0838,2.9250783920288086,32.87625503540039,633.443603515625,26.04106903076172,50,43,2,7.8,12
839,0,nx_shortest_path_heuristic,10,10,2,12,2,0.0,0.0,1.0,lc_nx_heuristic_graph_0839,2.8086867332458496,57.695472717285156,660.4144287109375,54.33340072631836,50,39,2,5.6,12
840,0,nx_shortest_path_heuristic,10,10,2,12,0,1.0,0.0,0.0,lc_nx_heuristic_graph_0840,4.80921745300293,28.536659240722656,378.0041809082031,61.410186767578125,50,33,3,7.0,11
841,0,nx_shortest_path_heuristic,10,10,2,12,1,0.0,1.0,0.0,lc_nx_heuristic_graph_0841,5.275871276855469,25.649742126464844,620.5984497070312,78.85490417480469,50,31,3,6.7,9
842,0,nx_shortest_path_heuristic,10,10,2,12,2,0.0,0.0,1.0,lc_nx_heuristic_graph_0842,4.511527061462402,28.594980239868164,478.5978088378906,76.79832458496094,50,29,2,5.5,12
843,0,nx_shortest_path_heuristic,10,10,2,12,0,1.0,0.0,0.0,lc_nx_heuristic_graph_0843,4.021645545959473,58.87702178955078,642.8636474609375,60.501182556152344,50,38,2,5.6,11
844,0,nx_shortest_path_heuristic,10,10,2,12,1,0.0,1.0,0.0,lc_nx_heuristic_graph_0844,4.063997745513916,36.14696502685547,657.4383544921875,58.93511962890625,50,34,3,7.4,10
845,0,nx_shortest_path_heuristic,10,10,2,12,2,0.0,0.0,1.0,lc_nx_heuristic_graph_0845,2.592496395111084,33.16514587402344,586.0756225585938,42.7109489440918,50,40,4,7.8,11
846,0,nx_shortest_path_heuristic,10,10,2,12,0,1.0,0.0,0.0,lc_nx_heuristic_graph_0846,5.516141414642334,30.894386291503906,635.5255126953125,70.04967498779297,50,37,4,6.7,12
847,0,nx_shortest_path_heuristic,10,10,2,12,1,0.0,1.0,0.0,lc_nx_heuristic_graph_0847,3.3183369636535645,49.4495849609375,638.753173828125,42.67148208618164,50,40,2,5.9,12
848,0,nx_shortest_path_heuristic,10,10,2,12,2,0.0,0.0,1.0,lc_nx_heuristic_graph_0848,0.9049458503723145,38.7139892578125,559.2088012695312,22.296213150024414,50,49,3,7.4,12
849,0,nx_shortest_path_heuristic,10,10,2,12,0,1.0,0.0,0.0,lc_nx_heuristic_graph_0849,4.38944149017334,25.75993537902832,455.9117431640625,51.30330276489258,50,35,2,7.1,10
850,0,nx_shortest_path_heuristic,10,10,2,12,1,0.0,1.0,0.0,lc_nx_heuristic_graph_0850,3.8301007747650146,28.14944839477539,423.2551574707031,49.87096405029297,50,37,2,6.4,11
851,0,nx_shortest_path_heuristic,10,10,2,12,2,0.0,0.0,1.0,lc_nx_heuristic_graph_0851,4.011048793792725,31.96002769470215,288.67144775390625,72.69517517089844,50,36,3,5.2,8
852,0,nx_shortest_path_heuristic,10,10,2,12,0,1.0,0.0,0.0,lc_nx_heuristic_graph_0852,4.143684387207031,22.099079132080078,460.7720642089844,47.96479034423828,50,36,3,7.3,12
853,0,nx_shortest_path_heuristic,10,10,2,12,1,0.0,1.0,0.0,lc_nx_heuristic_graph_0853,3.5826327800750732,48.69176483154297,776.754638671875,48.78260040283203,50,39,4,6.7,12
854,0,nx_shortest_path_heuristic,10,10,2,12,2,0.0,0.0,1.0,lc_nx_heuristic_graph_0854,1.919541835784912,44.653404235839844,592.6399536132812,46.57466125488281,50,44,4,6.7,10
855,0,nx_shortest_path_heuristic,10,10,2,12,0,1.0,0.0,0.0,lc_nx_heuristic_graph_0855,3.169389486312866,36.42951965332031,1029.53271484375,33.91594696044922,50,41,3,8.9,12
856,0,nx_shortest_path_heuristic,10,10,2,12,1,0.0,1.0,0.0,lc_nx_heuristic_graph_0856,4.825042247772217,28.17393684387207,558.1278686523438,63.873260498046875,50,48,3,6.2,12
857,0,nx_shortest_path_heuristic,10,10,2,12,2,0.0,0.0,1.0,lc_nx_heuristic_graph_0857,3.4049324989318848,47.05534744262695,738.1077880859375,58.88931655883789,50,34,5,7.4,12
858,0,nx_shortest_path_heuristic,10,10,2,12,0,1.0,0.0,0.0,lc_nx_heuristic_graph_0858,5.102270126342773,27.891517639160156,357.3142395019531,63.0543098449707,50,33,2,5.8,10
859,0,nx_shortest_path_heuristic,10,10,2,12,1,0.0,1.0,0.0,lc_nx_heuristic_graph_0859,3.431187152862549,51.48558044433594,811.1666870117188,41.95571517944336,50,41,2,6.9,11
860,0,nx_shortest_path_heuristic,10,10,2,12,2,0.0,0.0,1.0,lc_nx_heuristic_graph_0860,1.4348684549331665,40.222232818603516,589.1515502929688,20.2307071685791,50,47,2,7.1,12
861,0,nx_shortest_path_heuristic,10,10,2,12,0,1.0,0.0,0.0,lc_nx_heuristic_graph_0861,3.39569091796875,31.9425048828125,567.9224853515625,37.7089729309082,50,42,2,7.7,12
862,0,nx_shortest_path_heuristic,10,10,2,12,1,0.0,1.0,0.0,lc_nx_heuristic_graph_0862,3.7597477436065674,52.733341217041016,612.4962768554688,59.42819595336914,50,37,3,5.4,8
863,0,nx_shortest_path_heuristic,10,10,2,12,2,0.0,0.0,1.0,lc_nx_heuristic_graph_0863,3.7871780395507812,30.569950103759766,347.7055358886719,66.30106353759766,50,40,3,5.7,11
864,0,nx_shortest_path_heuristic,10,10,2,12,0,1.0,0.0,0.0,lc_nx_heuristic_graph_0864,3.4488511085510254,48.45539855957031,865.9593505859375,38.80148696899414,50,40,2,7.7,11
865,0,nx_shortest_path_heuristic,10,10,2,12,1,0.0,1.0,0.0,lc_nx_heuristic_graph_0865,3.8094043731689453,40.28647232055664,610.1821899414062,58.283084869384766,50,42,2,5.8,12
866,0,nx_shortest_path_heuristic,10,10,2,12,2,0.0,0.0,1.0,lc_nx_heuristic_graph_0866,4.012238502502441,33.1031494140625,830.529296875,68.71894836425781,50,37,2,8.4,11
867,0,nx_shortest_path_heuristic,10,10,2,12,0,1.0,0.0,0.0,lc_nx_heuristic_graph_0867,5.521431922912598,32.52207946777344,564.7841796875,70.57907104492188,50,33,3,6.1,12
868,0,nx_shortest_path_heuristic,10,10,2,12,1,0.0,1.0,0.0,lc_nx_heuristic_graph_0868,3.455876588821411,31.025333404541016,512.8095092773438,36.13196563720703,50,41,4,7.5,11
869,0,nx_shortest_path_heuristic,10,10,2,12,2,0.0,0.0,1.0,lc_nx_heuristic_graph_0869,2.6975502967834473,37.61760711669922,545.0656127929688,45.53388214111328,50,39,3,7.1,11
870,0,nx_shortest_path_heuristic,10,10,2,12,0,1.0,0.0,0.0,lc_nx_heuristic_graph_0870,2.764336585998535,37.70650100708008,816.2999267578125,25.483503341674805,50,43,3,8.6,12
871,0,nx_shortest_path_heuristic,10,10,2,12,1,0.0,1.0,0.0,lc_nx_heuristic_graph_0871,4.385872840881348,36.66435623168945,577.2802124023438,53.448604583740234,50,35,2,6.4,12
872,0,nx_shortest_path_heuristic,10,10,2,12,2,0.0,0.0,1.0,lc_nx_heuristic_graph_0872,4.777921676635742,17.492746353149414,544.4760131835938,84.08975219726562,50,45,2,6.3,8
873,0,nx_shortest_path_heuristic,10,10,2,12,0,1.0,0.0,0.0,lc_nx_heuristic_graph_0873,2.564788818359375,41.76895523071289,796.8213500976562,24.13190269470215,50,44,5,8.2,11
874,0,nx_shortest_path_heuristic,10,10,2,12,1,0.0,1.0,0.0,lc_nx_heuristic_graph_0874,3.7071471214294434,43.15889358520508,846.2177734375,47.80649948120117,50,39,4,7.1,12
875,0,nx_shortest_path_heuristic,10,10,2,12,2,0.0,0.0,1.0,lc_nx_heuristic_graph_0875,2.6401448249816895,36.70218276977539,680.2466430664062,38.36676025390625,50,40,2,7.4,12
876,0,nx_shortest_path_heuristic,10,10,2,12,0,1.0,0.0,0.0,lc_nx_heuristic_graph_0876,1.6011101007461548,42.876956939697266,656.5819702148438,16.478776931762695,50,49,3,7.3,12
877,0,nx_shortest_path_heuristic,10,10,2,12,1,0.0,1.0,0.0,lc_nx_heuristic_graph_0877,4.274362564086914,38.84918975830078,672.0231323242188,59.21403884887695,50,32,2,7.4,11
878,0,nx_shortest_path_heuristic,10,10,2,12,2,0.0,0.0,1.0,lc_nx_heuristic_graph_0878,1.7249358892440796,40.89848709106445,657.3233642578125,30.14639663696289,50,45,3,7.6,11
879,0,nx_shortest_path_heuristic,10,10,2,12,0,1.0,0.0,0.0,lc_nx_heuristic_graph_0879,2.8803086280822754,44.180992126464844,637.2969360351562,37.076541900634766,50,43,2,6.2,12
880,0,nx_shortest_path_heuristic,10,10,2,12,1,0.0,1.0,0.0,lc_nx_heuristic_graph_0880,4.615159034729004,27.192577362060547,357.3937683105469,68.76075744628906,50,30,3,5.9,10
881,0,nx_shortest_path_heuristic,10,10,2,12,2,0.0,0.0,1.0,lc_nx_heuristic_graph_0881,2.6781623363494873,48.21993637084961,391.24700927734375,58.56642150878906,50,40,3,6.2,10
882,0,nx_shortest_path_heuristic,10,10,2,12,0,1.0,0.0,0.0,lc_nx_heuristic_graph_0882,5.070309638977051,40.825477600097656,666.0648193359375,65.41780853271484,50,37,3,5.6,12
883,0,nx_shortest_path_heuristic,10,10,2,12,1,0.0,1.0,0.0,lc_nx_heuristic_graph_0883,2.9472239017486572,37.05438232421875,706.1764526367188,30.192628860473633,50,43,5,8.2,12
884,0,nx_shortest_path_heuristic,10,10,2,12,2,0.0,0.0,1.0,lc_nx_heuristic_graph_0884,2.67698335647583,34.34882736206055,644.0585327148438,40.01411819458008,50,39,4,7.3,12
885,0,nx_shortest_path_heuristic,10,10,2,12,0,1.0,0.0,0.0,lc_nx_heuristic_graph_0885,3.344428062438965,48.25479507446289,721.4899291992188,40.96821975708008,50,46,2,6.5,12
886,0,nx_shortest_path_heuristic,10,10,2,12,1,0.0,1.0,0.0,lc_nx_heuristic_graph_0886,4.207754135131836,41.7225341796875,775.1000366210938,48.501312255859375,50,36,3,6.4,10
887,0,nx_shortest_path_heuristic,10,10,2,12,2,0.0,0.0,1.0,lc_nx_heuristic_graph_0887,2.551367998123169,27.81090545654297,441.6407775878906,46.112064361572266,50,40,3,7.1,12
888,0,nx_shortest_path_heuristic,10,10,2,12,0,1.0,0.0,0.0,lc_nx_heuristic_graph_0888,3.9556384086608887,31.143049240112305,705.0922241210938,46.97627258300781,50,37,5,7.3,12
889,0,nx_shortest_path_heuristic,10,10,2,12,1,0.0,1.0,0.0,lc_nx_heuristic_graph_0889,4.1276164054870605,35.298336029052734,736.1161499023438,56.441734313964844,50,34,3,7.4,12
890,0,nx_shortest_path_heuristic,10,10,2,12,2,0.0,0.0,1.0,lc_nx_heuristic_graph_0890,1.3545256853103638,39.340110778808594,700.0687255859375,13.813745498657227,50,47,3,7.5,12
891,0,nx_shortest_path_heuristic,10,10,2,12,0,1.0,0.0,0.0,lc_nx_heuristic_graph_0891,3.1867055892944336,35.93642044067383,813.027587890625,34.53937530517578,50,43,2,8.5,12
892,0,nx_shortest_path_heuristic,10,10,2,12,1,0.0,1.0,0.0,lc_nx_heuristic_graph_0892,3.0019164085388184,50.516902923583984,645.7894287109375,49.676666259765625,50,43,4,7.2,12
893,0,nx_shortest_path_heuristic,10,10,2,12,2,0.0,0.0,1.0,lc_nx_heuristic_graph_0893,2.8813586235046387,40.740318298339844,671.8707885742188,44.636653900146484,50,38,2,5.9,8
894,0,nx_shortest_path_heuristic,10,10,2,12,0,1.0,0.0,0.0,lc_nx_heuristic_graph_0894,5.014865875244141,34.12839889526367,664.6749267578125,63.157142639160156,50,31,3,7.2,10
895,0,nx_shortest_path_heuristic,10,10,2,12,1,0.0,1.0,0.0,lc_nx_heuristic_graph_0895,2.4226455688476562,50.87858963012695,584.630126953125,39.97511672973633,50,46,2,6.4,10
896,0,nx_shortest_path_heuristic,10,10,2,12,2,0.0,0.0,1.0,lc_nx_heuristic_graph_0896,3.020751714706421,32.361244201660156,542.2747192382812,48.73542404174805,50,37,2,6.3,11
897,0,nx_shortest_path_heuristic,10,10,2,12,0,1.0,0.0,0.0,lc_nx_heuristic_graph_0897,4.976894378662109,47.23771667480469,701.3571166992188,63.00487518310547,50,32,3,6.4,12
898,0,nx_shortest_path_heuristic,10,10,2,12,1,0.0,1.0,0.0,lc_nx_heuristic_graph_0898,3.8759453296661377,34.61867141723633,422.3604431152344,55.87619400024414,50,41,3,6.1,9
899,0,nx_shortest_path_heuristic,10,10,2,12,2,0.0,0.0,1.0,lc_nx_heuristic_graph_0899,2.2426154613494873,42.17535400390625,830.7481689453125,33.047611236572266,50,42,3,7.0,11
900,0,nx_shortest_path_heuristic,10,10,2,12,0,1.0,0.0,0.0,lc_nx_heuristic_graph_0900,4.9081597328186035,44.74304962158203,531.7802734375,61.29261779785156,50,38,2,4.9,10
901,0,nx_shortest_path_heuristic,10,10,2,12,1,0.0,1.0,0.0,lc_nx_heuristic_graph_0901,5.12198543548584,33.96573257446289,520.9390869140625,73.67964172363281,50,38,2,5.1,12
902,0,nx_shortest_path_heuristic,10,10,2,12,2,0.0,0.0,1.0,lc_nx_heuristic_graph_0902,4.799500942230225,36.99114990234375,397.45550537109375,83.18521118164062,50,35,2,4.2,9
903,0,nx_shortest_path_heuristic,10,10,2,12,0,1.0,0.0,0.0,lc_nx_heuristic_graph_0903,4.279817581176758,30.896154403686523,392.89581298828125,54.788970947265625,50,39,3,6.1,9
904,0,nx_shortest_path_heuristic,10,10,2,12,1,0.0,1.0,0.0,lc_nx_heuristic_graph_0904,3.743807315826416,31.351621627807617,453.7538146972656,47.57859420776367,50,37,2,6.6,12
905,0,nx_shortest_path_heuristic,10,10,2,12,2,0.0,0.0,1.0,lc_nx_heuristic_graph_0905,3.1122512817382812,26.14761734008789,631.3040161132812,48.12361145019531,50,46,4,7.2,12
906,0,nx_shortest_path_heuristic,10,10,2,12,0,1.0,0.0,0.0,lc_nx_heuristic_graph_0906,3.6087350845336914,43.01953887939453,545.4031372070312,50.93800354003906,50,42,2,5.9,10
907,0,nx_shortest_path_heuristic,10,10,2,12,1,0.0,1.0,0.0,lc_nx_heuristic_graph_0907,4.334815502166748,30.757341384887695,592.9805908203125,62.55312728881836,50,38,4,6.8,12
908,0,nx_shortest_path_heuristic,10,10,2,12,2,0.0,0.0,1.0,lc_nx_heuristic_graph_0908,3.370865821838379,35.288089752197266,642.7473754882812,55.955814361572266,50,34,2,7.1,11
909,0,nx_shortest_path_heuristic,10,10,2,12,0,1.0,0.0,0.0,lc_nx_heuristic_graph_0909,1.7288554906845093,44.21342849731445,747.4141845703125,19.16793441772461,50,48,2,7.0,12
910,0,nx_shortest_path_heuristic,10,10,2,12,1,0.0,1.0,0.0,lc_nx_heuristic_graph_0910,3.169753313064575,83.67317962646484,540.3536987304688,65.71122741699219,50,40,2,5.2,9
911,0,nx_shortest_path_heuristic,10,10,2,12,2,0.0,0.0,1.0,lc_nx_heuristic_graph_0911,4.411110877990723,29.581144332885742,797.9910888671875,76.3616714477539,50,33,2,8.3,12
912,0,nx_shortest_path_heuristic,10,10,2,12,0,1.0,0.0,0.0,lc_nx_heuristic_graph_0912,4.667055130004883,47.170692443847656,679.6047973632812,57.627017974853516,50,33,2,7.1,11
913,0,nx_shortest_path_heuristic,10,10,2,12,1,0.0,1.0,0.0,lc_nx_heuristic_graph_0913,4.1427507400512695,39.05070877075195,918.0970458984375,44.181758880615234,50,38,5,7.6,12
914,0,nx_shortest_path_heuristic,10,10,2,12,2,0.0,0.0,1.0,lc_nx_heuristic_graph_0914,3.3766753673553467,51.367515563964844,690.7838134765625,52.977691650390625,50,38,2,6.1,12
915,0,nx_shortest_path_heuristic,10,10,2,12,0,1.0,0.0,0.0,lc_nx_heuristic_graph_0915,3.816845417022705,25.20440101623535,464.0373840332031,45.30250930786133,50,38,3,7.3,12
916,0,nx_shortest_path_heuristic,10,10,2,12,1,0.0,1.0,0.0,lc_nx_heuristic_graph_0916,4.162355899810791,30.710304260253906,420.2337951660156,61.524784088134766,50,34,3,6.8,10
917,0,nx_shortest_path_heuristic,10,10,2,12,2,0.0,0.0,1.0,lc_nx_heuristic_graph_0917,3.2608962059020996,33.21910095214844,511.9441223144531,55.03609085083008,50,35,3,6.1,11
918,0,nx_shortest_path_heuristic,10,10,2,12,0,1.0,0.0,0.0,lc_nx_heuristic_graph_0918,2.6318156719207764,41.33426284790039,717.7615966796875,25.57560157775879,50,43,2,8.5,12
919,0,nx_shortest_path_heuristic,10,10,2,12,1,0.0,1.0,0.0,lc_nx_heuristic_graph_0919,3.641563653945923,35.56378173828125,532.329345703125,48.87112808227539,50,46,3,6.2,9
920,0,nx_shortest_path_heuristic,10,10,2,12,2,0.0,0.0,1.0,lc_nx_heuristic_graph_0920,1.357067584991455,36.95849609375,679.2687377929688,14.581521987915039,50,47,5,7.6,12
921,0,nx_shortest_path_heuristic,10,10,2,12,0,1.0,0.0,0.0,lc_nx_heuristic_graph_0921,5.014296054840088,36.143253326416016,491.1549377441406,66.1049575805664,50,31,2,5.8,10
922,0,nx_shortest_path_heuristic,10,10,2,12,1,0.0,1.0,0.0,lc_nx_heuristic_graph_0922,2.287061929702759,38.71891784667969,523.044677734375,31.125295639038086,50,46,3,6.6,12
923,0,nx_shortest_path_heuristic,10,10,2,12,2,0.0,0.0,1.0,lc_nx_heuristic_graph_0923,2.7008216381073,43.785030364990234,843.6689453125,38.571258544921875,50,39,5,8.3,12
924,0,nx_shortest_path_heuristic,10,10,2,12,0,1.0,0.0,0.0,lc_nx_heuristic_graph_0924,3.8420677185058594,34.070472717285156,539.7246704101562,45.41002655029297,50,38,3,6.5,12
925,0,nx_shortest_path_heuristic,10,10,2,12,1,0.0,1.0,0.0,lc_nx_heuristic_graph_0925,4.967502593994141,31.186260223388672,475.58447265625,70.83932495117188,50,28,2,5.4,10
926,0,nx_shortest_path_heuristic,10,10,2,12,2,0.0,0.0,1.0,lc_nx_heuristic_graph_0926,3.1508405208587646,24.74549102783203,460.0129089355469,47.79979705810547,50,36,3,7.2,10
927,0,nx_shortest_path_heuristic,10,10,2,12,0,1.0,0.0,0.0,lc_nx_heuristic_graph_0927,3.375091791152954,36.284400939941406,721.057373046875,39.00962448120117,50,40,4,8.1,12
928,0,nx_shortest_path_heuristic,10,10,2,12,1,0.0,1.0,0.0,lc_nx_heuristic_graph_0928,2.837390184402466,45.22505187988281,579.9258422851562,35.44664764404297,50,43,3,7.0,12
929,0,nx_shortest_path_heuristic,10,10,2,12,2,0.0,0.0,1.0,lc_nx_heuristic_graph_0929,3.793678045272827,26.71639633178711,280.3260192871094,69.55660247802734,50,31,3,5.4,8
930,0,nx_shortest_path_heuristic,10,10,2,12,0,1.0,0.0,0.0,lc_nx_heuristic_graph_0930,2.235675811767578,34.0107536315918,709.0615844726562,25.024810791015625,50,45,2,8.1,12
931,0,nx_shortest_path_heuristic,10,10,2,12,1,0.0,1.0,0.0,lc_nx_heuristic_graph_0931,2.306448459625244,55.41429901123047,728.7005615234375,21.486339569091797,50,47,3,6.8,12
932,0,nx_shortest_path_heuristic,10,10,2,12,2,0.0,0.0,1.0,lc_nx_heuristic_graph_0932,3.258704900741577,51.27136993408203,677.5950927734375,52.68181610107422,50,36,2,6.0,12
933,0,nx_shortest_path_heuristic,10,10,2,12,0,1.0,0.0,0.0,lc_nx_heuristic_graph_0933,5.086703300476074,27.455434799194336,505.71527099609375,63.651268005371094,50,31,3,6.5,11
934,0,nx_shortest_path_heuristic,10,10,2,12,1,0.0,1.0,0.0,lc_nx_heuristic_graph_0934,2.766113519668579,44.59749984741211,557.0755615234375,40.840450286865234,50,43,3,6.9,12
935,0,nx_shortest_path_heuristic,10,10,2,12,2,0.0,0.0,1.0,lc_nx_heuristic_graph_0935,3.2169485092163086,44.90077590942383,510.5681457519531,66.50238800048828,50,40,4,5.8,8
936,0,nx_shortest_path_heuristic,10,10,2,12,0,1.0,0.0,0.0,lc_nx_heuristic_graph_0936,3.691573143005371,29.59575653076172,480.1422424316406,45.28840637207031,50,39,3,7.9,12
937,0,nx_shortest_path_heuristic,10,10,2,12,1,0.0,1.0,0.0,lc_nx_heuristic_graph_0937,3.9120588302612305,36.852237701416016,673.2677001953125,52.550559997558594,50,35,3,7.5,12
938,0,nx_shortest_path_heuristic,10,10,2,12,2,0.0,0.0,1.0,lc_nx_heuristic_graph_0938,3.9641406536102295,27.3369140625,454.7481689453125,67.1493911743164,50,30,3,6.5,12
939,0,nx_shortest_path_heuristic,10,10,2,12,0,1.0,0.0,0.0,lc_nx_heuristic_graph_0939,4.475818157196045,37.34090805053711,672.1809692382812,54.82000732421875,50,34,3,7.1,11
940,0,nx_shortest_path_heuristic,10,10,2,12,1,0.0,1.0,0.0,lc_nx_heuristic_graph_0940,3.214771270751953,29.66438102722168,477.15155029296875,37.57707595825195,50,41,2,6.9,11
941,0,nx_shortest_path_heuristic,10,10,2,12,2,0.0,0.0,1.0,lc_nx_heuristic_graph_0941,2.161604881286621,36.980648040771484,952.9972534179688,31.132469177246094,50,42,6,10.2,12
942,0,nx_shortest_path_heuristic,10,10,2,12,0,1.0,0.0,0.0,lc_nx_heuristic_graph_0942,6.106544017791748,37.2166633605957,606.994140625,80.9295883178711,50,30,2,5.4,8
943,0,nx_shortest_path_heuristic,10,10,2,12,1,0.0,1.0,0.0,lc_nx_heuristic_graph_0943,2.937821865081787,28.884807586669922,620.1881713867188,30.915302276611328,50,43,3,7.6,12
944,0,nx_shortest_path_heuristic,10,10,2,12,2,0.0,0.0,1.0,lc_nx_heuristic_graph_0944,3.104995012283325,22.408485412597656,344.0570068359375,52.600860595703125,50,41,2,6.4,11
945,0,nx_shortest_path_heuristic,10,10,2,12,0,1.0,0.0,0.0,lc_nx_heuristic_graph_0945,5.998141288757324,37.9673957824707,676.498291015625,78.86866760253906,50,28,2,6.7,11
946,0,nx_shortest_path_heuristic,10,10,2,12,1,0.0,1.0,0.0,lc_nx_heuristic_graph_0946,3.0951852798461914,42.90684127807617,676.560546875,35.488887786865234,50,41,2,7.1,12
947,0,nx_shortest_path_heuristic,10,10,2,12,2,0.0,0.0,1.0,lc_nx_heuristic_graph_0947,1.7405956983566284,42.34967041015625,731.1207275390625,26.410228729248047,50,45,4,7.8,12
948,0,nx_shortest_path_heuristic,10,10,2,12,0,1.0,0.0,0.0,lc_nx_heuristic_graph_0948,3.3301615715026855,41.86732864379883,1048.252685546875,38.20854187011719,50,40,7,10.0,12
949,0,nx_shortest_path_heuristic,10,10,2,12,1,0.0,1.0,0.0,lc_nx_heuristic_graph_0949,4.329251289367676,35.25327682495117,586.2760009765625,62.735836029052734,50,33,2,6.1,10
950,0,nx_shortest_path_heuristic,10,10,2,12,2,0.0,0.0,1.0,lc_nx_heuristic_graph_0950,4.054851531982422,44.70888137817383,666.9290771484375,69.71334075927734,50,33,2,6.6,11
951,0,nx_shortest_path_heuristic,10,10,2,12,0,1.0,0.0,0.0,lc_nx_heuristic_graph_0951,3.3888401985168457,37.6275520324707,756.8917846679688,36.54179763793945,50,40,3,7.9,12
952,0,nx_shortest_path_heuristic,10,10,2,12,1,0.0,1.0,0.0,lc_nx_heuristic_graph_0952,4.171970367431641,22.388151168823242,455.1764831542969,53.214317321777344,50,35,3,7.1,10
953,0,nx_shortest_path_heuristic,10,10,2,12,2,0.0,0.0,1.0,lc_nx_heuristic_graph_0953,4.321455955505371,30.485992431640625,545.9088745117188,78.6944351196289,50,30,4,6.3,8
954,0,nx_shortest_path_heuristic,10,10,2,12,0,1.0,0.0,0.0,lc_nx_heuristic_graph_0954,3.602105140686035,50.08457946777344,733.6082153320312,42.35215759277344,50,40,2,6.6,12
955,0,nx_shortest_path_heuristic,10,10,2,12,1,0.0,1.0,0.0,lc_nx_heuristic_graph_0955,3.216526985168457,50.9091682434082,896.7398071289062,39.191566467285156,50,40,6,8.7,11
956,0,nx_shortest_path_heuristic,10,10,2,12,2,0.0,0.0,1.0,lc_nx_heuristic_graph_0956,3.422344207763672,25.87933921813965,520.406494140625,53.02751159667969,50,39,3,7.2,12
957,0,nx_shortest_path_heuristic,10,10,2,12,0,1.0,0.0,0.0,lc_nx_heuristic_graph_0957,4.6147541999816895,24.42232322692871,413.6518859863281,58.744102478027344,50,34,2,6.8,11
958,0,nx_shortest_path_heuristic,10,10,2,12,1,0.0,1.0,0.0,lc_nx_heuristic_graph_0958,2.777024984359741,26.98246955871582,421.9405822753906,34.9802360534668,50,43,4,7.5,11
959,0,nx_shortest_path_heuristic,10,10,2,12,2,0.0,0.0,1.0,lc_nx_heuristic_graph_0959,2.7516093254089355,39.52882385253906,770.394287109375,42.814727783203125,50,44,2,8.4,12
960,0,nx_shortest_path_heuristic,10,10,2,12,0,1.0,0.0,0.0,lc_nx_heuristic_graph_0960,4.764822006225586,49.60022735595703,599.0989990234375,62.929161071777344,50,39,2,5.4,12
961,0,nx_shortest_path_heuristic,10,10,2,12,1,0.0,1.0,0.0,lc_nx_heuristic_graph_0961,3.756485939025879,43.75383758544922,647.0235595703125,48.77758026123047,50,37,4,6.0,9
962,0,nx_shortest_path_heuristic,10,10,2,12,2,0.0,0.0,1.0,lc_nx_heuristic_graph_0962,1.7354342937469482,36.980262756347656,630.7609252929688,27.208948135375977,50,45,3,6.7,12
963,0,nx_shortest_path_heuristic,10,10,2,12,0,1.0,0.0,0.0,lc_nx_heuristic_graph_0963,3.8487658500671387,25.054363250732422,406.50543212890625,46.68635940551758,50,38,3,6.3,10
964,0,nx_shortest_path_heuristic,10,10,2,12,1,0.0,1.0,0.0,lc_nx_heuristic_graph_0964,3.168705940246582,38.56432342529297,573.8626708984375,39.776222229003906,50,40,3,7.8,12
965,0,nx_shortest_path_heuristic,10,10,2,12,2,0.0,0.0,1.0,lc_nx_heuristic_graph_0965,2.581953763961792,44.121456146240234,648.4091796875,47.84816360473633,50,40,2,7.4,12
966,0,nx_shortest_path_heuristic,10,10,2,12,0,1.0,0.0,0.0,lc_nx_heuristic_graph_0966,3.6809051036834717,26.093311309814453,461.1875305175781,41.18479919433594,50,39,2,7.1,12
967,0,nx_shortest_path_heuristic,10,10,2,12,1,0.0,1.0,0.0,lc_nx_heuristic_graph_0967,3.4959030151367188,38.1590690612793,626.748779296875,47.04104232788086,50,37,2,7.4,12
968,0,nx_shortest_path_heuristic,10,10,2,12,2,0.0,0.0,1.0,lc_nx_heuristic_graph_0968,3.624126672744751,25.755102157592773,400.3455505371094,62.975765228271484,50,38,3,6.9,11
969,0,nx_shortest_path_heuristic,10,10,2,12,0,1.0,0.0,0.0,lc_nx_heuristic_graph_0969,1.2952172756195068,30.869983673095703,766.3916625976562,4.544641494750977,50,49,2,8.8,12
970,0,nx_shortest_path_heuristic,10,10,2,12,1,0.0,1.0,0.0,lc_nx_heuristic_graph_0970,2.8583579063415527,33.4744987487793,744.7308959960938,21.70783042907715,50,45,3,8.3,12
971,0,nx_shortest_path_heuristic,10,10,2,12,2,0.0,0.0,1.0,lc_nx_heuristic_graph_0971,2.7054803371429443,45.21236801147461,737.3202514648438,41.320045471191406,50,44,2,6.4,12
972,0,nx_shortest_path_heuristic,10,10,2,12,0,1.0,0.0,0.0,lc_nx_heuristic_graph_0972,4.7127685546875,24.684171676635742,491.30377197265625,57.40810775756836,50,37,3,6.8,12
973,0,nx_shortest_path_heuristic,10,10,2,12,1,0.0,1.0,0.0,lc_nx_heuristic_graph_0973,3.075996160507202,41.2380256652832,633.9220581054688,25.585290908813477,50,49,2,7.4,12
974,0,nx_shortest_path_heuristic,10,10,2,12,2,0.0,0.0,1.0,lc_nx_heuristic_graph_0974,3.704221248626709,34.78509521484375,758.8292236328125,61.578678131103516,50,39,2,6.6,12
975,0,nx_shortest_path_heuristic,10,10,2,12,0,1.0,0.0,0.0,lc_nx_heuristic_graph_0975,4.68203067779541,34.9365234375,610.0123901367188,58.97437286376953,50,33,3,6.9,11
976,0,nx_shortest_path_heuristic,10,10,2,12,1,0.0,1.0,0.0,lc_nx_heuristic_graph_0976,4.171335220336914,42.83030700683594,584.342041015625,62.36431121826172,50,38,2,6.1,12
977,0,nx_shortest_path_heuristic,10,10,2,12,2,0.0,0.0,1.0,lc_nx_heuristic_graph_0977,4.1946702003479,39.38998031616211,493.5733337402344,69.85130310058594,50,30,2,5.8,10
978,0,nx_shortest_path_heuristic,10,10,2,12,0,1.0,0.0,0.0,lc_nx_heuristic_graph_0978,3.658653736114502,44.21110153198242,707.7299194335938,45.924442291259766,50,39,2,6.2,12
979,0,nx_shortest_path_heuristic,10,10,2,12,1,0.0,1.0,0.0,lc_nx_heuristic_graph_0979,1.9162743091583252,39.18953323364258,613.0012817382812,8.037103652954102,50,49,2,7.1,12
980,0,nx_shortest_path_heuristic,10,10,2,12,2,0.0,0.0,1.0,lc_nx_heuristic_graph_0980,1.4251879453659058,46.69430923461914,624.0387573242188,30.5635986328125,50,47,3,7.0,12
981,0,nx_shortest_path_heuristic,10,10,2,12,0,1.0,0.0,0.0,lc_nx_heuristic_graph_0981,3.9140496253967285,37.28535461425781,566.28125,48.205589294433594,50,43,3,6.1,12
982,0,nx_shortest_path_heuristic,10,10,2,12,1,0.0,1.0,0.0,lc_nx_heuristic_graph_0982,2.7528040409088135,40.316688537597656,588.6771850585938,24.59543800354004,50,45,4,6.4,12
983,0,nx_shortest_path_heuristic,10,10,2,12,2,0.0,0.0,1.0,lc_nx_heuristic_graph_0983,4.144994258880615,25.452924728393555,392.8136901855469,70.57139587402344,50,39,4,6.7,11
984,0,nx_shortest_path_heuristic,10,10,2,12,0,1.0,0.0,0.0,lc_nx_heuristic_graph_0984,3.330509901046753,40.63887405395508,809.634765625,37.055633544921875,50,40,6,8.4,12
985,0,nx_shortest_path_heuristic,10,10,2,12,1,0.0,1.0,0.0,lc_nx_heuristic_graph_0985,4.5670390129089355,22.1969051361084,455.80010986328125,69.56507873535156,50,37,2,6.3,12
986,0,nx_shortest_path_heuristic,10,10,2,12,2,0.0,0.0,1.0,lc_nx_heuristic_graph_0986,3.2321324348449707,37.2415885925293,870.1136474609375,51.71897506713867,50,35,3,8.8,12
987,0,nx_shortest_path_heuristic,10,10,2,12,0,1.0,0.0,0.0,lc_nx_heuristic_graph_0987,3.0815236568450928,41.37177276611328,746.7554931640625,37.16490936279297,50,42,4,6.9,12
988,0,nx_shortest_path_heuristic,10,10,2,12,1,0.0,1.0,0.0,lc_nx_heuristic_graph_0988,3.6355667114257812,28.634166717529297,489.0913391113281,43.82099914550781,50,39,3,7.1,10
989,0,nx_shortest_path_heuristic,10,10,2,12,2,0.0,0.0,1.0,lc_nx_heuristic_graph_0989,2.231934070587158,37.40164566040039,821.5275268554688,33.69758224487305,50,42,5,8.4,12
990,0,nx_shortest_path_heuristic,10,10,2,12,0,1.0,0.0,0.0,lc_nx_heuristic_graph_0990,3.624358892440796,37.206424713134766,698.4435424804688,41.653831481933594,50,39,3,7.3,12
991,0,nx_shortest_path_heuristic,10,10,2,12,1,0.0,1.0,0.0,lc_nx_heuristic_graph_0991,2.3205103874206543,34.21620559692383,606.3513793945312,20.410585403442383,50,46,3,7.2,12
992,0,nx_shortest_path_heuristic,10,10,2,12,2,0.0,0.0,1.0,lc_nx_heuristic_graph_0992,2.49495005607605,37.90091323852539,815.5319213867188,37.44840621948242,50,40,5,8.4,12
993,0,nx_shortest_path_heuristic,10,10,2,12,0,1.0,0.0,0.0,lc_nx_heuristic_graph_0993,4.955776691436768,37.64662551879883,622.685546875,62.61314010620117,50,34,2,6.4,11
994,0,nx_shortest_path_heuristic,10,10,2,12,1,0.0,1.0,0.0,lc_nx_heuristic_graph_0994,4.144994258880615,37.12882995605469,555.427490234375,64.39901733398438,50,33,2,6.2,11
995,0,nx_shortest_path_heuristic,10,10,2,12,2,0.0,0.0,1.0,lc_nx_heuristic_graph_0995,1.5371307134628296,35.4675178527832,521.7284545898438,31.461557388305664,50,46,2,6.8,11
996,0,nx_shortest_path_heuristic,10,10,2,12,0,1.0,0.0,0.0,lc_nx_heuristic_graph_0996,4.117194175720215,34.82433319091797,752.2801513671875,48.25543975830078,50,36,2,8.0,11
997,0,nx_shortest_path_heuristic,10,10,2,12,1,0.0,1.0,0.0,lc_nx_heuristic_graph_0997,4.479040622711182,40.4871940612793,593.1603393554688,60.93230438232422,50,39,2,5.8,12
998,0,nx_shortest_path_heuristic,10,10,2,12,2,0.0,0.0,1.0,lc_nx_heuristic_graph_0998,3.8419508934020996,40.61750411987305,719.0016479492188,63.66402053833008,50,30,4,7.6,12
999,0,nx_shortest_path_heuristic,10,10,2,12,0,1.0,0.0,0.0,lc_nx_heuristic_graph_0999,5.630190849304199,31.338102340698242,632.435302734375,70.7336654663086,50,34,3,6.5,12
