graph_index,group,n_routes,min_route_len,max_route_len,weight_combo_index,demand_time_weight,route_time_weight,median_connectivity_weight,run_name,cost,ATT,RTT,unserved_demand,n_nodes
0,0,2,2,4,0,1.0,0.0,0.0,lc_lc_graph_0000,7.374623775482178,15.209165573120117,66.50765991210938,1030113.875,50
1,0,2,2,4,1,0.0,1.0,0.0,lc_lc_graph_0001,5.772285461425781,10.090555191040039,43.1733283996582,1039157.0,50
2,0,2,2,4,2,0.0,0.0,1.0,lc_lc_graph_0002,5.468390941619873,14.880762100219727,69.6163101196289,1024288.125,50
3,0,2,2,4,0,1.0,0.0,0.0,lc_lc_graph_0003,7.374319076538086,15.245987892150879,63.40986633300781,1015006.25,50
4,0,2,2,4,1,0.0,1.0,0.0,lc_lc_graph_0004,5.768564224243164,7.908541679382324,53.97108459472656,1042401.5625,50
5,0,2,2,4,2,0.0,0.0,1.0,lc_lc_graph_0005,5.461330413818359,14.043771743774414,67.4304428100586,1038398.6875,50
6,0,2,2,4,0,1.0,0.0,0.0,lc_lc_graph_0006,7.376187324523926,15.569059371948242,69.77137756347656,1031388.375,50
7,0,2,2,4,1,0.0,1.0,0.0,lc_lc_graph_0007,5.707555294036865,9.922720909118652,37.60201644897461,1043848.625,50
8,0,2,2,4,2,0.0,0.0,1.0,lc_lc_graph_0008,5.487009048461914,15.388050079345703,76.68496704101562,1036500.5625,50
9,0,2,2,4,0,1.0,0.0,0.0,lc_lc_graph_0009,7.372831344604492,16.20616340637207,63.27265167236328,1011535.875,50
10,0,2,2,4,1,0.0,1.0,0.0,lc_lc_graph_0010,5.866166114807129,13.27761173248291,49.90288162231445,1049440.0,50
11,0,2,2,4,2,0.0,0.0,1.0,lc_lc_graph_0011,5.483755111694336,14.281733512878418,76.53925323486328,1033225.75,50
12,0,2,2,4,0,1.0,0.0,0.0,lc_lc_graph_0012,7.376515865325928,11.573321342468262,56.49332809448242,1019317.125,50
13,0,2,2,4,1,0.0,1.0,0.0,lc_lc_graph_0013,5.950701713562012,8.499773979187012,58.35490036010742,1065545.75,50
14,0,2,2,4,2,0.0,0.0,1.0,lc_lc_graph_0014,5.499509811401367,11.55606746673584,48.28550338745117,1062646.75,50
15,0,2,2,4,0,1.0,0.0,0.0,lc_lc_graph_0015,7.371883869171143,16.96555519104004,67.1895980834961,1030916.6875,50
16,0,2,2,4,1,0.0,1.0,0.0,lc_lc_graph_0016,5.64018440246582,7.773367881774902,29.901412963867188,1054004.0,50
17,0,2,2,4,2,0.0,0.0,1.0,lc_lc_graph_0017,5.5013203620910645,11.61350154876709,55.85020446777344,1000040.0,50
18,0,2,2,4,0,1.0,0.0,0.0,lc_lc_graph_0018,7.376279830932617,9.161813735961914,45.83271026611328,1040633.5625,50
19,0,2,2,4,1,0.0,1.0,0.0,lc_lc_graph_0019,5.772109031677246,15.49660587310791,58.07804489135742,1025105.75,50
20,0,2,2,4,2,0.0,0.0,1.0,lc_lc_graph_0020,5.499794006347656,9.636343955993652,68.55360412597656,1043928.9375,50
21,0,2,2,4,0,1.0,0.0,0.0,lc_lc_graph_0021,7.377501487731934,16.64613151550293,65.99948120117188,1026500.6875,50
22,0,2,2,4,1,0.0,1.0,0.0,lc_lc_graph_0022,5.950362682342529,7.441437721252441,44.87346267700195,1035521.1875,50
23,0,2,2,4,2,0.0,0.0,1.0,lc_lc_graph_0023,5.500728607177734,13.354169845581055,64.93150329589844,1041779.0625,50
24,0,2,2,4,0,1.0,0.0,0.0,lc_lc_graph_0024,7.373896598815918,9.39637565612793,34.01371383666992,1037662.9375,50
25,0,2,2,4,1,0.0,1.0,0.0,lc_lc_graph_0025,5.932615280151367,8.693792343139648,55.786720275878906,1063909.0,50
26,0,2,2,4,2,0.0,0.0,1.0,lc_lc_graph_0026,5.463775634765625,7.461258888244629,33.6251220703125,1071203.0,50
27,0,2,2,4,0,1.0,0.0,0.0,lc_lc_graph_0027,7.374574661254883,14.325262069702148,61.475852966308594,1026455.1875,50
28,0,2,2,4,1,0.0,1.0,0.0,lc_lc_graph_0028,5.649820327758789,2.1101205348968506,16.931888580322266,1038676.375,50
29,0,2,2,4,2,0.0,0.0,1.0,lc_lc_graph_0029,5.4858598709106445,10.841930389404297,53.71490478515625,1022968.125,50
30,0,2,2,4,0,1.0,0.0,0.0,lc_lc_graph_0030,7.376982688903809,13.156068801879883,53.8277702331543,1031807.6875,50
31,0,2,2,4,1,0.0,1.0,0.0,lc_lc_graph_0031,5.66067361831665,8.1702880859375,34.966548919677734,1037213.375,50
32,0,2,2,4,2,0.0,0.0,1.0,lc_lc_graph_0032,5.4755730628967285,11.354016304016113,43.5327262878418,1036625.0625,50
33,0,2,2,4,0,1.0,0.0,0.0,lc_lc_graph_0033,7.376744747161865,12.202463150024414,51.09479522705078,1035535.25,50
34,0,2,2,4,1,0.0,1.0,0.0,lc_lc_graph_0034,5.619094371795654,1.8735636472702026,13.63161849975586,1048308.625,50
35,0,2,2,4,2,0.0,0.0,1.0,lc_lc_graph_0035,5.476241588592529,7.73432731628418,29.88566780090332,1043373.875,50
36,0,2,2,4,0,1.0,0.0,0.0,lc_lc_graph_0036,7.376006603240967,8.866541862487793,35.00725173950195,1019396.1875,50
37,0,2,2,4,1,0.0,1.0,0.0,lc_lc_graph_0037,5.7538371086120605,8.4078950881958,52.56459045410156,1081376.75,50
38,0,2,2,4,2,0.0,0.0,1.0,lc_lc_graph_0038,5.4814276695251465,14.606579780578613,63.61164093017578,1034140.125,50
39,0,2,2,4,0,1.0,0.0,0.0,lc_lc_graph_0039,7.372814655303955,15.638075828552246,67.96199798583984,1025362.0625,50
40,0,2,2,4,1,0.0,1.0,0.0,lc_lc_graph_0040,5.748995304107666,8.70924186706543,36.32527542114258,1030490.0,50
41,0,2,2,4,2,0.0,0.0,1.0,lc_lc_graph_0041,5.4861321449279785,15.943015098571777,76.0473861694336,1042585.125,50
42,0,2,2,4,0,1.0,0.0,0.0,lc_lc_graph_0042,7.374505519866943,15.658914566040039,71.37274932861328,1044653.1875,50
43,0,2,2,4,1,0.0,1.0,0.0,lc_lc_graph_0043,5.899696350097656,6.143728256225586,45.85350036621094,1031904.4375,50
44,0,2,2,4,2,0.0,0.0,1.0,lc_lc_graph_0044,5.477294921875,13.166471481323242,69.32238006591797,1026161.25,50
45,0,2,2,4,0,1.0,0.0,0.0,lc_lc_graph_0045,7.372335433959961,19.03403663635254,93.33480072021484,1042892.5,50
46,0,2,2,4,1,0.0,1.0,0.0,lc_lc_graph_0046,5.877243995666504,8.06162166595459,62.43778991699219,1049268.25,50
47,0,2,2,4,2,0.0,0.0,1.0,lc_lc_graph_0047,5.486117362976074,10.526196479797363,47.082115173339844,1011254.1875,50
48,0,2,2,4,0,1.0,0.0,0.0,lc_lc_graph_0048,7.375026702880859,15.412149429321289,68.2388916015625,1029586.0,50
49,0,2,2,4,1,0.0,1.0,0.0,lc_lc_graph_0049,5.751125335693359,12.247945785522461,52.60114288330078,1057382.375,50
50,0,2,2,4,2,0.0,0.0,1.0,lc_lc_graph_0050,5.483258247375488,13.406548500061035,61.38766098022461,1012324.375,50
51,0,2,2,4,0,1.0,0.0,0.0,lc_lc_graph_0051,7.3777241706848145,10.942551612854004,47.06770324707031,1018477.0,50
52,0,2,2,4,1,0.0,1.0,0.0,lc_lc_graph_0052,5.706455230712891,11.089198112487793,40.12120819091797,1060997.25,50
53,0,2,2,4,2,0.0,0.0,1.0,lc_lc_graph_0053,5.471347332000732,15.753514289855957,69.98947143554688,1030784.625,50
54,0,2,2,4,0,1.0,0.0,0.0,lc_lc_graph_0054,7.375102996826172,13.495101928710938,68.29579162597656,1015230.375,50
55,0,2,2,4,1,0.0,1.0,0.0,lc_lc_graph_0055,5.684761047363281,2.9463043212890625,19.5316219329834,1076419.75,50
56,0,2,2,4,2,0.0,0.0,1.0,lc_lc_graph_0056,5.476233959197998,12.60153579711914,46.962257385253906,1022007.0,50
57,0,2,2,4,0,1.0,0.0,0.0,lc_lc_graph_0057,7.37669563293457,13.290436744689941,65.50559997558594,1032238.9375,50
58,0,2,2,4,1,0.0,1.0,0.0,lc_lc_graph_0058,5.738117218017578,8.787910461425781,36.806495666503906,1054168.625,50
59,0,2,2,4,2,0.0,0.0,1.0,lc_lc_graph_0059,5.442602634429932,9.05733871459961,38.99711227416992,1038910.5,50
60,0,2,2,4,0,1.0,0.0,0.0,lc_lc_graph_0060,7.375699520111084,15.155304908752441,65.54684448242188,1023660.25,50
61,0,2,2,4,1,0.0,1.0,0.0,lc_lc_graph_0061,5.758661270141602,7.827215671539307,54.38543701171875,1018363.0,50
62,0,2,2,4,2,0.0,0.0,1.0,lc_lc_graph_0062,5.472506523132324,10.496159553527832,56.8815803527832,1027485.6875,50
63,0,2,2,4,0,1.0,0.0,0.0,lc_lc_graph_0063,7.377679824829102,15.277787208557129,68.6904525756836,1043929.5,50
64,0,2,2,4,1,0.0,1.0,0.0,lc_lc_graph_0064,5.651132106781006,6.266174793243408,19.51322364807129,1011221.1875,50
65,0,2,2,4,2,0.0,0.0,1.0,lc_lc_graph_0065,5.485506057739258,16.799072265625,72.68641662597656,1026713.125,50
66,0,2,2,4,0,1.0,0.0,0.0,lc_lc_graph_0066,7.373075485229492,13.468342781066895,60.64545822143555,1009849.0,50
67,0,2,2,4,1,0.0,1.0,0.0,lc_lc_graph_0067,5.839512825012207,13.539008140563965,54.29758834838867,1023479.0625,50
68,0,2,2,4,2,0.0,0.0,1.0,lc_lc_graph_0068,5.478488922119141,9.905632972717285,43.9448127746582,1060209.375,50
69,0,2,2,4,0,1.0,0.0,0.0,lc_lc_graph_0069,7.375824451446533,14.234160423278809,65.59932708740234,1020168.8125,50
70,0,2,2,4,1,0.0,1.0,0.0,lc_lc_graph_0070,5.917216777801514,6.3206892013549805,43.057464599609375,1037267.3125,50
71,0,2,2,4,2,0.0,0.0,1.0,lc_lc_graph_0071,5.466104507446289,13.28600025177002,61.2430305480957,1046867.25,50
72,0,2,2,4,0,1.0,0.0,0.0,lc_lc_graph_0072,7.377223968505859,10.879205703735352,48.93833923339844,1058716.25,50
73,0,2,2,4,1,0.0,1.0,0.0,lc_lc_graph_0073,5.773365497589111,7.0942182540893555,51.95075607299805,1060657.0,50
74,0,2,2,4,2,0.0,0.0,1.0,lc_lc_graph_0074,5.487752914428711,15.349552154541016,81.61311340332031,1027859.0,50
75,0,2,2,4,0,1.0,0.0,0.0,lc_lc_graph_0075,7.3768134117126465,13.00612735748291,55.379493713378906,1037643.0625,50
76,0,2,2,4,1,0.0,1.0,0.0,lc_lc_graph_0076,5.922591686248779,7.903439521789551,59.7701416015625,1014940.75,50
77,0,2,2,4,2,0.0,0.0,1.0,lc_lc_graph_0077,5.48914909362793,14.137625694274902,68.94990539550781,1048064.375,50
78,0,2,2,4,0,1.0,0.0,0.0,lc_lc_graph_0078,7.374052047729492,9.592214584350586,33.79048538208008,1058388.375,50
79,0,2,2,4,1,0.0,1.0,0.0,lc_lc_graph_0079,5.823814392089844,8.332335472106934,55.509586334228516,1039646.25,50
80,0,2,2,4,2,0.0,0.0,1.0,lc_lc_graph_0080,5.457640171051025,14.281767845153809,64.95375061035156,1050396.0,50
81,0,2,2,4,0,1.0,0.0,0.0,lc_lc_graph_0081,7.373288154602051,15.283041000366211,66.09698486328125,1019865.625,50
82,0,2,2,4,1,0.0,1.0,0.0,lc_lc_graph_0082,5.818174362182617,11.077609062194824,46.13017272949219,1038253.3125,50
83,0,2,2,4,2,0.0,0.0,1.0,lc_lc_graph_0083,5.449905872344971,5.9600067138671875,20.50955581665039,1025184.25,50
84,0,2,2,4,0,1.0,0.0,0.0,lc_lc_graph_0084,7.3755011558532715,16.148338317871094,78.52751159667969,1028313.3125,50
85,0,2,2,4,1,0.0,1.0,0.0,lc_lc_graph_0085,5.93351411819458,6.645389080047607,49.60984802246094,1060394.25,50
86,0,2,2,4,2,0.0,0.0,1.0,lc_lc_graph_0086,5.460260391235352,14.072273254394531,64.95632934570312,1050743.75,50
87,0,2,2,4,0,1.0,0.0,0.0,lc_lc_graph_0087,7.378050804138184,14.102631568908691,61.49351501464844,1040693.875,50
88,0,2,2,4,1,0.0,1.0,0.0,lc_lc_graph_0088,5.793109893798828,5.729978084564209,38.49306106567383,1044995.0,50
89,0,2,2,4,2,0.0,0.0,1.0,lc_lc_graph_0089,5.459689617156982,11.695650100708008,43.91535186767578,1003014.6875,50
90,0,2,2,4,0,1.0,0.0,0.0,lc_lc_graph_0090,7.376664638519287,11.247992515563965,45.53852081298828,1036696.4375,50
91,0,2,2,4,1,0.0,1.0,0.0,lc_lc_graph_0091,5.783613681793213,6.133727550506592,41.163291931152344,1029907.375,50
92,0,2,2,4,2,0.0,0.0,1.0,lc_lc_graph_0092,5.472986698150635,7.308398723602295,22.612346649169922,1046185.5625,50
93,0,2,2,4,0,1.0,0.0,0.0,lc_lc_graph_0093,7.381345272064209,11.06997299194336,37.28926086425781,1050335.25,50
94,0,2,2,4,1,0.0,1.0,0.0,lc_lc_graph_0094,5.589635848999023,9.14198112487793,36.83934783935547,1020426.1875,50
95,0,2,2,4,2,0.0,0.0,1.0,lc_lc_graph_0095,5.49177885055542,14.048337936401367,74.94889831542969,1028469.375,50
96,0,2,2,4,0,1.0,0.0,0.0,lc_lc_graph_0096,7.377872943878174,14.740058898925781,72.5039291381836,1040270.375,50
97,0,2,2,4,1,0.0,1.0,0.0,lc_lc_graph_0097,5.774782657623291,7.469174861907959,51.57025146484375,1038833.5625,50
98,0,2,2,4,2,0.0,0.0,1.0,lc_lc_graph_0098,5.466512680053711,10.663470268249512,42.922489166259766,993928.875,50
99,0,2,2,4,0,1.0,0.0,0.0,lc_lc_graph_0099,7.3739190101623535,14.263334274291992,58.99433135986328,1037453.75,50
100,0,2,2,4,1,0.0,1.0,0.0,lc_lc_graph_0100,5.986021041870117,6.821559429168701,49.94438552856445,1048488.3125,50
101,0,2,2,4,2,0.0,0.0,1.0,lc_lc_graph_0101,5.46677827835083,13.405882835388184,64.5818862915039,1022809.25,50
102,0,2,2,4,0,1.0,0.0,0.0,lc_lc_graph_0102,7.374797821044922,13.482735633850098,61.77277374267578,1023035.625,50
103,0,2,2,4,1,0.0,1.0,0.0,lc_lc_graph_0103,5.624589443206787,1.865002155303955,12.821934700012207,1032556.9375,50
104,0,2,2,4,2,0.0,0.0,1.0,lc_lc_graph_0104,5.490818023681641,8.953638076782227,64.13327026367188,1049034.875,50
105,0,2,2,4,0,1.0,0.0,0.0,lc_lc_graph_0105,7.375084400177002,12.9079008102417,65.24150848388672,1043555.875,50
106,0,2,2,4,1,0.0,1.0,0.0,lc_lc_graph_0106,5.902101516723633,14.262069702148438,60.24574279785156,1035160.3125,50
107,0,2,2,4,2,0.0,0.0,1.0,lc_lc_graph_0107,5.448977470397949,9.522521018981934,41.93966293334961,1040359.1875,50
108,0,2,2,4,0,1.0,0.0,0.0,lc_lc_graph_0108,7.380888938903809,12.583629608154297,54.757205963134766,1044410.5625,50
109,0,2,2,4,1,0.0,1.0,0.0,lc_lc_graph_0109,5.723102569580078,15.591434478759766,60.14426803588867,1054808.875,50
110,0,2,2,4,2,0.0,0.0,1.0,lc_lc_graph_0110,5.468360424041748,13.963067054748535,61.16304397583008,1025329.5,50
111,0,2,2,4,0,1.0,0.0,0.0,lc_lc_graph_0111,7.372180461883545,16.834970474243164,66.28661346435547,1047175.375,50
112,0,2,2,4,1,0.0,1.0,0.0,lc_lc_graph_0112,5.912843704223633,9.994651794433594,44.40302276611328,1045789.25,50
113,0,2,2,4,2,0.0,0.0,1.0,lc_lc_graph_0113,5.488171100616455,13.0516996383667,53.36970901489258,1027353.125,50
114,0,2,2,4,0,1.0,0.0,0.0,lc_lc_graph_0114,7.375269412994385,14.917252540588379,78.98164367675781,1017227.125,50
115,0,2,2,4,1,0.0,1.0,0.0,lc_lc_graph_0115,5.72799825668335,14.81796646118164,56.15923309326172,1037267.625,50
116,0,2,2,4,2,0.0,0.0,1.0,lc_lc_graph_0116,5.479753494262695,10.231077194213867,54.23094940185547,1029869.8125,50
117,0,2,2,4,0,1.0,0.0,0.0,lc_lc_graph_0117,7.3790283203125,18.16166877746582,70.44520568847656,1030985.25,50
118,0,2,2,4,1,0.0,1.0,0.0,lc_lc_graph_0118,5.731138706207275,13.669957160949707,54.39128875732422,1047193.125,50
119,0,2,2,4,2,0.0,0.0,1.0,lc_lc_graph_0119,5.479246616363525,15.297961235046387,67.10696411132812,1045543.9375,50
120,0,2,2,4,0,1.0,0.0,0.0,lc_lc_graph_0120,7.371750831604004,16.981781005859375,76.27628326416016,1022111.8125,50
121,0,2,2,4,1,0.0,1.0,0.0,lc_lc_graph_0121,5.799720287322998,13.292104721069336,46.24958038330078,1035876.25,50
122,0,2,2,4,2,0.0,0.0,1.0,lc_lc_graph_0122,5.448115825653076,9.781911849975586,43.87430191040039,1022279.625,50
123,0,2,2,4,0,1.0,0.0,0.0,lc_lc_graph_0123,7.377843856811523,18.671207427978516,81.2635269165039,1061579.375,50
124,0,2,2,4,1,0.0,1.0,0.0,lc_lc_graph_0124,5.869017601013184,7.7745561599731445,50.62074661254883,1035490.625,50
125,0,2,2,4,2,0.0,0.0,1.0,lc_lc_graph_0125,5.477889537811279,13.531299591064453,68.0804672241211,1041856.4375,50
126,0,2,2,4,0,1.0,0.0,0.0,lc_lc_graph_0126,7.370151996612549,14.967877388000488,64.89604949951172,1024170.125,50
127,0,2,2,4,1,0.0,1.0,0.0,lc_lc_graph_0127,5.646780490875244,2.231450080871582,16.05207633972168,1025036.375,50
128,0,2,2,4,2,0.0,0.0,1.0,lc_lc_graph_0128,5.493810176849365,14.061464309692383,61.9586181640625,1035996.75,50
129,0,2,2,4,0,1.0,0.0,0.0,lc_lc_graph_0129,7.37687349319458,12.643512725830078,49.35538101196289,1057825.25,50
130,0,2,2,4,1,0.0,1.0,0.0,lc_lc_graph_0130,5.778208255767822,7.782212734222412,53.76776123046875,1044715.4375,50
131,0,2,2,4,2,0.0,0.0,1.0,lc_lc_graph_0131,5.474526405334473,10.34555435180664,38.11955261230469,1052462.0,50
132,0,2,2,4,0,1.0,0.0,0.0,lc_lc_graph_0132,7.375187873840332,11.295919418334961,52.962013244628906,1047209.875,50
133,0,2,2,4,1,0.0,1.0,0.0,lc_lc_graph_0133,5.674151420593262,3.2476108074188232,19.19963264465332,1034337.75,50
134,0,2,2,4,2,0.0,0.0,1.0,lc_lc_graph_0134,5.482553958892822,9.498930931091309,52.90125274658203,1053474.25,50
135,0,2,2,4,0,1.0,0.0,0.0,lc_lc_graph_0135,7.370800971984863,13.791749000549316,60.636722564697266,1049087.625,50
136,0,2,2,4,1,0.0,1.0,0.0,lc_lc_graph_0136,5.661948204040527,2.588904857635498,18.382936477661133,1051321.25,50
137,0,2,2,4,2,0.0,0.0,1.0,lc_lc_graph_0137,5.471205234527588,7.577624320983887,33.977325439453125,1017403.125,50
138,0,2,2,4,0,1.0,0.0,0.0,lc_lc_graph_0138,7.374352931976318,18.598310470581055,75.90596008300781,1046602.0,50
139,0,2,2,4,1,0.0,1.0,0.0,lc_lc_graph_0139,5.752188682556152,12.838248252868652,54.460899353027344,1045217.9375,50
140,0,2,2,4,2,0.0,0.0,1.0,lc_lc_graph_0140,5.482426166534424,7.504001140594482,31.08794593811035,1032902.6875,50
141,0,2,2,4,0,1.0,0.0,0.0,lc_lc_graph_0141,7.374399185180664,13.315682411193848,64.33860778808594,1014353.125,50
142,0,2,2,4,1,0.0,1.0,0.0,lc_lc_graph_0142,5.760102272033691,16.119956970214844,67.66983032226562,1039711.0625,50
143,0,2,2,4,2,0.0,0.0,1.0,lc_lc_graph_0143,5.474625587463379,12.306675910949707,59.913883209228516,1062596.25,50
144,0,2,2,4,0,1.0,0.0,0.0,lc_lc_graph_0144,7.378888130187988,10.139978408813477,45.38360595703125,1043635.375,50
145,0,2,2,4,1,0.0,1.0,0.0,lc_lc_graph_0145,5.61708402633667,4.802552223205566,33.19181442260742,1010570.5625,50
146,0,2,2,4,2,0.0,0.0,1.0,lc_lc_graph_0146,5.453268051147461,8.480246543884277,33.728912353515625,1044479.125,50
147,0,2,2,4,0,1.0,0.0,0.0,lc_lc_graph_0147,7.372515678405762,15.94762897491455,81.12853240966797,1005841.375,50
148,0,2,2,4,1,0.0,1.0,0.0,lc_lc_graph_0148,5.620637893676758,8.913119316101074,36.04997634887695,1021378.0,50
149,0,2,2,4,2,0.0,0.0,1.0,lc_lc_graph_0149,5.458569049835205,12.461994171142578,56.2087287902832,1026487.1875,50
150,0,2,2,4,0,1.0,0.0,0.0,lc_lc_graph_0150,7.373754501342773,16.31423568725586,69.27655792236328,1045415.125,50
151,0,2,2,4,1,0.0,1.0,0.0,lc_lc_graph_0151,5.779935836791992,7.535797119140625,52.56322479248047,1034318.5,50
152,0,2,2,4,2,0.0,0.0,1.0,lc_lc_graph_0152,5.491885185241699,12.564215660095215,62.21304702758789,1039708.25,50
153,0,2,2,4,0,1.0,0.0,0.0,lc_lc_graph_0153,7.376072406768799,8.699746131896973,39.81755447387695,1025346.1875,50
154,0,2,2,4,1,0.0,1.0,0.0,lc_lc_graph_0154,5.820682525634766,7.4796929359436035,52.08269500732422,1050018.25,50
155,0,2,2,4,2,0.0,0.0,1.0,lc_lc_graph_0155,5.464571475982666,11.980114936828613,62.98991394042969,1041130.5625,50
156,0,2,2,4,0,1.0,0.0,0.0,lc_lc_graph_0156,7.372624397277832,15.6138277053833,65.79975891113281,1016012.4375,50
157,0,2,2,4,1,0.0,1.0,0.0,lc_lc_graph_0157,5.746522903442383,7.7533369064331055,46.043121337890625,1045232.375,50
158,0,2,2,4,2,0.0,0.0,1.0,lc_lc_graph_0158,5.476998329162598,13.65958309173584,63.3042106628418,1045056.25,50
159,0,2,2,4,0,1.0,0.0,0.0,lc_lc_graph_0159,7.377962112426758,16.265878677368164,70.8174057006836,1046136.9375,50
160,0,2,2,4,1,0.0,1.0,0.0,lc_lc_graph_0160,5.634509563446045,2.252490758895874,16.033166885375977,1049403.5,50
161,0,2,2,4,2,0.0,0.0,1.0,lc_lc_graph_0161,5.484685897827148,11.712301254272461,62.81368637084961,1051081.75,50
162,0,2,2,4,0,1.0,0.0,0.0,lc_lc_graph_0162,7.377025127410889,9.682794570922852,40.87662887573242,1041457.125,50
163,0,2,2,4,1,0.0,1.0,0.0,lc_lc_graph_0163,5.622560501098633,3.4960832595825195,26.160213470458984,1045771.1875,50
164,0,2,2,4,2,0.0,0.0,1.0,lc_lc_graph_0164,5.469542503356934,8.676572799682617,33.01537322998047,1046653.375,50
165,0,2,2,4,0,1.0,0.0,0.0,lc_lc_graph_0165,7.376147270202637,13.794376373291016,61.287105560302734,1034408.75,50
166,0,2,2,4,1,0.0,1.0,0.0,lc_lc_graph_0166,5.867992877960205,6.283158779144287,41.66416549682617,1036449.0,50
167,0,2,2,4,2,0.0,0.0,1.0,lc_lc_graph_0167,5.46757173538208,14.06113052368164,67.3200912475586,1026218.6875,50
168,0,2,2,4,0,1.0,0.0,0.0,lc_lc_graph_0168,7.3771562576293945,18.0687313079834,70.63167572021484,1043160.625,50
169,0,2,2,4,1,0.0,1.0,0.0,lc_lc_graph_0169,5.7540411949157715,10.553487777709961,47.02191925048828,1055304.625,50
170,0,2,2,4,2,0.0,0.0,1.0,lc_lc_graph_0170,5.478794097900391,14.21662425994873,72.9024658203125,1026389.75,50
171,0,2,2,4,0,1.0,0.0,0.0,lc_lc_graph_0171,7.372611999511719,13.67770767211914,69.47219848632812,1030014.375,50
172,0,2,2,4,1,0.0,1.0,0.0,lc_lc_graph_0172,5.614184379577637,6.774194240570068,17.9051513671875,1011388.9375,50
173,0,2,2,4,2,0.0,0.0,1.0,lc_lc_graph_0173,5.461347579956055,14.129383087158203,67.42739868164062,1031635.125,50
174,0,2,2,4,0,1.0,0.0,0.0,lc_lc_graph_0174,7.371128559112549,11.48801326751709,42.96532440185547,1063497.0,50
175,0,2,2,4,1,0.0,1.0,0.0,lc_lc_graph_0175,5.664795875549316,10.361226081848145,40.224117279052734,1052163.25,50
176,0,2,2,4,2,0.0,0.0,1.0,lc_lc_graph_0176,5.489002704620361,14.482076644897461,68.18025207519531,1041868.1875,50
177,0,2,2,4,0,1.0,0.0,0.0,lc_lc_graph_0177,7.378511428833008,14.598836898803711,66.25251770019531,1038352.3125,50
178,0,2,2,4,1,0.0,1.0,0.0,lc_lc_graph_0178,5.644798755645752,1.9509888887405396,14.931218147277832,1067017.75,50
179,0,2,2,4,2,0.0,0.0,1.0,lc_lc_graph_0179,5.487448215484619,10.524890899658203,49.266441345214844,1038059.375,50
180,0,2,2,4,0,1.0,0.0,0.0,lc_lc_graph_0180,7.375631332397461,10.234843254089355,40.91563415527344,1027825.625,50
181,0,2,2,4,1,0.0,1.0,0.0,lc_lc_graph_0181,5.822782516479492,8.53809928894043,59.516326904296875,1043994.25,50
182,0,2,2,4,2,0.0,0.0,1.0,lc_lc_graph_0182,5.442852020263672,8.175594329833984,35.427223205566406,1022704.0,50
183,0,2,2,4,0,1.0,0.0,0.0,lc_lc_graph_0183,7.373978614807129,14.283012390136719,60.07838821411133,1046065.25,50
184,0,2,2,4,1,0.0,1.0,0.0,lc_lc_graph_0184,5.672372817993164,8.623037338256836,33.48616027832031,1014058.0,50
185,0,2,2,4,2,0.0,0.0,1.0,lc_lc_graph_0185,5.445817470550537,6.671212673187256,24.824831008911133,1049029.75,50
186,0,2,2,4,0,1.0,0.0,0.0,lc_lc_graph_0186,7.374175071716309,13.213189125061035,57.754886627197266,1027993.3125,50
187,0,2,2,4,1,0.0,1.0,0.0,lc_lc_graph_0187,5.620519638061523,8.67309856414795,34.82762145996094,1053697.25,50
188,0,2,2,4,2,0.0,0.0,1.0,lc_lc_graph_0188,5.463481903076172,16.015729904174805,66.77262878417969,1011699.6875,50
189,0,2,2,4,0,1.0,0.0,0.0,lc_lc_graph_0189,7.377786159515381,11.708770751953125,51.00958251953125,1027634.0625,50
190,0,2,2,4,1,0.0,1.0,0.0,lc_lc_graph_0190,5.95150089263916,9.033092498779297,57.27326202392578,1025802.375,50
191,0,2,2,4,2,0.0,0.0,1.0,lc_lc_graph_0191,5.469529151916504,9.963565826416016,47.07108688354492,1029022.75,50
192,0,2,2,4,0,1.0,0.0,0.0,lc_lc_graph_0192,7.376693248748779,11.359548568725586,46.75523376464844,1013958.625,50
193,0,2,2,4,1,0.0,1.0,0.0,lc_lc_graph_0193,5.630027770996094,2.212867498397827,16.64996910095215,1047361.0,50
194,0,2,2,4,2,0.0,0.0,1.0,lc_lc_graph_0194,5.444489002227783,11.247489929199219,49.088722229003906,1054759.25,50
195,0,2,2,4,0,1.0,0.0,0.0,lc_lc_graph_0195,7.374356269836426,12.651409149169922,61.961727142333984,1044507.5625,50
196,0,2,2,4,1,0.0,1.0,0.0,lc_lc_graph_0196,5.926703929901123,8.620454788208008,63.7282600402832,1049961.75,50
197,0,2,2,4,2,0.0,0.0,1.0,lc_lc_graph_0197,5.4632792472839355,8.07391357421875,30.00197410583496,1025773.9375,50
198,0,2,2,4,0,1.0,0.0,0.0,lc_lc_graph_0198,7.376063346862793,12.408981323242188,61.926292419433594,1029009.625,50
199,0,2,2,4,1,0.0,1.0,0.0,lc_lc_graph_0199,5.711677551269531,12.046093940734863,50.703636169433594,1028554.0,50
200,0,2,2,4,2,0.0,0.0,1.0,lc_lc_graph_0200,5.472004413604736,7.649582386016846,34.20170211791992,1033709.625,50
201,0,2,2,4,0,1.0,0.0,0.0,lc_lc_graph_0201,7.377696514129639,16.484968185424805,85.3493423461914,1024446.9375,50
202,0,2,2,4,1,0.0,1.0,0.0,lc_lc_graph_0202,5.776939868927002,6.206521034240723,40.61982727050781,1043804.375,50
203,0,2,2,4,2,0.0,0.0,1.0,lc_lc_graph_0203,5.479550838470459,10.292767524719238,44.89964294433594,1027684.875,50
204,0,2,2,4,0,1.0,0.0,0.0,lc_lc_graph_0204,7.375305652618408,13.841164588928223,66.45120239257812,1015965.6875,50
205,0,2,2,4,1,0.0,1.0,0.0,lc_lc_graph_0205,5.716897964477539,8.012532234191895,27.47552490234375,1023267.625,50
206,0,2,2,4,2,0.0,0.0,1.0,lc_lc_graph_0206,5.4591450691223145,13.45616626739502,63.43500900268555,1031306.25,50
207,0,2,2,4,0,1.0,0.0,0.0,lc_lc_graph_0207,7.375245571136475,11.14718246459961,52.69344711303711,1030125.625,50
208,0,2,2,4,1,0.0,1.0,0.0,lc_lc_graph_0208,5.7965989112854,8.419346809387207,52.16152572631836,1055109.875,50
209,0,2,2,4,2,0.0,0.0,1.0,lc_lc_graph_0209,5.503890514373779,8.193571090698242,63.817020416259766,1049836.125,50
210,0,2,2,4,0,1.0,0.0,0.0,lc_lc_graph_0210,7.370550155639648,13.743425369262695,59.86227798461914,1036910.375,50
211,0,2,2,4,1,0.0,1.0,0.0,lc_lc_graph_0211,5.929992198944092,7.715520858764648,56.986392974853516,1009296.0,50
212,0,2,2,4,2,0.0,0.0,1.0,lc_lc_graph_0212,5.465713024139404,10.426202774047852,51.490482330322266,1048835.875,50
213,0,2,2,4,0,1.0,0.0,0.0,lc_lc_graph_0213,7.368009567260742,15.340078353881836,65.37088775634766,1025175.625,50
214,0,2,2,4,1,0.0,1.0,0.0,lc_lc_graph_0214,5.752997398376465,13.921466827392578,53.02470016479492,1033266.5,50
215,0,2,2,4,2,0.0,0.0,1.0,lc_lc_graph_0215,5.483792304992676,17.02982521057129,88.7993392944336,1013547.125,50
216,0,2,2,4,0,1.0,0.0,0.0,lc_lc_graph_0216,7.373597145080566,15.095562934875488,68.22714233398438,1015288.75,50
217,0,2,2,4,1,0.0,1.0,0.0,lc_lc_graph_0217,5.862453460693359,6.898645877838135,40.078948974609375,1077316.125,50
218,0,2,2,4,2,0.0,0.0,1.0,lc_lc_graph_0218,5.483191967010498,12.927841186523438,61.698280334472656,1055928.25,50
219,0,2,2,4,0,1.0,0.0,0.0,lc_lc_graph_0219,7.37528133392334,14.042686462402344,60.06584930419922,1044528.125,50
220,0,2,2,4,1,0.0,1.0,0.0,lc_lc_graph_0220,5.867537975311279,5.983316421508789,40.86387634277344,1041269.625,50
221,0,2,2,4,2,0.0,0.0,1.0,lc_lc_graph_0221,5.507339000701904,13.658205032348633,57.85611343383789,1031271.5,50
222,0,2,2,4,0,1.0,0.0,0.0,lc_lc_graph_0222,7.3698320388793945,8.60350513458252,36.03758239746094,1039285.0,50
223,0,2,2,4,1,0.0,1.0,0.0,lc_lc_graph_0223,5.628693580627441,2.0263302326202393,15.781749725341797,1028618.8125,50
224,0,2,2,4,2,0.0,0.0,1.0,lc_lc_graph_0224,5.481708526611328,2.546523094177246,20.7100887298584,1046278.8125,50
225,0,2,2,4,0,1.0,0.0,0.0,lc_lc_graph_0225,7.3803181648254395,14.865076065063477,64.9376449584961,1043913.375,50
226,0,2,2,4,1,0.0,1.0,0.0,lc_lc_graph_0226,5.867164134979248,7.2350358963012695,52.93198776245117,1045040.125,50
227,0,2,2,4,2,0.0,0.0,1.0,lc_lc_graph_0227,5.467058181762695,14.541523933410645,70.53556823730469,1046533.25,50
228,0,2,2,4,0,1.0,0.0,0.0,lc_lc_graph_0228,7.373836040496826,8.382896423339844,34.389923095703125,1038783.75,50
229,0,2,2,4,1,0.0,1.0,0.0,lc_lc_graph_0229,5.92143440246582,8.121333122253418,55.131248474121094,1029373.5625,50
230,0,2,2,4,2,0.0,0.0,1.0,lc_lc_graph_0230,5.465485572814941,13.882269859313965,65.83146667480469,1009881.0,50
231,0,2,2,4,0,1.0,0.0,0.0,lc_lc_graph_0231,7.376112461090088,16.37744140625,62.8426628112793,1040712.625,50
232,0,2,2,4,1,0.0,1.0,0.0,lc_lc_graph_0232,5.756362438201904,11.936273574829102,43.39425277709961,1052262.125,50
233,0,2,2,4,2,0.0,0.0,1.0,lc_lc_graph_0233,5.478013515472412,8.750332832336426,32.26942825317383,1024999.625,50
234,0,2,2,4,0,1.0,0.0,0.0,lc_lc_graph_0234,7.376384735107422,15.2698335647583,63.5956916809082,1027513.625,50
235,0,2,2,4,1,0.0,1.0,0.0,lc_lc_graph_0235,5.641368389129639,1.6636340618133545,13.954950332641602,1074340.0,50
236,0,2,2,4,2,0.0,0.0,1.0,lc_lc_graph_0236,5.4781012535095215,7.74703311920166,35.43742752075195,1052117.5,50
237,0,2,2,4,0,1.0,0.0,0.0,lc_lc_graph_0237,7.375495910644531,15.347594261169434,71.00112915039062,1028920.25,50
238,0,2,2,4,1,0.0,1.0,0.0,lc_lc_graph_0238,5.755102157592773,8.14158821105957,53.889278411865234,1029530.5625,50
239,0,2,2,4,2,0.0,0.0,1.0,lc_lc_graph_0239,5.509990215301514,16.976163864135742,77.10620880126953,1023608.875,50
240,0,2,2,4,0,1.0,0.0,0.0,lc_lc_graph_0240,7.375277519226074,8.324197769165039,30.7744140625,1033026.375,50
241,0,2,2,4,1,0.0,1.0,0.0,lc_lc_graph_0241,5.638796806335449,2.436095952987671,16.57887840270996,1041529.8125,50
242,0,2,2,4,2,0.0,0.0,1.0,lc_lc_graph_0242,5.495667934417725,12.169820785522461,63.91119384765625,1034046.625,50
243,0,2,2,4,0,1.0,0.0,0.0,lc_lc_graph_0243,7.374476432800293,12.433806419372559,60.22541809082031,1028621.4375,50
244,0,2,2,4,1,0.0,1.0,0.0,lc_lc_graph_0244,5.795384883880615,14.517992973327637,53.39625930786133,1037724.125,50
245,0,2,2,4,2,0.0,0.0,1.0,lc_lc_graph_0245,5.488403797149658,12.293791770935059,50.3626594543457,1051013.75,50
246,0,2,2,4,0,1.0,0.0,0.0,lc_lc_graph_0246,7.3750529289245605,14.379074096679688,63.994266510009766,1057647.625,50
247,0,2,2,4,1,0.0,1.0,0.0,lc_lc_graph_0247,5.925170421600342,6.82567834854126,45.03604507446289,1053185.25,50
248,0,2,2,4,2,0.0,0.0,1.0,lc_lc_graph_0248,5.479663372039795,15.949737548828125,81.35791778564453,1049929.75,50
249,0,2,2,4,0,1.0,0.0,0.0,lc_lc_graph_0249,7.374948978424072,10.319218635559082,45.37675857543945,1040086.0,50
250,1,4,2,6,1,0.0,1.0,0.0,lc_lc_graph_0250,5.1940813064575195,38.57419204711914,217.0298614501953,872127.4375,50
251,1,4,2,6,2,0.0,0.0,1.0,lc_lc_graph_0251,4.826573371887207,25.18052864074707,159.4431610107422,861927.875,50
252,1,4,2,6,0,1.0,0.0,0.0,lc_lc_graph_0252,6.370645523071289,31.662931442260742,263.4672546386719,872514.5,50
253,1,4,2,6,1,0.0,1.0,0.0,lc_lc_graph_0253,5.540520191192627,35.29918670654297,239.565185546875,869428.8125,50
254,1,4,2,6,2,0.0,0.0,1.0,lc_lc_graph_0254,4.779058456420898,18.187292098999023,109.88172912597656,856537.75,50
255,1,4,2,6,0,1.0,0.0,0.0,lc_lc_graph_0255,6.36646842956543,21.534997940063477,134.66275024414062,846709.75,50
256,1,4,2,6,1,0.0,1.0,0.0,lc_lc_graph_0256,5.266420364379883,32.37747573852539,210.3507537841797,867083.25,50
257,1,4,2,6,2,0.0,0.0,1.0,lc_lc_graph_0257,4.812446594238281,34.119300842285156,277.5263366699219,875181.875,50
258,1,4,2,6,0,1.0,0.0,0.0,lc_lc_graph_0258,6.391378402709961,27.69898796081543,211.98995971679688,866318.8125,50
259,1,4,2,6,1,0.0,1.0,0.0,lc_lc_graph_0259,5.398272514343262,30.9183292388916,202.5088653564453,862597.375,50
260,1,4,2,6,2,0.0,0.0,1.0,lc_lc_graph_0260,4.871551990509033,26.149335861206055,213.92869567871094,883018.5,50
261,1,4,2,6,0,1.0,0.0,0.0,lc_lc_graph_0261,6.3974127769470215,37.139503479003906,202.7515106201172,866540.375,50
262,1,4,2,6,1,0.0,1.0,0.0,lc_lc_graph_0262,5.143545627593994,37.26897048950195,194.58877563476562,872269.5,50
263,1,4,2,6,2,0.0,0.0,1.0,lc_lc_graph_0263,4.829057216644287,25.76262664794922,204.64788818359375,873951.75,50
264,1,4,2,6,0,1.0,0.0,0.0,lc_lc_graph_0264,6.372871398925781,25.766849517822266,176.60858154296875,861090.0,50
265,1,4,2,6,1,0.0,1.0,0.0,lc_lc_graph_0265,5.4792914390563965,34.64834213256836,210.6265106201172,892736.125,50
266,1,4,2,6,2,0.0,0.0,1.0,lc_lc_graph_0266,4.819615364074707,25.55951499938965,162.09837341308594,855369.375,50
267,1,4,2,6,0,1.0,0.0,0.0,lc_lc_graph_0267,6.355406284332275,31.630064010620117,230.06329345703125,834386.125,50
268,1,4,2,6,1,0.0,1.0,0.0,lc_lc_graph_0268,5.376141548156738,28.616561889648438,174.43507385253906,884525.125,50
269,1,4,2,6,2,0.0,0.0,1.0,lc_lc_graph_0269,4.800606727600098,24.08482551574707,148.7778778076172,865758.125,50
270,1,4,2,6,0,1.0,0.0,0.0,lc_lc_graph_0270,6.35308313369751,29.54311752319336,229.04595947265625,874422.75,50
271,1,4,2,6,1,0.0,1.0,0.0,lc_lc_graph_0271,5.580648899078369,42.489768981933594,237.56573486328125,882673.9375,50
272,1,4,2,6,2,0.0,0.0,1.0,lc_lc_graph_0272,4.798476696014404,24.340532302856445,135.3456268310547,862424.1875,50
273,1,4,2,6,0,1.0,0.0,0.0,lc_lc_graph_0273,6.36516809463501,25.030794143676758,183.63412475585938,847914.1875,50
274,1,4,2,6,1,0.0,1.0,0.0,lc_lc_graph_0274,5.264379024505615,42.73875427246094,211.3949432373047,872648.375,50
275,1,4,2,6,2,0.0,0.0,1.0,lc_lc_graph_0275,4.833548545837402,25.362024307250977,200.7678680419922,869528.8125,50
276,1,4,2,6,0,1.0,0.0,0.0,lc_lc_graph_0276,6.387874603271484,24.744049072265625,193.4184112548828,887843.375,50
277,1,4,2,6,1,0.0,1.0,0.0,lc_lc_graph_0277,5.332850933074951,29.132049560546875,157.45266723632812,853124.1875,50
278,1,4,2,6,2,0.0,0.0,1.0,lc_lc_graph_0278,4.799332141876221,35.67139434814453,214.06546020507812,875904.75,50
279,1,4,2,6,0,1.0,0.0,0.0,lc_lc_graph_0279,6.392892360687256,31.403011322021484,198.37673950195312,843786.5,50
280,1,4,2,6,1,0.0,1.0,0.0,lc_lc_graph_0280,5.37800931930542,13.359721183776855,79.03646850585938,970984.625,50
281,1,4,2,6,2,0.0,0.0,1.0,lc_lc_graph_0281,4.812765598297119,30.22389793395996,162.45040893554688,848241.0625,50
282,1,4,2,6,0,1.0,0.0,0.0,lc_lc_graph_0282,6.3844523429870605,28.00728988647461,256.16961669921875,880886.125,50
283,1,4,2,6,1,0.0,1.0,0.0,lc_lc_graph_0283,5.552735328674316,29.065475463867188,171.88339233398438,857271.375,50
284,1,4,2,6,2,0.0,0.0,1.0,lc_lc_graph_0284,4.792792797088623,33.26933670043945,209.99769592285156,863900.25,50
285,1,4,2,6,0,1.0,0.0,0.0,lc_lc_graph_0285,6.366982460021973,33.039573669433594,240.29180908203125,863070.1875,50
286,1,4,2,6,1,0.0,1.0,0.0,lc_lc_graph_0286,5.449332237243652,29.963703155517578,154.7681427001953,864200.0,50
287,1,4,2,6,2,0.0,0.0,1.0,lc_lc_graph_0287,4.84539270401001,31.951175689697266,250.61660766601562,887195.375,50
288,1,4,2,6,0,1.0,0.0,0.0,lc_lc_graph_0288,6.36998176574707,28.186124801635742,205.28297424316406,863420.125,50
289,1,4,2,6,1,0.0,1.0,0.0,lc_lc_graph_0289,5.1670026779174805,23.376291275024414,97.20326232910156,871021.125,50
290,1,4,2,6,2,0.0,0.0,1.0,lc_lc_graph_0290,4.8023810386657715,35.306114196777344,213.49293518066406,852171.0,50
291,1,4,2,6,0,1.0,0.0,0.0,lc_lc_graph_0291,6.36937952041626,20.8857421875,108.03826141357422,880459.125,50
292,1,4,2,6,1,0.0,1.0,0.0,lc_lc_graph_0292,5.263210296630859,21.220842361450195,106.41732025146484,861325.5,50
293,1,4,2,6,2,0.0,0.0,1.0,lc_lc_graph_0293,4.839634895324707,30.096588134765625,199.42617797851562,856832.3125,50
294,1,4,2,6,0,1.0,0.0,0.0,lc_lc_graph_0294,6.368287086486816,32.94911193847656,265.26898193359375,858003.0,50
295,1,4,2,6,1,0.0,1.0,0.0,lc_lc_graph_0295,5.338950157165527,26.50493621826172,137.79026794433594,844395.125,50
296,1,4,2,6,2,0.0,0.0,1.0,lc_lc_graph_0296,4.78564977645874,19.409452438354492,105.3785400390625,871621.1875,50
297,1,4,2,6,0,1.0,0.0,0.0,lc_lc_graph_0297,6.354706287384033,26.535703659057617,174.13365173339844,856674.875,50
298,1,4,2,6,1,0.0,1.0,0.0,lc_lc_graph_0298,5.618630886077881,27.224027633666992,190.69696044921875,887736.75,50
299,1,4,2,6,2,0.0,0.0,1.0,lc_lc_graph_0299,4.789500713348389,25.05862808227539,165.0281982421875,877801.625,50
300,1,4,2,6,0,1.0,0.0,0.0,lc_lc_graph_0300,6.379669189453125,38.100852966308594,251.13450622558594,852976.625,50
301,1,4,2,6,1,0.0,1.0,0.0,lc_lc_graph_0301,5.553257942199707,31.725385665893555,217.03138732910156,864309.25,50
302,1,4,2,6,2,0.0,0.0,1.0,lc_lc_graph_0302,4.77424430847168,31.63812255859375,207.1682586669922,833411.125,50
303,1,4,2,6,0,1.0,0.0,0.0,lc_lc_graph_0303,6.387899398803711,21.170869827270508,110.90583038330078,884832.5,50
304,1,4,2,6,1,0.0,1.0,0.0,lc_lc_graph_0304,5.4476823806762695,30.989540100097656,152.16090393066406,856799.875,50
305,1,4,2,6,2,0.0,0.0,1.0,lc_lc_graph_0305,4.803711414337158,24.130720138549805,204.39321899414062,863409.25,50
306,1,4,2,6,0,1.0,0.0,0.0,lc_lc_graph_0306,6.378517150878906,25.437780380249023,202.44522094726562,846288.125,50
307,1,4,2,6,1,0.0,1.0,0.0,lc_lc_graph_0307,5.209853649139404,21.811731338500977,101.76091003417969,893850.625,50
308,1,4,2,6,2,0.0,0.0,1.0,lc_lc_graph_0308,4.757372856140137,31.760757446289062,187.25732421875,870149.4375,50
309,1,4,2,6,0,1.0,0.0,0.0,lc_lc_graph_0309,6.337399482727051,40.11177062988281,221.84873962402344,860605.25,50
310,1,4,2,6,1,0.0,1.0,0.0,lc_lc_graph_0310,5.455705642700195,29.237756729125977,180.6123809814453,881732.5,50
311,1,4,2,6,2,0.0,0.0,1.0,lc_lc_graph_0311,4.854807376861572,32.218772888183594,183.25347900390625,846963.625,50
312,1,4,2,6,0,1.0,0.0,0.0,lc_lc_graph_0312,6.362149238586426,30.129549026489258,224.80174255371094,870571.8125,50
313,1,4,2,6,1,0.0,1.0,0.0,lc_lc_graph_0313,5.200397491455078,24.090723037719727,95.4537124633789,893036.75,50
314,1,4,2,6,2,0.0,0.0,1.0,lc_lc_graph_0314,4.801178932189941,27.58911895751953,141.5521240234375,881992.25,50
315,1,4,2,6,0,1.0,0.0,0.0,lc_lc_graph_0315,6.385946273803711,33.44478988647461,262.8559265136719,855348.5,50
316,1,4,2,6,1,0.0,1.0,0.0,lc_lc_graph_0316,5.430477619171143,28.12691879272461,160.8812255859375,894195.0,50
317,1,4,2,6,2,0.0,0.0,1.0,lc_lc_graph_0317,4.8321428298950195,30.685022354125977,259.9429931640625,875897.375,50
318,1,4,2,6,0,1.0,0.0,0.0,lc_lc_graph_0318,6.376827239990234,29.935590744018555,248.61404418945312,877066.0625,50
319,1,4,2,6,1,0.0,1.0,0.0,lc_lc_graph_0319,5.486423492431641,30.15077018737793,186.5394744873047,857688.4375,50
320,1,4,2,6,2,0.0,0.0,1.0,lc_lc_graph_0320,4.814699172973633,27.31188201904297,224.6925506591797,887027.875,50
321,1,4,2,6,0,1.0,0.0,0.0,lc_lc_graph_0321,6.367130756378174,32.75080108642578,240.025634765625,836711.25,50
322,1,4,2,6,1,0.0,1.0,0.0,lc_lc_graph_0322,5.342439651489258,38.215599060058594,214.71112060546875,871439.8125,50
323,1,4,2,6,2,0.0,0.0,1.0,lc_lc_graph_0323,4.7829670906066895,30.99243927001953,167.70516967773438,861288.0,50
324,1,4,2,6,0,1.0,0.0,0.0,lc_lc_graph_0324,6.382796287536621,22.511362075805664,126.89218139648438,867831.375,50
325,1,4,2,6,1,0.0,1.0,0.0,lc_lc_graph_0325,5.513910293579102,38.15095520019531,220.52938842773438,875134.125,50
326,1,4,2,6,2,0.0,0.0,1.0,lc_lc_graph_0326,4.829828262329102,24.824438095092773,127.66674041748047,853906.25,50
327,1,4,2,6,0,1.0,0.0,0.0,lc_lc_graph_0327,6.35199499130249,36.4859504699707,236.06378173828125,859493.4375,50
328,1,4,2,6,1,0.0,1.0,0.0,lc_lc_graph_0328,5.2046356201171875,36.97770309448242,221.822509765625,881095.25,50
329,1,4,2,6,2,0.0,0.0,1.0,lc_lc_graph_0329,4.825955390930176,33.75442123413086,271.9747314453125,881241.0625,50
330,1,4,2,6,0,1.0,0.0,0.0,lc_lc_graph_0330,6.391125679016113,25.65336799621582,114.04185485839844,874183.875,50
331,1,4,2,6,1,0.0,1.0,0.0,lc_lc_graph_0331,5.296926975250244,37.279170989990234,237.05050659179688,859211.125,50
332,1,4,2,6,2,0.0,0.0,1.0,lc_lc_graph_0332,4.80419921875,26.307170867919922,185.23477172851562,874760.0,50
333,1,4,2,6,0,1.0,0.0,0.0,lc_lc_graph_0333,6.344879627227783,36.19271469116211,219.25001525878906,858762.4375,50
334,1,4,2,6,1,0.0,1.0,0.0,lc_lc_graph_0334,5.572029113769531,32.2426872253418,221.3970184326172,863171.1875,50
335,1,4,2,6,2,0.0,0.0,1.0,lc_lc_graph_0335,4.8404364585876465,26.734838485717773,252.64581298828125,891075.8125,50
336,1,4,2,6,0,1.0,0.0,0.0,lc_lc_graph_0336,6.364414691925049,34.0022087097168,246.72286987304688,847635.625,50
337,1,4,2,6,1,0.0,1.0,0.0,lc_lc_graph_0337,5.359195232391357,29.494464874267578,193.619140625,871328.25,50
338,1,4,2,6,2,0.0,0.0,1.0,lc_lc_graph_0338,4.8019585609436035,22.676557540893555,125.1158447265625,882737.75,50
339,1,4,2,6,0,1.0,0.0,0.0,lc_lc_graph_0339,6.3616485595703125,34.71610641479492,274.04559326171875,840589.125,50
340,1,4,2,6,1,0.0,1.0,0.0,lc_lc_graph_0340,5.194131851196289,35.891357421875,184.41273498535156,872063.375,50
341,1,4,2,6,2,0.0,0.0,1.0,lc_lc_graph_0341,4.760125637054443,33.57680892944336,228.65794372558594,856154.75,50
342,1,4,2,6,0,1.0,0.0,0.0,lc_lc_graph_0342,6.389721870422363,27.77330780029297,213.91073608398438,866176.25,50
343,1,4,2,6,1,0.0,1.0,0.0,lc_lc_graph_0343,5.555983066558838,27.33470916748047,177.39244079589844,873935.875,50
344,1,4,2,6,2,0.0,0.0,1.0,lc_lc_graph_0344,4.8688883781433105,27.020551681518555,227.81944274902344,872110.1875,50
345,1,4,2,6,0,1.0,0.0,0.0,lc_lc_graph_0345,6.390666961669922,26.363876342773438,209.77560424804688,854313.625,50
346,1,4,2,6,1,0.0,1.0,0.0,lc_lc_graph_0346,5.123917102813721,39.1861686706543,178.2373504638672,878192.1875,50
347,1,4,2,6,2,0.0,0.0,1.0,lc_lc_graph_0347,4.807657241821289,35.83222198486328,272.20465087890625,862813.9375,50
348,1,4,2,6,0,1.0,0.0,0.0,lc_lc_graph_0348,6.381768226623535,27.62917709350586,222.29550170898438,868698.875,50
349,1,4,2,6,1,0.0,1.0,0.0,lc_lc_graph_0349,5.519153118133545,28.772308349609375,170.17034912109375,884865.25,50
350,1,4,2,6,2,0.0,0.0,1.0,lc_lc_graph_0350,4.778896808624268,23.714082717895508,170.7735595703125,843848.75,50
351,1,4,2,6,0,1.0,0.0,0.0,lc_lc_graph_0351,6.382189750671387,23.771705627441406,137.34423828125,857001.5,50
352,1,4,2,6,1,0.0,1.0,0.0,lc_lc_graph_0352,5.528896808624268,29.937150955200195,187.78363037109375,880205.375,50
353,1,4,2,6,2,0.0,0.0,1.0,lc_lc_graph_0353,4.804749965667725,26.036670684814453,188.91912841796875,861646.375,50
354,1,4,2,6,0,1.0,0.0,0.0,lc_lc_graph_0354,6.3651299476623535,31.37876319885254,262.37017822265625,860651.9375,50
355,1,4,2,6,1,0.0,1.0,0.0,lc_lc_graph_0355,5.226651668548584,36.282676696777344,213.61221313476562,884939.5625,50
356,1,4,2,6,2,0.0,0.0,1.0,lc_lc_graph_0356,4.828583717346191,28.997323989868164,266.0411376953125,877305.5,50
357,1,4,2,6,0,1.0,0.0,0.0,lc_lc_graph_0357,6.741458892822266,22.81688690185547,212.99850463867188,932535.875,50
358,1,4,2,6,1,0.0,1.0,0.0,lc_lc_graph_0358,5.092559814453125,29.124719619750977,141.52880859375,860123.75,50
359,1,4,2,6,2,0.0,0.0,1.0,lc_lc_graph_0359,4.7732319831848145,18.39458465576172,117.83544921875,870719.5,50
360,1,4,2,6,0,1.0,0.0,0.0,lc_lc_graph_0360,6.370716094970703,36.46551513671875,205.3193817138672,874094.4375,50
361,1,4,2,6,1,0.0,1.0,0.0,lc_lc_graph_0361,5.210294246673584,27.933408737182617,162.3270263671875,871646.5,50
362,1,4,2,6,2,0.0,0.0,1.0,lc_lc_graph_0362,4.792685031890869,21.033164978027344,117.85698699951172,881974.0,50
363,1,4,2,6,0,1.0,0.0,0.0,lc_lc_graph_0363,6.386684417724609,31.793392181396484,233.67904663085938,870868.0,50
364,1,4,2,6,1,0.0,1.0,0.0,lc_lc_graph_0364,5.229882717132568,30.767641067504883,147.48806762695312,873307.25,50
365,1,4,2,6,2,0.0,0.0,1.0,lc_lc_graph_0365,4.82417106628418,28.582149505615234,263.5505676269531,865799.125,50
366,1,4,2,6,0,1.0,0.0,0.0,lc_lc_graph_0366,6.341308116912842,34.459678649902344,227.71104431152344,839984.9375,50
367,1,4,2,6,1,0.0,1.0,0.0,lc_lc_graph_0367,5.138547897338867,23.946504592895508,144.05508422851562,845885.4375,50
368,1,4,2,6,2,0.0,0.0,1.0,lc_lc_graph_0368,4.8205885887146,27.751419067382812,213.43646240234375,871650.25,50
369,1,4,2,6,0,1.0,0.0,0.0,lc_lc_graph_0369,6.306371212005615,23.058740615844727,165.48171997070312,853385.125,50
370,1,4,2,6,1,0.0,1.0,0.0,lc_lc_graph_0370,5.2278571128845215,38.43376541137695,199.02230834960938,885561.6875,50
371,1,4,2,6,2,0.0,0.0,1.0,lc_lc_graph_0371,4.826228141784668,23.654420852661133,131.28271484375,890128.1875,50
372,1,4,2,6,0,1.0,0.0,0.0,lc_lc_graph_0372,6.366080284118652,32.43193435668945,253.54071044921875,859046.0,50
373,1,4,2,6,1,0.0,1.0,0.0,lc_lc_graph_0373,5.371108055114746,36.8373908996582,225.00070190429688,857262.3125,50
374,1,4,2,6,2,0.0,0.0,1.0,lc_lc_graph_0374,4.833489418029785,33.88520812988281,271.72760009765625,858582.625,50
375,1,4,2,6,0,1.0,0.0,0.0,lc_lc_graph_0375,6.371864318847656,19.158157348632812,108.80557250976562,856527.375,50
376,1,4,2,6,1,0.0,1.0,0.0,lc_lc_graph_0376,5.290942192077637,30.267993927001953,152.7542724609375,865015.125,50
377,1,4,2,6,2,0.0,0.0,1.0,lc_lc_graph_0377,4.77354097366333,36.193626403808594,188.8414306640625,868512.375,50
378,1,4,2,6,0,1.0,0.0,0.0,lc_lc_graph_0378,6.353997230529785,27.120784759521484,183.27664184570312,839875.375,50
379,1,4,2,6,1,0.0,1.0,0.0,lc_lc_graph_0379,5.0726423263549805,27.074861526489258,141.33056640625,880277.4375,50
380,1,4,2,6,2,0.0,0.0,1.0,lc_lc_graph_0380,4.7908854484558105,25.675691604614258,214.0538787841797,882237.0625,50
381,1,4,2,6,0,1.0,0.0,0.0,lc_lc_graph_0381,6.357758522033691,32.28775405883789,253.5417022705078,835655.6875,50
382,1,4,2,6,1,0.0,1.0,0.0,lc_lc_graph_0382,5.404746055603027,26.251710891723633,158.60281372070312,891067.9375,50
383,1,4,2,6,2,0.0,0.0,1.0,lc_lc_graph_0383,4.842310905456543,35.21550369262695,245.76234436035156,856232.4375,50
384,1,4,2,6,0,1.0,0.0,0.0,lc_lc_graph_0384,6.382537841796875,25.002880096435547,129.79705810546875,840342.1875,50
385,1,4,2,6,1,0.0,1.0,0.0,lc_lc_graph_0385,5.174843788146973,30.0510196685791,154.24563598632812,884202.0625,50
386,1,4,2,6,2,0.0,0.0,1.0,lc_lc_graph_0386,4.870945930480957,31.652528762817383,206.90567016601562,887471.5625,50
387,1,4,2,6,0,1.0,0.0,0.0,lc_lc_graph_0387,6.367086410522461,17.18327522277832,93.88690185546875,855804.0,50
388,1,4,2,6,1,0.0,1.0,0.0,lc_lc_graph_0388,5.3773932456970215,23.734018325805664,149.6776885986328,873036.5,50
389,1,4,2,6,2,0.0,0.0,1.0,lc_lc_graph_0389,4.7733001708984375,31.69712257385254,174.66400146484375,892540.625,50
390,1,4,2,6,0,1.0,0.0,0.0,lc_lc_graph_0390,6.36793327331543,24.39200782775879,130.75209045410156,849453.5625,50
391,1,4,2,6,1,0.0,1.0,0.0,lc_lc_graph_0391,5.079636096954346,22.438432693481445,137.5060272216797,879098.0,50
392,1,4,2,6,2,0.0,0.0,1.0,lc_lc_graph_0392,5.067883491516113,16.643281936645508,122.45742797851562,927419.5625,50
393,1,4,2,6,0,1.0,0.0,0.0,lc_lc_graph_0393,6.352168083190918,31.955942153930664,203.8662109375,852744.0,50
394,1,4,2,6,1,0.0,1.0,0.0,lc_lc_graph_0394,5.609145164489746,32.62326431274414,241.32872009277344,864611.125,50
395,1,4,2,6,2,0.0,0.0,1.0,lc_lc_graph_0395,4.815800666809082,27.45215606689453,196.58387756347656,866092.5,50
396,1,4,2,6,0,1.0,0.0,0.0,lc_lc_graph_0396,6.404136657714844,31.446760177612305,206.38674926757812,850361.875,50
397,1,4,2,6,1,0.0,1.0,0.0,lc_lc_graph_0397,5.2213335037231445,33.397911071777344,217.43588256835938,851738.5,50
398,1,4,2,6,2,0.0,0.0,1.0,lc_lc_graph_0398,4.747946739196777,30.882408142089844,170.22799682617188,885364.625,50
399,1,4,2,6,0,1.0,0.0,0.0,lc_lc_graph_0399,6.737823009490967,21.83799934387207,219.0850067138672,913504.875,50
400,1,4,2,6,1,0.0,1.0,0.0,lc_lc_graph_0400,5.196341514587402,36.20417404174805,216.66921997070312,869711.75,50
401,1,4,2,6,2,0.0,0.0,1.0,lc_lc_graph_0401,4.788467884063721,29.731239318847656,203.09506225585938,834221.375,50
402,1,4,2,6,0,1.0,0.0,0.0,lc_lc_graph_0402,6.757970809936523,27.6485595703125,218.63827514648438,975567.5,50
403,1,4,2,6,1,0.0,1.0,0.0,lc_lc_graph_0403,5.649710178375244,29.324447631835938,215.81007385253906,851163.5625,50
404,1,4,2,6,2,0.0,0.0,1.0,lc_lc_graph_0404,4.839888095855713,27.361968994140625,189.04502868652344,871720.5,50
405,1,4,2,6,0,1.0,0.0,0.0,lc_lc_graph_0405,6.381402015686035,29.540752410888672,205.96685791015625,864504.4375,50
406,1,4,2,6,1,0.0,1.0,0.0,lc_lc_graph_0406,5.38945198059082,26.472858428955078,182.74867248535156,884010.125,50
407,1,4,2,6,2,0.0,0.0,1.0,lc_lc_graph_0407,4.796664714813232,20.411516189575195,123.27191925048828,864727.25,50
408,1,4,2,6,0,1.0,0.0,0.0,lc_lc_graph_0408,6.367393970489502,25.348289489746094,197.24945068359375,860207.25,50
409,1,4,2,6,1,0.0,1.0,0.0,lc_lc_graph_0409,5.58480167388916,32.135353088378906,225.17022705078125,846465.5,50
410,1,4,2,6,2,0.0,0.0,1.0,lc_lc_graph_0410,4.783967018127441,28.93518829345703,182.41664123535156,858626.25,50
411,1,4,2,6,0,1.0,0.0,0.0,lc_lc_graph_0411,6.3849592208862305,26.188997268676758,193.91851806640625,850011.1875,50
412,1,4,2,6,1,0.0,1.0,0.0,lc_lc_graph_0412,5.448625564575195,32.14919662475586,225.6519775390625,864997.5,50
413,1,4,2,6,2,0.0,0.0,1.0,lc_lc_graph_0413,4.840579509735107,31.989044189453125,237.2007293701172,880547.125,50
414,1,4,2,6,0,1.0,0.0,0.0,lc_lc_graph_0414,6.352256774902344,35.90581512451172,222.62562561035156,870182.5,50
415,1,4,2,6,1,0.0,1.0,0.0,lc_lc_graph_0415,5.198412895202637,35.7061767578125,240.26332092285156,882810.125,50
416,1,4,2,6,2,0.0,0.0,1.0,lc_lc_graph_0416,4.783965110778809,26.060426712036133,217.6025848388672,863357.875,50
417,1,4,2,6,0,1.0,0.0,0.0,lc_lc_graph_0417,6.355424880981445,32.49666213989258,176.80801391601562,842786.5625,50
418,1,4,2,6,1,0.0,1.0,0.0,lc_lc_graph_0418,5.233156204223633,34.63644027709961,213.83761596679688,884556.25,50
419,1,4,2,6,2,0.0,0.0,1.0,lc_lc_graph_0419,4.8121418952941895,23.018159866333008,182.39341735839844,873278.1875,50
420,1,4,2,6,0,1.0,0.0,0.0,lc_lc_graph_0420,6.353854179382324,27.48465919494629,181.04527282714844,864820.125,50
421,1,4,2,6,1,0.0,1.0,0.0,lc_lc_graph_0421,5.307530403137207,30.750255584716797,220.67718505859375,845045.9375,50
422,1,4,2,6,2,0.0,0.0,1.0,lc_lc_graph_0422,4.832214832305908,27.394439697265625,235.2328643798828,895102.75,50
423,1,4,2,6,0,1.0,0.0,0.0,lc_lc_graph_0423,6.333998680114746,38.741905212402344,243.9130401611328,880912.25,50
424,1,4,2,6,1,0.0,1.0,0.0,lc_lc_graph_0424,5.567503929138184,33.83600616455078,169.76397705078125,857715.875,50
425,1,4,2,6,2,0.0,0.0,1.0,lc_lc_graph_0425,4.7663960456848145,29.19770622253418,172.8708953857422,870528.125,50
426,1,4,2,6,0,1.0,0.0,0.0,lc_lc_graph_0426,6.370744228363037,30.534128189086914,227.1290283203125,857537.25,50
427,1,4,2,6,1,0.0,1.0,0.0,lc_lc_graph_0427,5.542843341827393,28.04850959777832,218.51885986328125,892144.9375,50
428,1,4,2,6,2,0.0,0.0,1.0,lc_lc_graph_0428,4.8150553703308105,24.90024757385254,133.4999237060547,874970.1875,50
429,1,4,2,6,0,1.0,0.0,0.0,lc_lc_graph_0429,6.393579483032227,37.18473815917969,220.70150756835938,876262.1875,50
430,1,4,2,6,1,0.0,1.0,0.0,lc_lc_graph_0430,5.605890274047852,14.589385986328125,104.0208740234375,930758.25,50
431,1,4,2,6,2,0.0,0.0,1.0,lc_lc_graph_0431,4.82773494720459,25.778963088989258,133.20712280273438,879904.125,50
432,1,4,2,6,0,1.0,0.0,0.0,lc_lc_graph_0432,6.367607593536377,33.8034782409668,218.456787109375,882130.6875,50
433,1,4,2,6,1,0.0,1.0,0.0,lc_lc_graph_0433,5.452131271362305,33.5975227355957,221.34796142578125,866520.0,50
434,1,4,2,6,2,0.0,0.0,1.0,lc_lc_graph_0434,4.768965721130371,22.942445755004883,166.0753936767578,872428.5625,50
435,1,4,2,6,0,1.0,0.0,0.0,lc_lc_graph_0435,6.349582672119141,25.2413272857666,195.29942321777344,879166.75,50
436,1,4,2,6,1,0.0,1.0,0.0,lc_lc_graph_0436,5.456048011779785,33.37104797363281,225.7997589111328,863328.625,50
437,1,4,2,6,2,0.0,0.0,1.0,lc_lc_graph_0437,4.762344837188721,24.509992599487305,184.29525756835938,891714.125,50
438,1,4,2,6,0,1.0,0.0,0.0,lc_lc_graph_0438,6.352833271026611,28.995718002319336,206.8067626953125,854474.8125,50
439,1,4,2,6,1,0.0,1.0,0.0,lc_lc_graph_0439,5.262834072113037,31.704151153564453,152.21034240722656,858308.125,50
440,1,4,2,6,2,0.0,0.0,1.0,lc_lc_graph_0440,4.743581295013428,17.725963592529297,102.0188980102539,854594.9375,50
441,1,4,2,6,0,1.0,0.0,0.0,lc_lc_graph_0441,6.390580177307129,27.324249267578125,143.1388702392578,867327.125,50
442,1,4,2,6,1,0.0,1.0,0.0,lc_lc_graph_0442,5.259832382202148,18.584569931030273,99.8032455444336,844123.9375,50
443,1,4,2,6,2,0.0,0.0,1.0,lc_lc_graph_0443,4.853343486785889,31.019073486328125,144.90530395507812,847114.875,50
444,1,4,2,6,0,1.0,0.0,0.0,lc_lc_graph_0444,6.3846611976623535,25.935955047607422,117.54853057861328,853929.5,50
445,1,4,2,6,1,0.0,1.0,0.0,lc_lc_graph_0445,5.516388893127441,30.892431259155273,247.7115478515625,843487.625,50
446,1,4,2,6,2,0.0,0.0,1.0,lc_lc_graph_0446,4.850016117095947,33.365177154541016,243.62063598632812,868342.25,50
447,1,4,2,6,0,1.0,0.0,0.0,lc_lc_graph_0447,6.36065673828125,28.900407791137695,264.7262878417969,847059.375,50
448,1,4,2,6,1,0.0,1.0,0.0,lc_lc_graph_0448,5.141607284545898,18.138456344604492,86.99092102050781,864742.375,50
449,1,4,2,6,2,0.0,0.0,1.0,lc_lc_graph_0449,4.8290228843688965,22.391361236572266,129.29600524902344,869439.875,50
450,1,4,2,6,0,1.0,0.0,0.0,lc_lc_graph_0450,6.370161533355713,29.004436492919922,239.76202392578125,853699.25,50
451,1,4,2,6,1,0.0,1.0,0.0,lc_lc_graph_0451,5.567995071411133,36.63539123535156,237.2277069091797,874095.4375,50
452,1,4,2,6,2,0.0,0.0,1.0,lc_lc_graph_0452,4.776005268096924,41.18564224243164,229.2845001220703,852666.9375,50
453,1,4,2,6,0,1.0,0.0,0.0,lc_lc_graph_0453,6.369504928588867,31.49829864501953,228.07144165039062,846848.5625,50
454,1,4,2,6,1,0.0,1.0,0.0,lc_lc_graph_0454,5.534470081329346,27.941333770751953,183.6260528564453,878652.5625,50
455,1,4,2,6,2,0.0,0.0,1.0,lc_lc_graph_0455,4.758881568908691,30.12735366821289,209.58934020996094,883901.625,50
456,1,4,2,6,0,1.0,0.0,0.0,lc_lc_graph_0456,6.386816501617432,29.177053451538086,221.84442138671875,838904.75,50
457,1,4,2,6,1,0.0,1.0,0.0,lc_lc_graph_0457,5.306168079376221,32.04475784301758,214.1041717529297,872096.25,50
458,1,4,2,6,2,0.0,0.0,1.0,lc_lc_graph_0458,4.787155628204346,24.95884895324707,151.67355346679688,870680.375,50
459,1,4,2,6,0,1.0,0.0,0.0,lc_lc_graph_0459,6.347772598266602,36.45541000366211,213.44424438476562,848207.5,50
460,1,4,2,6,1,0.0,1.0,0.0,lc_lc_graph_0460,5.623932361602783,37.47731399536133,226.59678649902344,887908.3125,50
461,1,4,2,6,2,0.0,0.0,1.0,lc_lc_graph_0461,4.813705921173096,30.4692440032959,212.267578125,848975.3125,50
462,1,4,2,6,0,1.0,0.0,0.0,lc_lc_graph_0462,6.3756256103515625,28.44550895690918,174.9088897705078,863387.375,50
463,1,4,2,6,1,0.0,1.0,0.0,lc_lc_graph_0463,5.329588413238525,23.489501953125,105.09099578857422,877327.5,50
464,1,4,2,6,2,0.0,0.0,1.0,lc_lc_graph_0464,4.774466514587402,35.73336410522461,214.78460693359375,883948.625,50
465,1,4,2,6,0,1.0,0.0,0.0,lc_lc_graph_0465,6.380326747894287,31.045692443847656,258.31365966796875,859812.375,50
466,1,4,2,6,1,0.0,1.0,0.0,lc_lc_graph_0466,5.529709339141846,31.542675018310547,220.357177734375,868523.5,50
467,1,4,2,6,2,0.0,0.0,1.0,lc_lc_graph_0467,4.78680944442749,34.555931091308594,229.15957641601562,885442.25,50
468,1,4,2,6,0,1.0,0.0,0.0,lc_lc_graph_0468,6.357624530792236,27.49938201904297,248.70770263671875,865416.1875,50
469,1,4,2,6,1,0.0,1.0,0.0,lc_lc_graph_0469,5.123919486999512,25.248910903930664,161.7252655029297,859010.75,50
470,1,4,2,6,2,0.0,0.0,1.0,lc_lc_graph_0470,4.772068500518799,30.346080780029297,214.38865661621094,884505.5625,50
471,1,4,2,6,0,1.0,0.0,0.0,lc_lc_graph_0471,6.367434978485107,28.786672592163086,190.97186279296875,874956.0,50
472,1,4,2,6,1,0.0,1.0,0.0,lc_lc_graph_0472,5.3333420753479,25.48887062072754,150.38180541992188,855899.3125,50
473,1,4,2,6,2,0.0,0.0,1.0,lc_lc_graph_0473,4.872682571411133,30.549434661865234,220.2764434814453,852432.5,50
474,1,4,2,6,0,1.0,0.0,0.0,lc_lc_graph_0474,6.342014312744141,37.64079284667969,218.5019989013672,846060.3125,50
475,1,4,2,6,1,0.0,1.0,0.0,lc_lc_graph_0475,5.594278812408447,33.744232177734375,226.28956604003906,863193.1875,50
476,1,4,2,6,2,0.0,0.0,1.0,lc_lc_graph_0476,4.825562477111816,35.718788146972656,286.2103576660156,863834.8125,50
477,1,4,2,6,0,1.0,0.0,0.0,lc_lc_graph_0477,6.363434314727783,25.77709197998047,197.44131469726562,845042.25,50
478,1,4,2,6,1,0.0,1.0,0.0,lc_lc_graph_0478,5.313751220703125,23.834856033325195,114.7759017944336,853375.0,50
479,1,4,2,6,2,0.0,0.0,1.0,lc_lc_graph_0479,4.793826580047607,25.085813522338867,169.44168090820312,889567.5,50
480,1,4,2,6,0,1.0,0.0,0.0,lc_lc_graph_0480,6.376120090484619,33.84835433959961,244.0631103515625,864771.8125,50
481,1,4,2,6,1,0.0,1.0,0.0,lc_lc_graph_0481,5.363346099853516,27.36200714111328,135.25872802734375,866840.8125,50
482,1,4,2,6,2,0.0,0.0,1.0,lc_lc_graph_0482,4.8122968673706055,32.232120513916016,249.87747192382812,865585.25,50
483,1,4,2,6,0,1.0,0.0,0.0,lc_lc_graph_0483,6.366227149963379,20.326000213623047,107.85908508300781,871297.5625,50
484,1,4,2,6,1,0.0,1.0,0.0,lc_lc_graph_0484,5.531039714813232,36.57988739013672,220.38381958007812,867641.5625,50
485,1,4,2,6,2,0.0,0.0,1.0,lc_lc_graph_0485,4.819189071655273,33.860939025878906,272.0582275390625,893167.3125,50
486,1,4,2,6,0,1.0,0.0,0.0,lc_lc_graph_0486,6.348175525665283,37.17151641845703,204.4994659423828,845662.0625,50
487,1,4,2,6,1,0.0,1.0,0.0,lc_lc_graph_0487,5.2971720695495605,22.43979263305664,106.74310302734375,874963.5625,50
488,1,4,2,6,2,0.0,0.0,1.0,lc_lc_graph_0488,4.763514518737793,36.69279098510742,222.14320373535156,860796.0,50
489,1,4,2,6,0,1.0,0.0,0.0,lc_lc_graph_0489,6.347294807434082,22.04047966003418,189.57940673828125,866554.375,50
490,1,4,2,6,1,0.0,1.0,0.0,lc_lc_graph_0490,5.328324317932129,23.793922424316406,174.3604736328125,893261.625,50
491,1,4,2,6,2,0.0,0.0,1.0,lc_lc_graph_0491,4.760551929473877,30.934593200683594,209.2864990234375,886948.125,50
492,1,4,2,6,0,1.0,0.0,0.0,lc_lc_graph_0492,6.385671138763428,42.08339309692383,212.47412109375,873602.25,50
493,1,4,2,6,1,0.0,1.0,0.0,lc_lc_graph_0493,5.186742782592773,20.893898010253906,100.01285552978516,863169.1875,50
494,1,4,2,6,2,0.0,0.0,1.0,lc_lc_graph_0494,4.766209602355957,29.490890502929688,229.76719665527344,858813.0625,50
495,1,4,2,6,0,1.0,0.0,0.0,lc_lc_graph_0495,6.372066974639893,30.46579933166504,221.20123291015625,850994.5625,50
496,1,4,2,6,1,0.0,1.0,0.0,lc_lc_graph_0496,5.198459148406982,31.186155319213867,184.1739501953125,869804.375,50
497,1,4,2,6,2,0.0,0.0,1.0,lc_lc_graph_0497,4.832762241363525,23.552715301513672,125.9493179321289,880057.0,50
498,1,4,2,6,0,1.0,0.0,0.0,lc_lc_graph_0498,6.3773417472839355,21.442119598388672,140.80126953125,852799.375,50
499,1,4,2,6,1,0.0,1.0,0.0,lc_lc_graph_0499,5.481242656707764,29.21767807006836,184.29238891601562,855291.25,50
500,2,6,2,7,2,0.0,0.0,1.0,lc_lc_graph_0500,3.0078375339508057,45.23667526245117,385.9722900390625,486764.25,50
501,2,6,2,7,0,1.0,0.0,0.0,lc_lc_graph_0501,4.250612258911133,37.03129577636719,337.6979064941406,516751.65625,50
502,2,6,2,7,1,0.0,1.0,0.0,lc_lc_graph_0502,3.8056962490081787,40.09337615966797,331.8133544921875,526984.375,50
503,2,6,2,7,2,0.0,0.0,1.0,lc_lc_graph_0503,3.2731122970581055,39.82490539550781,314.5237731933594,536373.1875,50
504,2,6,2,7,0,1.0,0.0,0.0,lc_lc_graph_0504,4.20292329788208,41.00680923461914,486.0579528808594,507602.3125,50
505,2,6,2,7,1,0.0,1.0,0.0,lc_lc_graph_0505,3.923779010772705,42.404911041259766,324.68609619140625,591880.375,50
506,2,6,2,7,2,0.0,0.0,1.0,lc_lc_graph_0506,3.0678865909576416,34.38092041015625,213.65086364746094,471291.25,50
507,2,6,2,7,0,1.0,0.0,0.0,lc_lc_graph_0507,4.119978904724121,32.04517364501953,239.43711853027344,466712.28125,50
508,2,6,2,7,1,0.0,1.0,0.0,lc_lc_graph_0508,3.620243549346924,42.58639144897461,349.3675231933594,504678.1875,50
509,2,6,2,7,2,0.0,0.0,1.0,lc_lc_graph_0509,2.991011142730713,39.89314270019531,363.4805603027344,474685.3125,50
510,2,6,2,7,0,1.0,0.0,0.0,lc_lc_graph_0510,4.065938949584961,40.96763610839844,366.7763671875,484125.9375,50
511,2,6,2,7,1,0.0,1.0,0.0,lc_lc_graph_0511,3.8413233757019043,46.30931854248047,294.951416015625,597796.0,50
512,2,6,2,7,2,0.0,0.0,1.0,lc_lc_graph_0512,3.050327777862549,32.90252685546875,245.11082458496094,471869.3125,50
513,2,6,2,7,0,1.0,0.0,0.0,lc_lc_graph_0513,4.197473526000977,41.06410598754883,262.6495666503906,470428.0,50
514,2,6,2,7,1,0.0,1.0,0.0,lc_lc_graph_0514,3.71467924118042,42.67403030395508,336.11834716796875,510471.625,50
515,2,6,2,7,2,0.0,0.0,1.0,lc_lc_graph_0515,3.015362501144409,33.04081344604492,191.24070739746094,472229.125,50
516,2,6,2,7,0,1.0,0.0,0.0,lc_lc_graph_0516,4.087353706359863,31.427812576293945,215.7906951904297,475873.84375,50
517,2,6,2,7,1,0.0,1.0,0.0,lc_lc_graph_0517,4.014898777008057,35.79706573486328,320.2346496582031,541703.5625,50
518,2,6,2,7,2,0.0,0.0,1.0,lc_lc_graph_0518,3.7883758544921875,28.300580978393555,374.3504943847656,647274.5,50
519,2,6,2,7,0,1.0,0.0,0.0,lc_lc_graph_0519,4.122605323791504,46.1181755065918,428.9885559082031,504463.6875,50
520,2,6,2,7,1,0.0,1.0,0.0,lc_lc_graph_0520,3.521622896194458,29.912635803222656,183.25587463378906,476955.1875,50
521,2,6,2,7,2,0.0,0.0,1.0,lc_lc_graph_0521,3.2188968658447266,41.27241516113281,348.90966796875,483124.625,50
522,2,6,2,7,0,1.0,0.0,0.0,lc_lc_graph_0522,3.9961745738983154,57.557411193847656,420.87286376953125,458470.75,50
523,2,6,2,7,1,0.0,1.0,0.0,lc_lc_graph_0523,3.9454686641693115,48.93027877807617,316.1661682128906,550992.375,50
524,2,6,2,7,2,0.0,0.0,1.0,lc_lc_graph_0524,3.1112778186798096,57.26374435424805,438.057373046875,486797.625,50
525,2,6,2,7,0,1.0,0.0,0.0,lc_lc_graph_0525,4.41400671005249,37.83028030395508,417.5473937988281,544026.8125,50
526,2,6,2,7,1,0.0,1.0,0.0,lc_lc_graph_0526,3.4479095935821533,47.558536529541016,370.2454528808594,476272.8125,50
527,2,6,2,7,2,0.0,0.0,1.0,lc_lc_graph_0527,3.2198212146759033,39.387821197509766,342.4485778808594,503199.875,50
528,2,6,2,7,0,1.0,0.0,0.0,lc_lc_graph_0528,3.9991865158081055,58.55415344238281,405.40850830078125,461674.125,50
529,2,6,2,7,1,0.0,1.0,0.0,lc_lc_graph_0529,3.9179751873016357,53.6534538269043,361.4710693359375,515916.25,50
530,2,6,2,7,2,0.0,0.0,1.0,lc_lc_graph_0530,3.2796242237091064,38.027862548828125,392.3115539550781,532554.0,50
531,2,6,2,7,0,1.0,0.0,0.0,lc_lc_graph_0531,4.038640975952148,42.99375534057617,462.3378601074219,479236.375,50
532,2,6,2,7,1,0.0,1.0,0.0,lc_lc_graph_0532,3.3754358291625977,42.40174102783203,285.97589111328125,491169.03125,50
533,2,6,2,7,2,0.0,0.0,1.0,lc_lc_graph_0533,3.184354066848755,39.68525314331055,450.5143737792969,521826.125,50
534,2,6,2,7,0,1.0,0.0,0.0,lc_lc_graph_0534,4.3749613761901855,39.10810089111328,482.5205078125,533681.375,50
535,2,6,2,7,1,0.0,1.0,0.0,lc_lc_graph_0535,3.6569695472717285,38.00774383544922,282.11431884765625,515095.4375,50
536,2,6,2,7,2,0.0,0.0,1.0,lc_lc_graph_0536,3.0090131759643555,28.651165008544922,186.3415985107422,467895.0625,50
537,2,6,2,7,0,1.0,0.0,0.0,lc_lc_graph_0537,4.055181503295898,57.799407958984375,405.3372497558594,476184.25,50
538,2,6,2,7,1,0.0,1.0,0.0,lc_lc_graph_0538,4.086220741271973,52.93473434448242,452.1881103515625,496125.34375,50
539,2,6,2,7,2,0.0,0.0,1.0,lc_lc_graph_0539,3.3272922039031982,32.04587173461914,370.6426086425781,544918.875,50
540,2,6,2,7,0,1.0,0.0,0.0,lc_lc_graph_0540,4.279698371887207,38.1152458190918,392.340576171875,530742.0625,50
541,2,6,2,7,1,0.0,1.0,0.0,lc_lc_graph_0541,3.6387531757354736,40.6485481262207,295.3177185058594,519485.6875,50
542,2,6,2,7,2,0.0,0.0,1.0,lc_lc_graph_0542,3.254272699356079,38.001468658447266,335.3741760253906,530826.125,50
543,2,6,2,7,0,1.0,0.0,0.0,lc_lc_graph_0543,3.982832431793213,42.16850280761719,387.8973388671875,468870.9375,50
544,2,6,2,7,1,0.0,1.0,0.0,lc_lc_graph_0544,3.7769737243652344,34.46471405029297,292.9290466308594,507508.5,50
545,2,6,2,7,2,0.0,0.0,1.0,lc_lc_graph_0545,3.2273788452148438,41.91096115112305,344.98590087890625,535630.375,50
546,2,6,2,7,0,1.0,0.0,0.0,lc_lc_graph_0546,3.9794650077819824,43.998172760009766,396.07958984375,479047.0625,50
547,2,6,2,7,1,0.0,1.0,0.0,lc_lc_graph_0547,4.446873664855957,36.60666275024414,343.0289611816406,573112.375,50
548,2,6,2,7,2,0.0,0.0,1.0,lc_lc_graph_0548,3.146845579147339,51.494422912597656,366.4490966796875,489226.34375,50
549,2,6,2,7,0,1.0,0.0,0.0,lc_lc_graph_0549,4.860287666320801,35.248023986816406,353.087158203125,606433.25,50
550,2,6,2,7,1,0.0,1.0,0.0,lc_lc_graph_0550,3.6289830207824707,57.25946044921875,413.7747497558594,484849.0,50
551,2,6,2,7,2,0.0,0.0,1.0,lc_lc_graph_0551,3.0579750537872314,35.35126495361328,217.66282653808594,480226.21875,50
552,2,6,2,7,0,1.0,0.0,0.0,lc_lc_graph_0552,4.349937438964844,34.80524826049805,381.4476623535156,524696.25,50
553,2,6,2,7,1,0.0,1.0,0.0,lc_lc_graph_0553,4.10772180557251,44.93567657470703,424.3096618652344,523126.75,50
554,2,6,2,7,2,0.0,0.0,1.0,lc_lc_graph_0554,3.2979140281677246,35.94927978515625,349.0260009765625,530641.5625,50
555,2,6,2,7,0,1.0,0.0,0.0,lc_lc_graph_0555,4.380213260650635,35.789398193359375,355.2580871582031,535514.8125,50
556,2,6,2,7,1,0.0,1.0,0.0,lc_lc_graph_0556,3.4117636680603027,45.084136962890625,383.8182373046875,472425.34375,50
557,2,6,2,7,2,0.0,0.0,1.0,lc_lc_graph_0557,3.0329504013061523,46.56471252441406,479.74835205078125,469614.4375,50
558,2,6,2,7,0,1.0,0.0,0.0,lc_lc_graph_0558,4.120256423950195,36.18019485473633,258.6824951171875,466466.90625,50
559,2,6,2,7,1,0.0,1.0,0.0,lc_lc_graph_0559,3.4131314754486084,61.15351486206055,385.42755126953125,479925.3125,50
560,2,6,2,7,2,0.0,0.0,1.0,lc_lc_graph_0560,3.2443795204162598,37.919654846191406,366.2071228027344,547459.625,50
561,2,6,2,7,0,1.0,0.0,0.0,lc_lc_graph_0561,4.670004844665527,39.526695251464844,297.1321716308594,594569.125,50
562,2,6,2,7,1,0.0,1.0,0.0,lc_lc_graph_0562,4.259585380554199,40.40943908691406,352.5128479003906,509251.4375,50
563,2,6,2,7,2,0.0,0.0,1.0,lc_lc_graph_0563,3.0844151973724365,51.10141372680664,366.6786193847656,495494.625,50
564,2,6,2,7,0,1.0,0.0,0.0,lc_lc_graph_0564,3.969590187072754,43.673484802246094,375.2383728027344,473996.75,50
565,2,6,2,7,1,0.0,1.0,0.0,lc_lc_graph_0565,3.735407829284668,41.199153900146484,325.4963684082031,505277.3125,50
566,2,6,2,7,2,0.0,0.0,1.0,lc_lc_graph_0566,3.541818618774414,34.88962936401367,340.28790283203125,599989.875,50
567,2,6,2,7,0,1.0,0.0,0.0,lc_lc_graph_0567,4.3790740966796875,40.99848937988281,377.2487487792969,484833.40625,50
568,2,6,2,7,1,0.0,1.0,0.0,lc_lc_graph_0568,3.9098381996154785,47.72894287109375,416.1480712890625,479283.0625,50
569,2,6,2,7,2,0.0,0.0,1.0,lc_lc_graph_0569,3.0140323638916016,38.36072540283203,467.5242614746094,494736.5625,50
570,2,6,2,7,0,1.0,0.0,0.0,lc_lc_graph_0570,4.188778877258301,37.601627349853516,379.5626525878906,514401.59375,50
571,2,6,2,7,1,0.0,1.0,0.0,lc_lc_graph_0571,4.088430404663086,50.81996154785156,447.5745544433594,519274.90625,50
572,2,6,2,7,2,0.0,0.0,1.0,lc_lc_graph_0572,3.4255211353302,36.561973571777344,397.5755310058594,572698.75,50
573,2,6,2,7,0,1.0,0.0,0.0,lc_lc_graph_0573,4.015190601348877,44.39484786987305,386.74176025390625,483750.25,50
574,2,6,2,7,1,0.0,1.0,0.0,lc_lc_graph_0574,4.0250630378723145,46.834007263183594,367.5911560058594,484558.1875,50
575,2,6,2,7,2,0.0,0.0,1.0,lc_lc_graph_0575,3.029416561126709,57.500640869140625,374.489013671875,468762.125,50
576,2,6,2,7,0,1.0,0.0,0.0,lc_lc_graph_0576,4.10150671005249,31.624156951904297,218.2669677734375,484443.5,50
577,2,6,2,7,1,0.0,1.0,0.0,lc_lc_graph_0577,3.5150563716888428,36.541656494140625,216.02439880371094,495092.375,50
578,2,6,2,7,2,0.0,0.0,1.0,lc_lc_graph_0578,3.3309860229492188,40.273643493652344,360.2256774902344,530842.625,50
579,2,6,2,7,0,1.0,0.0,0.0,lc_lc_graph_0579,4.281081199645996,37.91093444824219,341.4856262207031,523258.4375,50
580,2,6,2,7,1,0.0,1.0,0.0,lc_lc_graph_0580,3.4034039974212646,48.435752868652344,302.2209777832031,522659.5,50
581,2,6,2,7,2,0.0,0.0,1.0,lc_lc_graph_0581,3.0911011695861816,41.16975402832031,231.115966796875,471422.625,50
582,2,6,2,7,0,1.0,0.0,0.0,lc_lc_graph_0582,4.005855560302734,50.00694274902344,432.5732116699219,477903.1875,50
583,2,6,2,7,1,0.0,1.0,0.0,lc_lc_graph_0583,3.5859575271606445,32.184356689453125,186.09776306152344,484889.28125,50
584,2,6,2,7,2,0.0,0.0,1.0,lc_lc_graph_0584,3.2323880195617676,45.4992790222168,478.0986633300781,498284.5,50
585,2,6,2,7,0,1.0,0.0,0.0,lc_lc_graph_0585,4.0220046043396,52.530982971191406,386.4110107421875,467321.25,50
586,2,6,2,7,1,0.0,1.0,0.0,lc_lc_graph_0586,3.955442190170288,47.81593322753906,457.4579162597656,459934.4375,50
587,2,6,2,7,2,0.0,0.0,1.0,lc_lc_graph_0587,3.2817435264587402,33.59611511230469,346.65484619140625,563389.625,50
588,2,6,2,7,0,1.0,0.0,0.0,lc_lc_graph_0588,4.15676212310791,46.668399810791016,392.9991455078125,494350.1875,50
589,2,6,2,7,1,0.0,1.0,0.0,lc_lc_graph_0589,3.5682454109191895,36.03907775878906,207.17697143554688,489098.28125,50
590,2,6,2,7,2,0.0,0.0,1.0,lc_lc_graph_0590,3.2615573406219482,38.667633056640625,360.46343994140625,555896.6875,50
591,2,6,2,7,0,1.0,0.0,0.0,lc_lc_graph_0591,4.048480987548828,30.496397018432617,218.32614135742188,471998.34375,50
592,2,6,2,7,1,0.0,1.0,0.0,lc_lc_graph_0592,3.7500829696655273,50.150997161865234,337.7634582519531,481980.5625,50
593,2,6,2,7,2,0.0,0.0,1.0,lc_lc_graph_0593,2.9991207122802734,52.21804428100586,422.8945007324219,478882.5625,50
594,2,6,2,7,0,1.0,0.0,0.0,lc_lc_graph_0594,4.175107955932617,44.03676223754883,367.4466247558594,492690.6875,50
595,2,6,2,7,1,0.0,1.0,0.0,lc_lc_graph_0595,3.9083406925201416,39.903255462646484,374.34930419921875,501252.25,50
596,2,6,2,7,2,0.0,0.0,1.0,lc_lc_graph_0596,3.1225569248199463,41.47860336303711,376.1312561035156,483692.875,50
597,2,6,2,7,0,1.0,0.0,0.0,lc_lc_graph_0597,3.9878334999084473,45.467308044433594,401.88433837890625,466738.96875,50
598,2,6,2,7,1,0.0,1.0,0.0,lc_lc_graph_0598,3.6291611194610596,36.175506591796875,197.27684020996094,474902.9375,50
599,2,6,2,7,2,0.0,0.0,1.0,lc_lc_graph_0599,2.9817137718200684,42.667518615722656,385.7801818847656,492835.625,50
600,2,6,2,7,0,1.0,0.0,0.0,lc_lc_graph_0600,4.155052185058594,46.370758056640625,383.14410400390625,480754.5625,50
601,2,6,2,7,1,0.0,1.0,0.0,lc_lc_graph_0601,3.9985976219177246,41.440452575683594,357.0621032714844,495149.75,50
602,2,6,2,7,2,0.0,0.0,1.0,lc_lc_graph_0602,3.2568464279174805,33.14848327636719,345.03155517578125,522358.4375,50
603,2,6,2,7,0,1.0,0.0,0.0,lc_lc_graph_0603,4.230050086975098,42.791786193847656,379.4782409667969,509777.625,50
604,2,6,2,7,1,0.0,1.0,0.0,lc_lc_graph_0604,4.160619258880615,39.60954284667969,386.68701171875,554260.5,50
605,2,6,2,7,2,0.0,0.0,1.0,lc_lc_graph_0605,3.5051755905151367,32.925716400146484,306.0971984863281,596682.125,50
606,2,6,2,7,0,1.0,0.0,0.0,lc_lc_graph_0606,4.325501441955566,46.596309661865234,324.5102844238281,510955.625,50
607,2,6,2,7,1,0.0,1.0,0.0,lc_lc_graph_0607,3.63401198387146,44.418609619140625,329.9128112792969,480746.75,50
608,2,6,2,7,2,0.0,0.0,1.0,lc_lc_graph_0608,3.0046160221099854,48.584022521972656,362.0371398925781,487356.125,50
609,2,6,2,7,0,1.0,0.0,0.0,lc_lc_graph_0609,4.285719394683838,38.867496490478516,366.37884521484375,496054.5625,50
610,2,6,2,7,1,0.0,1.0,0.0,lc_lc_graph_0610,3.6663498878479004,41.47703170776367,390.2646789550781,514416.5,50
611,2,6,2,7,2,0.0,0.0,1.0,lc_lc_graph_0611,3.0529022216796875,34.17176055908203,227.68309020996094,493253.96875,50
612,2,6,2,7,0,1.0,0.0,0.0,lc_lc_graph_0612,4.163900852203369,38.458492279052734,355.3794250488281,495626.90625,50
613,2,6,2,7,1,0.0,1.0,0.0,lc_lc_graph_0613,3.3166756629943848,46.46586227416992,306.7815246582031,476786.3125,50
614,2,6,2,7,2,0.0,0.0,1.0,lc_lc_graph_0614,2.961866617202759,35.10367965698242,335.00970458984375,473943.40625,50
615,2,6,2,7,0,1.0,0.0,0.0,lc_lc_graph_0615,4.064202308654785,53.23082733154297,413.7658386230469,486846.875,50
616,2,6,2,7,1,0.0,1.0,0.0,lc_lc_graph_0616,3.7450523376464844,46.44205856323242,353.5899963378906,529964.0,50
617,2,6,2,7,2,0.0,0.0,1.0,lc_lc_graph_0617,3.1855523586273193,38.01630401611328,454.49981689453125,509706.4375,50
618,2,6,2,7,0,1.0,0.0,0.0,lc_lc_graph_0618,4.723664283752441,39.4871711730957,369.5754699707031,573377.875,50
619,2,6,2,7,1,0.0,1.0,0.0,lc_lc_graph_0619,3.815906524658203,46.9974479675293,297.0854187011719,574868.0,50
620,2,6,2,7,2,0.0,0.0,1.0,lc_lc_graph_0620,3.2251946926116943,33.609710693359375,379.811279296875,507658.59375,50
621,2,6,2,7,0,1.0,0.0,0.0,lc_lc_graph_0621,4.097888946533203,41.330543518066406,354.9408264160156,468894.5,50
622,2,6,2,7,1,0.0,1.0,0.0,lc_lc_graph_0622,3.6389498710632324,48.592411041259766,383.2442932128906,486570.25,50
623,2,6,2,7,2,0.0,0.0,1.0,lc_lc_graph_0623,3.2865235805511475,46.811397552490234,345.6031494140625,553930.6875,50
624,2,6,2,7,0,1.0,0.0,0.0,lc_lc_graph_0624,4.061948299407959,49.53078842163086,411.3802185058594,488555.875,50
625,2,6,2,7,1,0.0,1.0,0.0,lc_lc_graph_0625,3.8264963626861572,47.479164123535156,347.49481201171875,530442.0,50
626,2,6,2,7,2,0.0,0.0,1.0,lc_lc_graph_0626,3.066720724105835,36.679710388183594,235.788330078125,468165.15625,50
627,2,6,2,7,0,1.0,0.0,0.0,lc_lc_graph_0627,4.1386027336120605,42.37136459350586,370.9730529785156,459389.5,50
628,2,6,2,7,1,0.0,1.0,0.0,lc_lc_graph_0628,3.9818673133850098,61.26194763183594,446.93145751953125,518151.46875,50
629,2,6,2,7,2,0.0,0.0,1.0,lc_lc_graph_0629,3.3465819358825684,44.09507369995117,425.1337585449219,543327.375,50
630,2,6,2,7,0,1.0,0.0,0.0,lc_lc_graph_0630,4.140796661376953,33.37468338012695,240.80978393554688,488694.4375,50
631,2,6,2,7,1,0.0,1.0,0.0,lc_lc_graph_0631,4.383281707763672,38.2807731628418,320.6658630371094,647243.3125,50
632,2,6,2,7,2,0.0,0.0,1.0,lc_lc_graph_0632,3.0242090225219727,34.199302673339844,211.44711303710938,487731.1875,50
633,2,6,2,7,0,1.0,0.0,0.0,lc_lc_graph_0633,4.114833354949951,44.93303680419922,375.2110900878906,465493.0,50
634,2,6,2,7,1,0.0,1.0,0.0,lc_lc_graph_0634,3.711050510406494,47.56377029418945,302.41070556640625,572346.625,50
635,2,6,2,7,2,0.0,0.0,1.0,lc_lc_graph_0635,3.1655983924865723,38.98348617553711,331.2355041503906,512141.3125,50
636,2,6,2,7,0,1.0,0.0,0.0,lc_lc_graph_0636,4.153499603271484,48.757530212402344,426.2422790527344,482753.8125,50
637,2,6,2,7,1,0.0,1.0,0.0,lc_lc_graph_0637,4.069530963897705,63.57678985595703,469.7324523925781,512796.5625,50
638,2,6,2,7,2,0.0,0.0,1.0,lc_lc_graph_0638,3.534773826599121,31.52047348022461,336.73760986328125,589970.375,50
639,2,6,2,7,0,1.0,0.0,0.0,lc_lc_graph_0639,4.363206386566162,41.91893768310547,340.0198059082031,533449.125,50
640,2,6,2,7,1,0.0,1.0,0.0,lc_lc_graph_0640,4.021880626678467,32.75385665893555,295.9543762207031,553606.0625,50
641,2,6,2,7,2,0.0,0.0,1.0,lc_lc_graph_0641,3.4600276947021484,36.09367370605469,355.3476867675781,537893.25,50
642,2,6,2,7,0,1.0,0.0,0.0,lc_lc_graph_0642,4.336461067199707,39.21828079223633,347.0474853515625,554565.4375,50
643,2,6,2,7,1,0.0,1.0,0.0,lc_lc_graph_0643,4.1013617515563965,43.105255126953125,404.9255065917969,504908.9375,50
644,2,6,2,7,2,0.0,0.0,1.0,lc_lc_graph_0644,3.2151706218719482,40.10755157470703,225.6640167236328,535887.5,50
645,2,6,2,7,0,1.0,0.0,0.0,lc_lc_graph_0645,4.011820316314697,49.80126953125,401.2264404296875,471131.625,50
646,2,6,2,7,1,0.0,1.0,0.0,lc_lc_graph_0646,4.090370178222656,38.062835693359375,380.4051513671875,523776.28125,50
647,2,6,2,7,2,0.0,0.0,1.0,lc_lc_graph_0647,3.005174398422241,50.29325866699219,373.84234619140625,472277.3125,50
648,2,6,2,7,0,1.0,0.0,0.0,lc_lc_graph_0648,4.71656608581543,32.910064697265625,357.0052185058594,598241.75,50
649,2,6,2,7,1,0.0,1.0,0.0,lc_lc_graph_0649,3.704313278198242,51.2593994140625,376.22320556640625,473543.8125,50
650,2,6,2,7,2,0.0,0.0,1.0,lc_lc_graph_0650,2.970170259475708,48.664615631103516,385.5312194824219,474339.40625,50
651,2,6,2,7,0,1.0,0.0,0.0,lc_lc_graph_0651,4.483920574188232,33.318016052246094,369.5196838378906,574426.375,50
652,2,6,2,7,1,0.0,1.0,0.0,lc_lc_graph_0652,3.5515401363372803,47.476844787597656,403.92144775390625,476634.9375,50
653,2,6,2,7,2,0.0,0.0,1.0,lc_lc_graph_0653,3.200536012649536,40.53969192504883,412.8278503417969,518620.25,50
654,2,6,2,7,0,1.0,0.0,0.0,lc_lc_graph_0654,4.479952812194824,38.23744201660156,314.3650207519531,543831.0625,50
655,2,6,2,7,1,0.0,1.0,0.0,lc_lc_graph_0655,3.96197509765625,48.35457992553711,450.26715087890625,508902.9375,50
656,2,6,2,7,2,0.0,0.0,1.0,lc_lc_graph_0656,2.948866128921509,45.28034591674805,408.6730651855469,461087.71875,50
657,2,6,2,7,0,1.0,0.0,0.0,lc_lc_graph_0657,3.927427291870117,43.43609619140625,381.7500305175781,463212.59375,50
658,2,6,2,7,1,0.0,1.0,0.0,lc_lc_graph_0658,3.734635353088379,41.12846374511719,272.4062805175781,555626.625,50
659,2,6,2,7,2,0.0,0.0,1.0,lc_lc_graph_0659,3.1005208492279053,40.645050048828125,382.0820617675781,486391.09375,50
660,2,6,2,7,0,1.0,0.0,0.0,lc_lc_graph_0660,4.607274055480957,28.977094650268555,351.12969970703125,583981.4375,50
661,2,6,2,7,1,0.0,1.0,0.0,lc_lc_graph_0661,3.5163888931274414,36.157135009765625,194.5714874267578,476340.78125,50
662,2,6,2,7,2,0.0,0.0,1.0,lc_lc_graph_0662,3.2217183113098145,35.56916809082031,308.24615478515625,499354.25,50
663,2,6,2,7,0,1.0,0.0,0.0,lc_lc_graph_0663,4.329752445220947,49.43967819213867,459.0830993652344,510148.84375,50
664,2,6,2,7,1,0.0,1.0,0.0,lc_lc_graph_0664,3.8383545875549316,46.89548873901367,415.41436767578125,484021.9375,50
665,2,6,2,7,2,0.0,0.0,1.0,lc_lc_graph_0665,2.96101713180542,48.50675964355469,382.634521484375,478825.75,50
666,2,6,2,7,0,1.0,0.0,0.0,lc_lc_graph_0666,4.241519927978516,41.79767608642578,403.0669860839844,516394.65625,50
667,2,6,2,7,1,0.0,1.0,0.0,lc_lc_graph_0667,3.4559249877929688,31.09449577331543,185.53379821777344,480479.5,50
668,2,6,2,7,2,0.0,0.0,1.0,lc_lc_graph_0668,3.223410129547119,37.819854736328125,374.21368408203125,522717.59375,50
669,2,6,2,7,0,1.0,0.0,0.0,lc_lc_graph_0669,4.231151580810547,37.50424575805664,370.005859375,501061.0625,50
670,2,6,2,7,1,0.0,1.0,0.0,lc_lc_graph_0670,3.5608937740325928,32.528892517089844,200.93582153320312,474389.96875,50
671,2,6,2,7,2,0.0,0.0,1.0,lc_lc_graph_0671,3.180466651916504,40.58925247192383,491.2816162109375,486285.09375,50
672,2,6,2,7,0,1.0,0.0,0.0,lc_lc_graph_0672,4.1404314041137695,32.82880401611328,229.3695831298828,468278.15625,50
673,2,6,2,7,1,0.0,1.0,0.0,lc_lc_graph_0673,3.572661876678467,51.75532150268555,387.5910339355469,473155.03125,50
674,2,6,2,7,2,0.0,0.0,1.0,lc_lc_graph_0674,2.9683451652526855,25.969045639038086,203.31105041503906,473429.5,50
675,2,6,2,7,0,1.0,0.0,0.0,lc_lc_graph_0675,4.287956237792969,29.361562728881836,212.08477783203125,505546.0,50
676,2,6,2,7,1,0.0,1.0,0.0,lc_lc_graph_0676,3.999263286590576,47.4629020690918,469.09625244140625,467844.75,50
677,2,6,2,7,2,0.0,0.0,1.0,lc_lc_graph_0677,3.039411783218384,42.481937408447266,432.1133728027344,471605.4375,50
678,2,6,2,7,0,1.0,0.0,0.0,lc_lc_graph_0678,4.006482124328613,35.48500061035156,340.71966552734375,484731.6875,50
679,2,6,2,7,1,0.0,1.0,0.0,lc_lc_graph_0679,3.532348155975342,48.04917907714844,404.6370544433594,459705.3125,50
680,2,6,2,7,2,0.0,0.0,1.0,lc_lc_graph_0680,3.1267874240875244,47.41688537597656,342.9560852050781,476381.21875,50
681,2,6,2,7,0,1.0,0.0,0.0,lc_lc_graph_0681,4.3911614418029785,35.05672836303711,379.3241882324219,532882.0625,50
682,2,6,2,7,1,0.0,1.0,0.0,lc_lc_graph_0682,3.514312982559204,51.34410858154297,407.3572082519531,483079.96875,50
683,2,6,2,7,2,0.0,0.0,1.0,lc_lc_graph_0683,3.3262319564819336,39.44894027709961,497.75518798828125,548417.25,50
684,2,6,2,7,0,1.0,0.0,0.0,lc_lc_graph_0684,4.2236175537109375,40.09792709350586,474.104248046875,495350.40625,50
685,2,6,2,7,1,0.0,1.0,0.0,lc_lc_graph_0685,3.9606242179870605,48.516483306884766,424.9178466796875,488522.21875,50
686,2,6,2,7,2,0.0,0.0,1.0,lc_lc_graph_0686,3.061563730239868,45.639366149902344,347.0000915527344,477911.96875,50
687,2,6,2,7,0,1.0,0.0,0.0,lc_lc_graph_0687,3.957000255584717,52.05523681640625,404.2793884277344,459968.875,50
688,2,6,2,7,1,0.0,1.0,0.0,lc_lc_graph_0688,3.6363589763641357,48.805728912353516,381.93096923828125,485187.9375,50
689,2,6,2,7,2,0.0,0.0,1.0,lc_lc_graph_0689,3.203888177871704,40.24714660644531,401.4573059082031,516098.03125,50
690,2,6,2,7,0,1.0,0.0,0.0,lc_lc_graph_0690,4.21175479888916,43.24990463256836,430.01373291015625,506134.6875,50
691,2,6,2,7,1,0.0,1.0,0.0,lc_lc_graph_0691,4.180058479309082,39.68617630004883,365.24664306640625,494072.21875,50
692,2,6,2,7,2,0.0,0.0,1.0,lc_lc_graph_0692,3.3639907836914062,35.77260971069336,362.7074279785156,529827.875,50
693,2,6,2,7,0,1.0,0.0,0.0,lc_lc_graph_0693,4.00144624710083,55.079105377197266,367.8491516113281,481889.75,50
694,2,6,2,7,1,0.0,1.0,0.0,lc_lc_graph_0694,3.9583511352539062,46.8835334777832,362.4905700683594,494268.8125,50
695,2,6,2,7,2,0.0,0.0,1.0,lc_lc_graph_0695,2.964046001434326,48.71155548095703,407.9819030761719,483216.375,50
696,2,6,2,7,0,1.0,0.0,0.0,lc_lc_graph_0696,4.142853260040283,49.30377197265625,411.04339599609375,513866.1875,50
697,2,6,2,7,1,0.0,1.0,0.0,lc_lc_graph_0697,3.8294615745544434,37.94455337524414,299.13262939453125,510587.1875,50
698,2,6,2,7,2,0.0,0.0,1.0,lc_lc_graph_0698,3.1881589889526367,42.09309768676758,479.7544860839844,513406.5625,50
699,2,6,2,7,0,1.0,0.0,0.0,lc_lc_graph_0699,4.08558988571167,32.310646057128906,211.61305236816406,466101.21875,50
700,2,6,2,7,1,0.0,1.0,0.0,lc_lc_graph_0700,3.5289597511291504,51.16919708251953,395.8687438964844,460684.03125,50
701,2,6,2,7,2,0.0,0.0,1.0,lc_lc_graph_0701,3.0009703636169434,28.819194793701172,197.4854278564453,471554.375,50
702,2,6,2,7,0,1.0,0.0,0.0,lc_lc_graph_0702,4.005712985992432,51.13417053222656,397.8411560058594,461107.0625,50
703,2,6,2,7,1,0.0,1.0,0.0,lc_lc_graph_0703,4.093236923217773,54.51995849609375,405.57958984375,520561.0,50
704,2,6,2,7,2,0.0,0.0,1.0,lc_lc_graph_0704,3.0079715251922607,46.11159133911133,380.8467102050781,470633.96875,50
705,2,6,2,7,0,1.0,0.0,0.0,lc_lc_graph_0705,4.08637809753418,31.60659408569336,202.12066650390625,473232.375,50
706,2,6,2,7,1,0.0,1.0,0.0,lc_lc_graph_0706,3.732415199279785,38.44065475463867,271.2282409667969,532683.1875,50
707,2,6,2,7,2,0.0,0.0,1.0,lc_lc_graph_0707,3.0860981941223145,42.93040084838867,232.91383361816406,450506.4375,50
708,2,6,2,7,0,1.0,0.0,0.0,lc_lc_graph_0708,4.048783302307129,31.951927185058594,250.55068969726562,490242.9375,50
709,2,6,2,7,1,0.0,1.0,0.0,lc_lc_graph_0709,3.9009785652160645,40.91996383666992,309.9690246582031,542235.375,50
710,2,6,2,7,2,0.0,0.0,1.0,lc_lc_graph_0710,3.000314950942993,29.334638595581055,202.59609985351562,485240.125,50
711,2,6,2,7,0,1.0,0.0,0.0,lc_lc_graph_0711,4.037787437438965,28.641931533813477,246.27316284179688,468935.125,50
712,2,6,2,7,1,0.0,1.0,0.0,lc_lc_graph_0712,3.577214479446411,52.13677978515625,385.9859924316406,465163.78125,50
713,2,6,2,7,2,0.0,0.0,1.0,lc_lc_graph_0713,3.0630078315734863,43.41891860961914,447.81097412109375,460485.9375,50
714,2,6,2,7,0,1.0,0.0,0.0,lc_lc_graph_0714,4.043104648590088,58.445152282714844,403.18328857421875,475229.375,50
715,2,6,2,7,1,0.0,1.0,0.0,lc_lc_graph_0715,3.5839715003967285,32.04018020629883,210.21749877929688,468985.34375,50
716,2,6,2,7,2,0.0,0.0,1.0,lc_lc_graph_0716,3.014403820037842,29.739154815673828,230.82962036132812,488661.375,50
717,2,6,2,7,0,1.0,0.0,0.0,lc_lc_graph_0717,4.2517924308776855,37.070037841796875,366.8058166503906,507995.8125,50
718,2,6,2,7,1,0.0,1.0,0.0,lc_lc_graph_0718,3.4636964797973633,29.094829559326172,171.14785766601562,482128.1875,50
719,2,6,2,7,2,0.0,0.0,1.0,lc_lc_graph_0719,2.9987547397613525,50.96797561645508,422.96923828125,471793.8125,50
720,2,6,2,7,0,1.0,0.0,0.0,lc_lc_graph_0720,4.3836212158203125,59.1699104309082,468.5822448730469,504546.4375,50
721,2,6,2,7,1,0.0,1.0,0.0,lc_lc_graph_0721,3.6295042037963867,41.607948303222656,274.17724609375,499403.0625,50
722,2,6,2,7,2,0.0,0.0,1.0,lc_lc_graph_0722,3.170708656311035,42.94767761230469,361.4783935546875,488816.15625,50
723,2,6,2,7,0,1.0,0.0,0.0,lc_lc_graph_0723,4.284854888916016,36.78961944580078,322.7281494140625,541038.25,50
724,2,6,2,7,1,0.0,1.0,0.0,lc_lc_graph_0724,3.843596935272217,43.64866638183594,313.0166320800781,541107.0625,50
725,2,6,2,7,2,0.0,0.0,1.0,lc_lc_graph_0725,3.087433338165283,39.021453857421875,233.66598510742188,474776.4375,50
726,2,6,2,7,0,1.0,0.0,0.0,lc_lc_graph_0726,4.24769401550293,27.043651580810547,220.96142578125,515276.28125,50
727,2,6,2,7,1,0.0,1.0,0.0,lc_lc_graph_0727,3.622041940689087,41.35257339477539,320.49578857421875,495557.625,50
728,2,6,2,7,2,0.0,0.0,1.0,lc_lc_graph_0728,3.4734320640563965,37.061153411865234,470.9576416015625,591225.375,50
729,2,6,2,7,0,1.0,0.0,0.0,lc_lc_graph_0729,4.189148426055908,34.46983337402344,314.7942199707031,513998.6875,50
730,2,6,2,7,1,0.0,1.0,0.0,lc_lc_graph_0730,4.0970258712768555,37.59395217895508,353.4390869140625,552964.0,50
731,2,6,2,7,2,0.0,0.0,1.0,lc_lc_graph_0731,3.165989637374878,36.50880813598633,336.1662292480469,493500.875,50
732,2,6,2,7,0,1.0,0.0,0.0,lc_lc_graph_0732,4.237259387969971,39.565406799316406,428.8703308105469,505964.34375,50
733,2,6,2,7,1,0.0,1.0,0.0,lc_lc_graph_0733,3.9818379878997803,39.96663284301758,345.234130859375,498928.8125,50
734,2,6,2,7,2,0.0,0.0,1.0,lc_lc_graph_0734,2.988476037979126,46.73505783081055,379.8097839355469,467138.875,50
735,2,6,2,7,0,1.0,0.0,0.0,lc_lc_graph_0735,4.031370162963867,51.31123352050781,379.6105041503906,480946.5625,50
736,2,6,2,7,1,0.0,1.0,0.0,lc_lc_graph_0736,3.631617546081543,62.948486328125,408.47320556640625,496520.3125,50
737,2,6,2,7,2,0.0,0.0,1.0,lc_lc_graph_0737,2.9930057525634766,46.49203109741211,420.5732727050781,470349.8125,50
738,2,6,2,7,0,1.0,0.0,0.0,lc_lc_graph_0738,4.014179229736328,47.85590744018555,387.67047119140625,462299.46875,50
739,2,6,2,7,1,0.0,1.0,0.0,lc_lc_graph_0739,3.9018430709838867,44.608009338378906,306.1620178222656,528810.5,50
740,2,6,2,7,2,0.0,0.0,1.0,lc_lc_graph_0740,2.9696731567382812,47.65534591674805,402.44488525390625,473659.375,50
741,2,6,2,7,0,1.0,0.0,0.0,lc_lc_graph_0741,4.06256628036499,43.06830978393555,350.136474609375,459505.53125,50
742,2,6,2,7,1,0.0,1.0,0.0,lc_lc_graph_0742,3.9834237098693848,59.08428955078125,424.6142272949219,475439.8125,50
743,2,6,2,7,2,0.0,0.0,1.0,lc_lc_graph_0743,3.0233371257781982,40.55488586425781,482.9042053222656,483166.625,50
744,2,6,2,7,0,1.0,0.0,0.0,lc_lc_graph_0744,3.9663772583007812,44.45296859741211,378.80780029296875,484179.625,50
745,2,6,2,7,1,0.0,1.0,0.0,lc_lc_graph_0745,3.3511509895324707,52.01756286621094,391.3028869628906,488967.5625,50
746,2,6,2,7,2,0.0,0.0,1.0,lc_lc_graph_0746,2.9852795600891113,43.205291748046875,375.0901794433594,464812.71875,50
747,2,6,2,7,0,1.0,0.0,0.0,lc_lc_graph_0747,4.262842655181885,41.57935333251953,360.4478759765625,514209.375,50
748,2,6,2,7,1,0.0,1.0,0.0,lc_lc_graph_0748,3.704542875289917,38.42959213256836,288.8340759277344,497321.5625,50
749,2,6,2,7,2,0.0,0.0,1.0,lc_lc_graph_0749,3.0463356971740723,33.08995056152344,219.2093048095703,477470.0,50
750,3,8,2,8,0,1.0,0.0,0.0,lc_lc_graph_0750,1.4831430912017822,40.20840072631836,594.2022705078125,78273.2109375,50
751,3,8,2,8,1,0.0,1.0,0.0,lc_lc_graph_0751,2.4815616607666016,36.52813720703125,339.1260070800781,262297.15625,50
752,3,8,2,8,2,0.0,0.0,1.0,lc_lc_graph_0752,1.1464293003082275,54.13194274902344,581.0386962890625,76380.453125,50
753,3,8,2,8,0,1.0,0.0,0.0,lc_lc_graph_0753,1.547669529914856,49.1169319152832,643.2229614257812,81428.7734375,50
754,3,8,2,8,1,0.0,1.0,0.0,lc_lc_graph_0754,1.8563569784164429,55.40235137939453,528.0668334960938,135122.09375,50
755,3,8,2,8,2,0.0,0.0,1.0,lc_lc_graph_0755,1.4412579536437988,47.603172302246094,470.50640869140625,120830.65625,50
756,3,8,2,8,0,1.0,0.0,0.0,lc_lc_graph_0756,1.7381823062896729,31.4056396484375,316.91168212890625,79043.59375,50
757,3,8,2,8,1,0.0,1.0,0.0,lc_lc_graph_0757,2.3399250507354736,59.3931770324707,389.577880859375,270504.8125,50
758,3,8,2,8,2,0.0,0.0,1.0,lc_lc_graph_0758,2.007970094680786,39.34636688232422,495.9023132324219,277923.53125,50
759,3,8,2,8,0,1.0,0.0,0.0,lc_lc_graph_0759,2.3157474994659424,29.657442092895508,545.5744018554688,196901.15625,50
760,3,8,2,8,1,0.0,1.0,0.0,lc_lc_graph_0760,1.6353356838226318,34.086463928222656,285.7630920410156,39750.2109375,50
761,3,8,2,8,2,0.0,0.0,1.0,lc_lc_graph_0761,1.3494250774383545,36.55538558959961,487.5166320800781,122874.3828125,50
762,3,8,2,8,0,1.0,0.0,0.0,lc_lc_graph_0762,1.8891997337341309,38.86799240112305,497.4375305175781,123119.5390625,50
763,3,8,2,8,1,0.0,1.0,0.0,lc_lc_graph_0763,1.6081910133361816,46.61240768432617,309.9634704589844,42402.99609375,50
764,3,8,2,8,2,0.0,0.0,1.0,lc_lc_graph_0764,0.27689817547798157,30.800495147705078,353.65289306640625,0.0,50
765,3,8,2,8,0,1.0,0.0,0.0,lc_lc_graph_0765,1.4929428100585938,54.810890197753906,679.7052612304688,82615.2421875,50
766,3,8,2,8,1,0.0,1.0,0.0,lc_lc_graph_0766,1.809011697769165,52.61561584472656,315.8850402832031,77699.8125,50
767,3,8,2,8,2,0.0,0.0,1.0,lc_lc_graph_0767,1.558978796005249,47.83918762207031,633.745849609375,177331.703125,50
768,3,8,2,8,0,1.0,0.0,0.0,lc_lc_graph_0768,1.4226269721984863,30.976051330566406,345.1596984863281,40375.296875,50
769,3,8,2,8,1,0.0,1.0,0.0,lc_lc_graph_0769,2.049689531326294,45.00550842285156,409.5192565917969,165479.296875,50
770,3,8,2,8,2,0.0,0.0,1.0,lc_lc_graph_0770,0.938107430934906,28.96329116821289,323.8888854980469,42395.9140625,50
771,3,8,2,8,0,1.0,0.0,0.0,lc_lc_graph_0771,1.2932219505310059,47.039546966552734,609.8458862304688,42064.1484375,50
772,3,8,2,8,1,0.0,1.0,0.0,lc_lc_graph_0772,1.794647455215454,66.37374114990234,510.5488586425781,119812.3515625,50
773,3,8,2,8,2,0.0,0.0,1.0,lc_lc_graph_0773,1.9881731271743774,38.099639892578125,525.7833862304688,230907.375,50
774,3,8,2,8,0,1.0,0.0,0.0,lc_lc_graph_0774,2.345647096633911,42.77793502807617,691.2936401367188,200995.84375,50
775,3,8,2,8,1,0.0,1.0,0.0,lc_lc_graph_0775,2.520296096801758,47.29908752441406,533.0455932617188,203275.765625,50
776,3,8,2,8,2,0.0,0.0,1.0,lc_lc_graph_0776,2.1561524868011475,39.58909606933594,461.55615234375,325929.875,50
777,3,8,2,8,0,1.0,0.0,0.0,lc_lc_graph_0777,1.7350573539733887,53.09895324707031,615.294677734375,76675.0390625,50
778,3,8,2,8,1,0.0,1.0,0.0,lc_lc_graph_0778,1.808717966079712,35.08933639526367,311.00189208984375,75810.09375,50
779,3,8,2,8,2,0.0,0.0,1.0,lc_lc_graph_0779,1.123258352279663,52.08863830566406,605.1792602539062,81687.6875,50
780,3,8,2,8,0,1.0,0.0,0.0,lc_lc_graph_0780,1.9757317304611206,44.38574981689453,586.6951904296875,153592.890625,50
781,3,8,2,8,1,0.0,1.0,0.0,lc_lc_graph_0781,2.19106388092041,52.43825149536133,417.200439453125,202690.421875,50
782,3,8,2,8,2,0.0,0.0,1.0,lc_lc_graph_0782,1.727327585220337,34.62455749511719,562.1304931640625,190381.84375,50
783,3,8,2,8,0,1.0,0.0,0.0,lc_lc_graph_0783,1.6040260791778564,32.49786376953125,341.3746337890625,42941.33203125,50
784,3,8,2,8,1,0.0,1.0,0.0,lc_lc_graph_0784,2.3510398864746094,40.62077713012695,432.15478515625,207326.53125,50
785,3,8,2,8,2,0.0,0.0,1.0,lc_lc_graph_0785,1.8527942895889282,33.51820755004883,464.5195007324219,233807.796875,50
786,3,8,2,8,0,1.0,0.0,0.0,lc_lc_graph_0786,2.844008445739746,31.01416778564453,462.1740417480469,271362.0,50
787,3,8,2,8,1,0.0,1.0,0.0,lc_lc_graph_0787,1.561781406402588,40.82616424560547,275.9002380371094,41668.3515625,50
788,3,8,2,8,2,0.0,0.0,1.0,lc_lc_graph_0788,1.8602421283721924,31.99118423461914,539.326416015625,242685.3125,50
789,3,8,2,8,0,1.0,0.0,0.0,lc_lc_graph_0789,2.0168776512145996,51.685272216796875,616.8871459960938,160208.28125,50
790,3,8,2,8,1,0.0,1.0,0.0,lc_lc_graph_0790,1.5764641761779785,63.70288848876953,542.0205078125,82109.15625,50
791,3,8,2,8,2,0.0,0.0,1.0,lc_lc_graph_0791,1.3342247009277344,38.7058219909668,654.9212036132812,118435.53125,50
792,3,8,2,8,0,1.0,0.0,0.0,lc_lc_graph_0792,1.7124593257904053,31.375036239624023,361.9033203125,83640.859375,50
793,3,8,2,8,1,0.0,1.0,0.0,lc_lc_graph_0793,2.710275173187256,40.19814682006836,395.5967102050781,275563.125,50
794,3,8,2,8,2,0.0,0.0,1.0,lc_lc_graph_0794,2.299553394317627,39.160099029541016,419.4176940917969,345731.34375,50
795,3,8,2,8,0,1.0,0.0,0.0,lc_lc_graph_0795,2.3100972175598145,38.414676666259766,665.2463989257812,197780.703125,50
796,3,8,2,8,1,0.0,1.0,0.0,lc_lc_graph_0796,2.615039348602295,52.762420654296875,520.7817993164062,233657.609375,50
797,3,8,2,8,2,0.0,0.0,1.0,lc_lc_graph_0797,1.495044231414795,34.007442474365234,503.6885681152344,167441.28125,50
798,3,8,2,8,0,1.0,0.0,0.0,lc_lc_graph_0798,3.230025053024292,28.957996368408203,524.7250366210938,357598.0,50
799,3,8,2,8,1,0.0,1.0,0.0,lc_lc_graph_0799,2.318899393081665,53.85396957397461,577.9368896484375,146399.421875,50
800,3,8,2,8,2,0.0,0.0,1.0,lc_lc_graph_0800,1.1511794328689575,32.41212844848633,319.9427185058594,79394.1171875,50
801,3,8,2,8,0,1.0,0.0,0.0,lc_lc_graph_0801,2.0666375160217285,32.025360107421875,493.02886962890625,158522.59375,50
802,3,8,2,8,1,0.0,1.0,0.0,lc_lc_graph_0802,1.8292288780212402,55.771663665771484,597.4265747070312,122527.71875,50
803,3,8,2,8,2,0.0,0.0,1.0,lc_lc_graph_0803,1.5624630451202393,48.46219253540039,668.4027709960938,157397.546875,50
804,3,8,2,8,0,1.0,0.0,0.0,lc_lc_graph_0804,2.589595079421997,36.9965705871582,665.7197265625,236863.09375,50
805,3,8,2,8,1,0.0,1.0,0.0,lc_lc_graph_0805,2.265665054321289,43.71540832519531,424.6060791015625,201570.21875,50
806,3,8,2,8,2,0.0,0.0,1.0,lc_lc_graph_0806,1.7046496868133545,33.762550354003906,474.280029296875,198275.625,50
807,3,8,2,8,0,1.0,0.0,0.0,lc_lc_graph_0807,0.9265376329421997,35.99715042114258,362.02783203125,0.0,50
808,3,8,2,8,1,0.0,1.0,0.0,lc_lc_graph_0808,1.6925158500671387,70.36717224121094,558.561767578125,85277.3515625,50
809,3,8,2,8,2,0.0,0.0,1.0,lc_lc_graph_0809,1.8103991746902466,45.520347595214844,514.471923828125,230363.09375,50
810,3,8,2,8,0,1.0,0.0,0.0,lc_lc_graph_0810,1.4966866970062256,30.311298370361328,361.87646484375,40736.0859375,50
811,3,8,2,8,1,0.0,1.0,0.0,lc_lc_graph_0811,2.5398340225219727,46.17359924316406,412.2217102050781,238392.171875,50
812,3,8,2,8,2,0.0,0.0,1.0,lc_lc_graph_0812,1.470350980758667,34.67892837524414,525.9766845703125,159446.046875,50
813,3,8,2,8,0,1.0,0.0,0.0,lc_lc_graph_0813,1.701181411743164,31.2800350189209,319.70147705078125,77165.78125,50
814,3,8,2,8,1,0.0,1.0,0.0,lc_lc_graph_0814,2.131800651550293,42.286991119384766,396.9234924316406,167744.671875,50
815,3,8,2,8,2,0.0,0.0,1.0,lc_lc_graph_0815,1.6991392374038696,43.482486724853516,658.773193359375,206880.28125,50
816,3,8,2,8,0,1.0,0.0,0.0,lc_lc_graph_0816,1.8650891780853271,45.70967483520508,672.9208984375,124109.8046875,50
817,3,8,2,8,1,0.0,1.0,0.0,lc_lc_graph_0817,2.507978916168213,45.094337463378906,461.67169189453125,203213.90625,50
818,3,8,2,8,2,0.0,0.0,1.0,lc_lc_graph_0818,1.8371429443359375,33.0887451171875,462.2154235839844,243485.078125,50
819,3,8,2,8,0,1.0,0.0,0.0,lc_lc_graph_0819,2.1075313091278076,45.847782135009766,606.9678344726562,164544.65625,50
820,3,8,2,8,1,0.0,1.0,0.0,lc_lc_graph_0820,2.648848056793213,51.718013763427734,517.4105834960938,195376.671875,50
821,3,8,2,8,2,0.0,0.0,1.0,lc_lc_graph_0821,0.9409231543540955,33.04167938232422,351.78515625,42487.3515625,50
822,3,8,2,8,0,1.0,0.0,0.0,lc_lc_graph_0822,1.567676067352295,48.80409622192383,596.511474609375,79346.375,50
823,3,8,2,8,1,0.0,1.0,0.0,lc_lc_graph_0823,0.9338773488998413,42.702735900878906,300.9997863769531,0.0,50
824,3,8,2,8,2,0.0,0.0,1.0,lc_lc_graph_0824,0.9215576648712158,43.50331497192383,571.1741943359375,38960.46484375,50
825,3,8,2,8,0,1.0,0.0,0.0,lc_lc_graph_0825,1.2346183061599731,44.87540054321289,659.2637329101562,37138.94921875,50
826,3,8,2,8,1,0.0,1.0,0.0,lc_lc_graph_0826,1.7585396766662598,51.018367767333984,306.1683044433594,77948.8828125,50
827,3,8,2,8,2,0.0,0.0,1.0,lc_lc_graph_0827,0.9702696204185486,32.215309143066406,295.1972351074219,43757.55078125,50
828,3,8,2,8,0,1.0,0.0,0.0,lc_lc_graph_0828,0.9012577533721924,36.77949142456055,331.0346374511719,0.0,50
829,3,8,2,8,1,0.0,1.0,0.0,lc_lc_graph_0829,2.650015354156494,39.204063415527344,419.4349060058594,247869.734375,50
830,3,8,2,8,2,0.0,0.0,1.0,lc_lc_graph_0830,1.5729433298110962,42.337066650390625,627.7422485351562,163652.875,50
831,3,8,2,8,0,1.0,0.0,0.0,lc_lc_graph_0831,1.8852105140686035,37.33423614501953,535.7349853515625,116841.953125,50
832,3,8,2,8,1,0.0,1.0,0.0,lc_lc_graph_0832,1.875952959060669,54.32701873779297,581.6190185546875,82339.328125,50
833,3,8,2,8,2,0.0,0.0,1.0,lc_lc_graph_0833,1.4525619745254517,46.019287109375,554.9927368164062,172194.71875,50
834,3,8,2,8,0,1.0,0.0,0.0,lc_lc_graph_0834,2.570347547531128,39.897117614746094,687.4229125976562,236658.46875,50
835,3,8,2,8,1,0.0,1.0,0.0,lc_lc_graph_0835,1.80666184425354,36.953041076660156,282.0420837402344,85572.6875,50
836,3,8,2,8,2,0.0,0.0,1.0,lc_lc_graph_0836,1.0018123388290405,40.05681228637695,344.7086486816406,37937.56640625,50
837,3,8,2,8,0,1.0,0.0,0.0,lc_lc_graph_0837,2.3883678913116455,34.994712829589844,573.8514404296875,207250.5,50
838,3,8,2,8,1,0.0,1.0,0.0,lc_lc_graph_0838,2.5903143882751465,38.75979995727539,354.0322570800781,272563.75,50
839,3,8,2,8,2,0.0,0.0,1.0,lc_lc_graph_0839,1.5433306694030762,45.14973831176758,676.7390747070312,160560.53125,50
840,3,8,2,8,0,1.0,0.0,0.0,lc_lc_graph_0840,1.612443208694458,35.109161376953125,293.3895568847656,37671.6875,50
841,3,8,2,8,1,0.0,1.0,0.0,lc_lc_graph_0841,2.100865125656128,46.70147705078125,501.7477111816406,161209.34375,50
842,3,8,2,8,2,0.0,0.0,1.0,lc_lc_graph_0842,0.9310737252235413,44.85709762573242,573.3063354492188,41679.7421875,50
843,3,8,2,8,0,1.0,0.0,0.0,lc_lc_graph_0843,1.9809496402740479,46.721683502197266,662.3771362304688,118398.515625,50
844,3,8,2,8,1,0.0,1.0,0.0,lc_lc_graph_0844,1.8716161251068115,59.55800247192383,482.8710021972656,120241.3125,50
845,3,8,2,8,2,0.0,0.0,1.0,lc_lc_graph_0845,0.9709963798522949,33.016395568847656,356.0710754394531,39516.52734375,50
846,3,8,2,8,0,1.0,0.0,0.0,lc_lc_graph_0846,1.8767876625061035,44.446319580078125,633.212646484375,129505.34375,50
847,3,8,2,8,1,0.0,1.0,0.0,lc_lc_graph_0847,2.3268508911132812,72.27189636230469,536.1599731445312,158646.59375,50
848,3,8,2,8,2,0.0,0.0,1.0,lc_lc_graph_0848,1.6586469411849976,36.24065399169922,504.17718505859375,192178.34375,50
849,3,8,2,8,0,1.0,0.0,0.0,lc_lc_graph_0849,1.626914143562317,37.065757751464844,300.0816345214844,40591.9921875,50
850,3,8,2,8,1,0.0,1.0,0.0,lc_lc_graph_0850,1.6792253255844116,53.19276809692383,316.2421569824219,42834.91796875,50
851,3,8,2,8,2,0.0,0.0,1.0,lc_lc_graph_0851,0.2917780578136444,35.60002899169922,303.9061279296875,0.0,50
852,3,8,2,8,0,1.0,0.0,0.0,lc_lc_graph_0852,1.6201778650283813,27.759178161621094,298.7432556152344,76508.234375,50
853,3,8,2,8,1,0.0,1.0,0.0,lc_lc_graph_0853,2.6383514404296875,64.2485122680664,561.0401611328125,252232.703125,50
854,3,8,2,8,2,0.0,0.0,1.0,lc_lc_graph_0854,1.5009799003601074,35.85786056518555,488.81427001953125,169026.21875,50
855,3,8,2,8,0,1.0,0.0,0.0,lc_lc_graph_0855,2.1710450649261475,48.008094787597656,635.8233032226562,158526.125,50
856,3,8,2,8,1,0.0,1.0,0.0,lc_lc_graph_0856,2.421370029449463,39.1248893737793,490.1575927734375,127584.9375,50
857,3,8,2,8,2,0.0,0.0,1.0,lc_lc_graph_0857,0.9058961868286133,47.25898361206055,629.1907958984375,41040.15234375,50
858,3,8,2,8,0,1.0,0.0,0.0,lc_lc_graph_0858,1.5938459634780884,35.213157653808594,360.7344055175781,39117.48828125,50
859,3,8,2,8,1,0.0,1.0,0.0,lc_lc_graph_0859,2.049048900604248,76.78485107421875,585.47021484375,82422.25,50
860,3,8,2,8,2,0.0,0.0,1.0,lc_lc_graph_0860,1.7459015846252441,35.581504821777344,460.0021667480469,193804.90625,50
861,3,8,2,8,0,1.0,0.0,0.0,lc_lc_graph_0861,2.395357370376587,37.62895584106445,419.6306457519531,217875.25,50
862,3,8,2,8,1,0.0,1.0,0.0,lc_lc_graph_0862,2.5987279415130615,68.38429260253906,570.8668212890625,202235.6875,50
863,3,8,2,8,2,0.0,0.0,1.0,lc_lc_graph_0863,1.049454927444458,35.82013702392578,368.9556884765625,34934.3984375,50
864,3,8,2,8,0,1.0,0.0,0.0,lc_lc_graph_0864,2.0380101203918457,40.185325622558594,701.8087158203125,172910.3125,50
865,3,8,2,8,1,0.0,1.0,0.0,lc_lc_graph_0865,2.238893508911133,68.00837707519531,538.1900634765625,118460.9765625,50
866,3,8,2,8,2,0.0,0.0,1.0,lc_lc_graph_0866,1.1001088619232178,51.914241790771484,618.2434692382812,81413.890625,50
867,3,8,2,8,0,1.0,0.0,0.0,lc_lc_graph_0867,1.5608952045440674,46.700355529785156,629.4647216796875,78770.75,50
868,3,8,2,8,1,0.0,1.0,0.0,lc_lc_graph_0868,1.834153175354004,39.16786193847656,295.4437255859375,72556.453125,50
869,3,8,2,8,2,0.0,0.0,1.0,lc_lc_graph_0869,1.8662481307983398,36.624263763427734,464.11279296875,236957.984375,50
870,3,8,2,8,0,1.0,0.0,0.0,lc_lc_graph_0870,3.566018581390381,33.181312561035156,529.4447631835938,398882.8125,50
871,3,8,2,8,1,0.0,1.0,0.0,lc_lc_graph_0871,2.714649200439453,48.68887710571289,441.10223388671875,203834.90625,50
872,3,8,2,8,2,0.0,0.0,1.0,lc_lc_graph_0872,1.4897488355636597,33.13798522949219,515.0580444335938,163089.28125,50
873,3,8,2,8,0,1.0,0.0,0.0,lc_lc_graph_0873,1.382824182510376,44.366912841796875,612.7864990234375,42516.7421875,50
874,3,8,2,8,1,0.0,1.0,0.0,lc_lc_graph_0874,2.134636402130127,57.59466552734375,575.4225463867188,129309.671875,50
875,3,8,2,8,2,0.0,0.0,1.0,lc_lc_graph_0875,1.9327723979949951,34.81979751586914,545.4213256835938,241494.90625,50
876,3,8,2,8,0,1.0,0.0,0.0,lc_lc_graph_0876,2.5999367237091064,32.16872787475586,580.8492431640625,249826.609375,50
877,3,8,2,8,1,0.0,1.0,0.0,lc_lc_graph_0877,1.643049716949463,55.813541412353516,502.8107604980469,81861.484375,50
878,3,8,2,8,2,0.0,0.0,1.0,lc_lc_graph_0878,1.3182296752929688,36.903377532958984,462.5568542480469,119101.0,50
879,3,8,2,8,0,1.0,0.0,0.0,lc_lc_graph_0879,2.4199440479278564,43.32831573486328,580.4768676757812,194133.03125,50
880,3,8,2,8,1,0.0,1.0,0.0,lc_lc_graph_0880,1.6843880414962769,37.669376373291016,315.999755859375,45252.2890625,50
881,3,8,2,8,2,0.0,0.0,1.0,lc_lc_graph_0881,0.9362789988517761,31.840036392211914,358.0789794921875,39265.71875,50
882,3,8,2,8,0,1.0,0.0,0.0,lc_lc_graph_0882,2.5369110107421875,39.074493408203125,757.2036743164062,235975.09375,50
883,3,8,2,8,1,0.0,1.0,0.0,lc_lc_graph_0883,2.408311605453491,42.58839797973633,383.730224609375,241705.8125,50
884,3,8,2,8,2,0.0,0.0,1.0,lc_lc_graph_0884,1.631056785583496,31.42442512512207,485.8586120605469,215454.796875,50
885,3,8,2,8,0,1.0,0.0,0.0,lc_lc_graph_0885,2.7970240116119385,35.22601318359375,624.2819213867188,269918.4375,50
886,3,8,2,8,1,0.0,1.0,0.0,lc_lc_graph_0886,2.568152904510498,44.703643798828125,626.6049194335938,172371.96875,50
887,3,8,2,8,2,0.0,0.0,1.0,lc_lc_graph_0887,0.9424360990524292,31.849260330200195,353.1181640625,36132.0234375,50
888,3,8,2,8,0,1.0,0.0,0.0,lc_lc_graph_0888,2.074411392211914,37.0688591003418,517.0068359375,161658.109375,50
889,3,8,2,8,1,0.0,1.0,0.0,lc_lc_graph_0889,1.92730712890625,70.36727905273438,538.9140625,126409.46875,50
890,3,8,2,8,2,0.0,0.0,1.0,lc_lc_graph_0890,1.705560564994812,37.49213790893555,526.8729858398438,210502.40625,50
891,3,8,2,8,0,1.0,0.0,0.0,lc_lc_graph_0891,2.6495299339294434,46.290802001953125,532.8598022460938,236899.5625,50
892,3,8,2,8,1,0.0,1.0,0.0,lc_lc_graph_0892,2.60029935836792,49.29914093017578,418.2727966308594,244508.15625,50
893,3,8,2,8,2,0.0,0.0,1.0,lc_lc_graph_0893,1.3949767351150513,52.342681884765625,632.5082397460938,121744.0625,50
894,3,8,2,8,0,1.0,0.0,0.0,lc_lc_graph_0894,1.4368818998336792,51.07807540893555,590.6202392578125,45555.6328125,50
895,3,8,2,8,1,0.0,1.0,0.0,lc_lc_graph_0895,2.931936025619507,39.74099349975586,455.6826171875,282713.125,50
896,3,8,2,8,2,0.0,0.0,1.0,lc_lc_graph_0896,1.5209388732910156,33.96309280395508,522.6795654296875,169726.59375,50
897,3,8,2,8,0,1.0,0.0,0.0,lc_lc_graph_0897,2.088505268096924,38.41893768310547,534.8007202148438,155110.125,50
898,3,8,2,8,1,0.0,1.0,0.0,lc_lc_graph_0898,1.7681760787963867,40.981040954589844,298.2479248046875,83021.28125,50
899,3,8,2,8,2,0.0,0.0,1.0,lc_lc_graph_0899,1.5339198112487793,40.97914505004883,715.1746826171875,162811.875,50
900,3,8,2,8,0,1.0,0.0,0.0,lc_lc_graph_0900,2.147542953491211,43.323585510253906,613.9393310546875,153265.0,50
901,3,8,2,8,1,0.0,1.0,0.0,lc_lc_graph_0901,2.229146718978882,52.12066650390625,553.936767578125,119543.5703125,50
902,3,8,2,8,2,0.0,0.0,1.0,lc_lc_graph_0902,1.5751792192459106,42.315467834472656,572.1568603515625,170110.921875,50
903,3,8,2,8,0,1.0,0.0,0.0,lc_lc_graph_0903,1.7631950378417969,30.883682250976562,390.07232666015625,78843.7109375,50
904,3,8,2,8,1,0.0,1.0,0.0,lc_lc_graph_0904,1.6477737426757812,34.5329475402832,283.65521240234375,81298.1640625,50
905,3,8,2,8,2,0.0,0.0,1.0,lc_lc_graph_0905,1.4988845586776733,33.38957977294922,504.2493896484375,165924.5625,50
906,3,8,2,8,0,1.0,0.0,0.0,lc_lc_graph_0906,2.8526253700256348,33.52827835083008,593.1495361328125,279108.4375,50
907,3,8,2,8,1,0.0,1.0,0.0,lc_lc_graph_0907,2.581648111343384,47.7768440246582,390.1425476074219,320383.625,50
908,3,8,2,8,2,0.0,0.0,1.0,lc_lc_graph_0908,1.08147132396698,44.07611846923828,581.1864624023438,84246.296875,50
909,3,8,2,8,0,1.0,0.0,0.0,lc_lc_graph_0909,2.164425849914551,41.05349349975586,653.8456420898438,168545.5,50
910,3,8,2,8,1,0.0,1.0,0.0,lc_lc_graph_0910,2.1813859939575195,53.14916229248047,553.9526977539062,122441.109375,50
911,3,8,2,8,2,0.0,0.0,1.0,lc_lc_graph_0911,0.24194791913032532,54.176963806152344,592.5306396484375,0.0,50
912,3,8,2,8,0,1.0,0.0,0.0,lc_lc_graph_0912,1.503119707107544,54.223175048828125,590.4412231445312,83966.515625,50
913,3,8,2,8,1,0.0,1.0,0.0,lc_lc_graph_0913,2.325713634490967,55.89888000488281,601.3027954101562,125694.46875,50
914,3,8,2,8,2,0.0,0.0,1.0,lc_lc_graph_0914,1.3594194650650024,40.7184944152832,629.2996215820312,124416.6796875,50
915,3,8,2,8,0,1.0,0.0,0.0,lc_lc_graph_0915,1.4305446147918701,29.22962760925293,341.9864501953125,41856.4140625,50
916,3,8,2,8,1,0.0,1.0,0.0,lc_lc_graph_0916,1.6401853561401367,48.29035568237305,331.9620056152344,41514.2578125,50
917,3,8,2,8,2,0.0,0.0,1.0,lc_lc_graph_0917,1.8436715602874756,37.35741424560547,481.3079528808594,247242.40625,50
918,3,8,2,8,0,1.0,0.0,0.0,lc_lc_graph_0918,2.8565878868103027,40.140377044677734,489.7126770019531,311059.9375,50
919,3,8,2,8,1,0.0,1.0,0.0,lc_lc_graph_0919,2.694852352142334,44.07151412963867,467.6581115722656,206350.34375,50
920,3,8,2,8,2,0.0,0.0,1.0,lc_lc_graph_0920,1.8843657970428467,33.32778549194336,523.8549194335938,238007.34375,50
921,3,8,2,8,0,1.0,0.0,0.0,lc_lc_graph_0921,1.7700008153915405,39.345664978027344,562.0829467773438,118161.4375,50
922,3,8,2,8,1,0.0,1.0,0.0,lc_lc_graph_0922,2.7597742080688477,35.59687805175781,391.1083068847656,269166.75,50
923,3,8,2,8,2,0.0,0.0,1.0,lc_lc_graph_0923,1.855257272720337,44.98081970214844,494.779296875,243811.828125,50
924,3,8,2,8,0,1.0,0.0,0.0,lc_lc_graph_0924,2.973147392272949,33.599098205566406,512.47607421875,292231.5,50
925,3,8,2,8,1,0.0,1.0,0.0,lc_lc_graph_0925,2.6976709365844727,49.33360290527344,398.74462890625,246337.796875,50
926,3,8,2,8,2,0.0,0.0,1.0,lc_lc_graph_0926,1.158308982849121,32.4029426574707,380.2142028808594,82098.171875,50
927,3,8,2,8,0,1.0,0.0,0.0,lc_lc_graph_0927,2.477797031402588,34.44524383544922,517.2574462890625,254240.84375,50
928,3,8,2,8,1,0.0,1.0,0.0,lc_lc_graph_0928,2.298097610473633,47.42731475830078,463.7061462402344,175124.3125,50
929,3,8,2,8,2,0.0,0.0,1.0,lc_lc_graph_0929,0.2803668975830078,35.796974182128906,342.680419921875,0.0,50
930,3,8,2,8,0,1.0,0.0,0.0,lc_lc_graph_0930,3.1603965759277344,36.927860260009766,495.2356262207031,340337.1875,50
931,3,8,2,8,1,0.0,1.0,0.0,lc_lc_graph_0931,2.2071261405944824,55.7681884765625,535.4498291015625,129247.390625,50
932,3,8,2,8,2,0.0,0.0,1.0,lc_lc_graph_0932,1.533554196357727,43.065956115722656,640.7736206054688,158553.328125,50
933,3,8,2,8,0,1.0,0.0,0.0,lc_lc_graph_0933,1.6837122440338135,29.628273010253906,363.2581481933594,75931.0625,50
934,3,8,2,8,1,0.0,1.0,0.0,lc_lc_graph_0934,2.6417837142944336,36.95553207397461,387.4473571777344,282464.125,50
935,3,8,2,8,2,0.0,0.0,1.0,lc_lc_graph_0935,0.9303968548774719,47.06696701049805,584.5158081054688,45671.71875,50
936,3,8,2,8,0,1.0,0.0,0.0,lc_lc_graph_0936,1.4383304119110107,29.903701782226562,336.2317810058594,35566.4296875,50
937,3,8,2,8,1,0.0,1.0,0.0,lc_lc_graph_0937,2.718892812728882,40.996131896972656,362.54351806640625,348034.96875,50
938,3,8,2,8,2,0.0,0.0,1.0,lc_lc_graph_0938,0.9999008178710938,37.90107345581055,349.75048828125,41870.0,50
939,3,8,2,8,0,1.0,0.0,0.0,lc_lc_graph_0939,1.9548193216323853,41.89113235473633,632.7222900390625,156837.8125,50
940,3,8,2,8,1,0.0,1.0,0.0,lc_lc_graph_0940,0.8559151887893677,43.59996795654297,307.7309265136719,0.0,50
941,3,8,2,8,2,0.0,0.0,1.0,lc_lc_graph_0941,2.1745669841766357,43.224090576171875,481.9114685058594,303936.125,50
942,3,8,2,8,0,1.0,0.0,0.0,lc_lc_graph_0942,1.8629223108291626,43.82866287231445,707.5060424804688,117905.4921875,50
943,3,8,2,8,1,0.0,1.0,0.0,lc_lc_graph_0943,2.3777341842651367,35.63870620727539,405.62939453125,197462.109375,50
944,3,8,2,8,2,0.0,0.0,1.0,lc_lc_graph_0944,1.040069818496704,40.68169021606445,306.88568115234375,39203.76953125,50
945,3,8,2,8,0,1.0,0.0,0.0,lc_lc_graph_0945,1.786824345588684,57.81181716918945,611.9410400390625,130330.1015625,50
946,3,8,2,8,1,0.0,1.0,0.0,lc_lc_graph_0946,1.888991355895996,56.398311614990234,570.5184936523438,76024.890625,50
947,3,8,2,8,2,0.0,0.0,1.0,lc_lc_graph_0947,1.7143431901931763,39.611507415771484,483.5634460449219,198695.09375,50
948,3,8,2,8,0,1.0,0.0,0.0,lc_lc_graph_0948,1.8549121618270874,58.30594253540039,638.4220581054688,112956.265625,50
949,3,8,2,8,1,0.0,1.0,0.0,lc_lc_graph_0949,2.075136661529541,55.63194274902344,512.8478393554688,161618.59375,50
950,3,8,2,8,2,0.0,0.0,1.0,lc_lc_graph_0950,1.0994943380355835,57.84874725341797,620.8894653320312,83614.4921875,50
951,3,8,2,8,0,1.0,0.0,0.0,lc_lc_graph_0951,3.227240562438965,41.910484313964844,486.407958984375,349669.21875,50
952,3,8,2,8,1,0.0,1.0,0.0,lc_lc_graph_0952,0.9427846670150757,39.67135238647461,311.9434509277344,0.0,50
953,3,8,2,8,2,0.0,0.0,1.0,lc_lc_graph_0953,1.0959669351577759,61.141109466552734,556.1940307617188,76613.71875,50
954,3,8,2,8,0,1.0,0.0,0.0,lc_lc_graph_0954,2.100818157196045,34.54861068725586,653.2049560546875,168790.203125,50
955,3,8,2,8,1,0.0,1.0,0.0,lc_lc_graph_0955,1.7909740209579468,62.05632019042969,560.4125366210938,126708.8203125,50
956,3,8,2,8,2,0.0,0.0,1.0,lc_lc_graph_0956,0.9389380216598511,30.887216567993164,310.9691162109375,48072.8515625,50
957,3,8,2,8,0,1.0,0.0,0.0,lc_lc_graph_0957,0.9259887933731079,33.47431182861328,363.7458801269531,0.0,50
958,3,8,2,8,1,0.0,1.0,0.0,lc_lc_graph_0958,1.6156601905822754,44.90262222290039,321.04571533203125,37943.9296875,50
959,3,8,2,8,2,0.0,0.0,1.0,lc_lc_graph_0959,2.5216257572174072,43.32013702392578,448.6642150878906,380823.34375,50
960,3,8,2,8,0,1.0,0.0,0.0,lc_lc_graph_0960,2.1402080059051514,40.2461051940918,655.2784423828125,160433.21875,50
961,3,8,2,8,1,0.0,1.0,0.0,lc_lc_graph_0961,2.4985709190368652,52.05891036987305,551.8846435546875,189652.9375,50
962,3,8,2,8,2,0.0,0.0,1.0,lc_lc_graph_0962,1.744710087776184,37.574249267578125,578.5803833007812,189899.921875,50
963,3,8,2,8,0,1.0,0.0,0.0,lc_lc_graph_0963,1.5337791442871094,32.086936950683594,348.0832824707031,39075.9296875,50
964,3,8,2,8,1,0.0,1.0,0.0,lc_lc_graph_0964,2.3844480514526367,44.38645935058594,401.6181335449219,238419.671875,50
965,3,8,2,8,2,0.0,0.0,1.0,lc_lc_graph_0965,2.1917924880981445,35.26164627075195,398.48583984375,315097.4375,50
966,3,8,2,8,0,1.0,0.0,0.0,lc_lc_graph_0966,1.7927088737487793,32.07844161987305,328.2618103027344,79984.390625,50
967,3,8,2,8,1,0.0,1.0,0.0,lc_lc_graph_0967,2.051476240158081,49.28437042236328,415.7740783691406,203537.90625,50
968,3,8,2,8,2,0.0,0.0,1.0,lc_lc_graph_0968,1.1480121612548828,30.21075439453125,363.65667724609375,85172.84375,50
969,3,8,2,8,0,1.0,0.0,0.0,lc_lc_graph_0969,2.719776153564453,30.28266143798828,543.2283325195312,259093.21875,50
970,3,8,2,8,1,0.0,1.0,0.0,lc_lc_graph_0970,2.3448543548583984,43.41880416870117,455.33935546875,151273.96875,50
971,3,8,2,8,2,0.0,0.0,1.0,lc_lc_graph_0971,1.9106898307800293,41.32414245605469,667.3466796875,241271.765625,50
972,3,8,2,8,0,1.0,0.0,0.0,lc_lc_graph_0972,0.8054524660110474,34.67709732055664,366.45001220703125,0.0,50
973,3,8,2,8,1,0.0,1.0,0.0,lc_lc_graph_0973,2.4269907474517822,41.759559631347656,441.411865234375,150864.09375,50
974,3,8,2,8,2,0.0,0.0,1.0,lc_lc_graph_0974,1.3484989404678345,40.101131439208984,636.6994018554688,118623.3828125,50
975,3,8,2,8,0,1.0,0.0,0.0,lc_lc_graph_0975,1.7700413465499878,38.461997985839844,575.57080078125,126761.84375,50
976,3,8,2,8,1,0.0,1.0,0.0,lc_lc_graph_0976,1.5513619184494019,58.43513870239258,549.4080810546875,43626.578125,50
977,3,8,2,8,2,0.0,0.0,1.0,lc_lc_graph_0977,1.3273261785507202,38.552223205566406,520.5364379882812,122653.984375,50
978,3,8,2,8,0,1.0,0.0,0.0,lc_lc_graph_0978,2.100432872772217,41.37213897705078,646.6055908203125,158791.0625,50
979,3,8,2,8,1,0.0,1.0,0.0,lc_lc_graph_0979,3.219771385192871,54.59128952026367,430.0969543457031,356114.9375,50
980,3,8,2,8,2,0.0,0.0,1.0,lc_lc_graph_0980,2.0706496238708496,35.63846969604492,529.1401977539062,267173.03125,50
981,3,8,2,8,0,1.0,0.0,0.0,lc_lc_graph_0981,2.1196017265319824,40.8194465637207,567.5463256835938,127204.53125,50
982,3,8,2,8,1,0.0,1.0,0.0,lc_lc_graph_0982,2.5679917335510254,37.47612762451172,470.5272521972656,155114.75,50
983,3,8,2,8,2,0.0,0.0,1.0,lc_lc_graph_0983,1.1434552669525146,35.017051696777344,381.4801940917969,83270.1328125,50
984,3,8,2,8,0,1.0,0.0,0.0,lc_lc_graph_0984,1.5053085088729858,42.688758850097656,608.7796630859375,83618.9453125,50
985,3,8,2,8,1,0.0,1.0,0.0,lc_lc_graph_0985,2.251643180847168,43.115814208984375,361.5771484375,217562.3125,50
986,3,8,2,8,2,0.0,0.0,1.0,lc_lc_graph_0986,2.1627442836761475,43.5172119140625,449.16064453125,311690.625,50
987,3,8,2,8,0,1.0,0.0,0.0,lc_lc_graph_0987,2.155831813812256,39.27898406982422,673.7357177734375,158805.0,50
988,3,8,2,8,1,0.0,1.0,0.0,lc_lc_graph_0988,0.994436502456665,39.45408630371094,335.4114685058594,0.0,50
989,3,8,2,8,2,0.0,0.0,1.0,lc_lc_graph_0989,2.0120065212249756,34.67399978637695,470.06976318359375,285169.71875,50
990,3,8,2,8,0,1.0,0.0,0.0,lc_lc_graph_0990,2.337427854537964,37.24166488647461,567.6687622070312,198802.90625,50
991,3,8,2,8,1,0.0,1.0,0.0,lc_lc_graph_0991,2.554325819015503,36.47034454345703,424.9914245605469,249378.375,50
992,3,8,2,8,2,0.0,0.0,1.0,lc_lc_graph_0992,1.3036752939224243,51.04922866821289,558.2407836914062,119525.65625,50
993,3,8,2,8,0,1.0,0.0,0.0,lc_lc_graph_0993,1.7638273239135742,57.36940383911133,616.8101806640625,124242.90625,50
994,3,8,2,8,1,0.0,1.0,0.0,lc_lc_graph_0994,1.7193114757537842,52.12862014770508,512.9962768554688,124680.53125,50
995,3,8,2,8,2,0.0,0.0,1.0,lc_lc_graph_0995,1.3386316299438477,35.68206024169922,480.59136962890625,128382.21875,50
996,3,8,2,8,0,1.0,0.0,0.0,lc_lc_graph_0996,1.5601919889450073,41.95393371582031,562.31787109375,77262.40625,50
997,3,8,2,8,1,0.0,1.0,0.0,lc_lc_graph_0997,2.469442844390869,61.586708068847656,529.3861083984375,189297.71875,50
998,3,8,2,8,2,0.0,0.0,1.0,lc_lc_graph_0998,0.8645421266555786,63.108802795410156,554.054443359375,40064.7109375,50
999,3,8,2,8,0,1.0,0.0,0.0,lc_lc_graph_0999,2.290526866912842,32.73747253417969,523.9576416015625,202071.375,50
